index,published,keyword,domain,language,valid,title,description,url,image,archive,content,quote,de,en,la,added
15c12f5401e11afa044476df70d0c964,2026-07-01T15:21:57Z,'tropical depression',www.nhc.noaa.gov,en,0.7,Tropical Depression Four-E Graphics,"Wind Speed Probabilities last updated Wed, 01 Jul 2026 15:21:57 GMT",https://www.nhc.noaa.gov/refresh/graphics_ep4+shtml/152157.shtml?cone,,,"* If the storm is forecast to dissipate within 3 days, the ""Full Forecast"" and ""3 day"" graphic will be identical
Click Here for a 5-day Cone Printer Friendly GraphicHow to use the cone graphic (vide… [+2695 chars]",,"Tropische Depression Four-E-Grafiken. Die Windgeschwindigkeitswahrscheinlichkeiten wurden zuletzt am Mittwoch, den 01. Juli 2026 um 15:21:57 Uhr GMT aktualisiert","Tropical Depression Four-E Graphics. Wind Speed Probabilities last updated Wed, 01 Jul 2026 15:21:57 GMT","Tropical Depressione Quattuor-E Graphics. Ventus Speed ​​Probabilitates renovatio Sat, 01 Jul 2026 15:21:57 GMT",2026-07-03 06:40:04+00:00
01cf8e5fd4c043f3727b57a13a1b7f45,2026-07-02T00:23:11Z,'tropical cyclone',www.scmp.com,en,0.9,Hong Kong issues No 1 typhoon signal on Thursday morning,"This story has been made freely available as a public service to our readers. Please consider supporting SCMP’s journalism by subscribing.
The Hong Kong Observatory issued the No 1 typhoon signal at 7.40am on Thursday as an approaching tropical cyclone moved …",https://www.scmp.com/news/hong-kong/article/3359089/hong-kong-issues-no-1-typhoon-signal-thursday-morning,https://cdn.i-scmp.com/sites/default/files/styles/og_image_scmp_generic/public/d8/images/canvas/2026/07/02/67675ccb-3a81-423d-9421-7ac921a43304_be60794f.jpg?itok=SkIclbgi&v=1782951783,,"This story has been made freely available as a public service to our readers. Please consider supporting SCMPs journalism bysubscribing.
The Hong Kong Observatory issued the No 1 typhoon signal at 7… [+932 chars]",,"Hongkong gibt am Donnerstagmorgen das Taifun-Signal Nr. 1 aus. Diese Geschichte wurde unseren Lesern als öffentlicher Dienst frei zugänglich gemacht. Bitte denken Sie darüber nach, den Journalismus von SCMP durch ein Abonnement zu unterstützen.
Das Hong Kong Observatory gab am Donnerstag um 7.40 Uhr das Taifun-Signal Nr. 1 aus, als sich ein herannahender tropischer Wirbelsturm bewegte …","Hong Kong issues No 1 typhoon signal on Thursday morning. This story has been made freely available as a public service to our readers. Please consider supporting SCMP’s journalism by subscribing.
The Hong Kong Observatory issued the No 1 typhoon signal at 7.40am on Thursday as an approaching tropical cyclone moved …","Hongcongum exit Non 1 typhon signum Iovis mane. Haec fabula gratuito praesto est ut officium publicum legentibus. Vide quaeso diurnarium SCMP suffragare scribendo.
Hong Kong Observatorium edixit No 1 typhonium signum ad 7.40am die Iovis ut appropinquans cyclo tropico movetur.",2026-07-04 06:27:41+00:00
1655f51a7b67274a0fa9da23f849bc4e,2026-07-02T05:39:18Z,'tropical cyclone',skepticalscience.com,en,0.9,Skeptical Science New Research for Week #27 2026,"Open access notables
Warming climate has lengthened global intense tropical cyclone seasons, Liu et al., Nature Communication

Intense tropical cyclones (TCs), which pose serious threats to human life and property, often occur within a short period of time ea…",https://skepticalscience.com/new_research_2026_27.html,https://skepticalscience.com/public/assets/images/og/button_sks_200.jpg,http://web.archive.org/web/20260702082417/https://skepticalscience.com/new_research_2026_27.html,"Posted on 2 July 2026 by Doug Bostrom, Marc Kodack
Open access notables
Warming climate has lengthened global intense tropical cyclone seasons, Liu et al., Nature Communication
Intense tropical cy… [+60313 chars]",,"Neue Forschungsergebnisse von Skeptical Science für Woche Nr. 27 2026. Open-Access-Prominente
Das sich erwärmende Klima hat weltweit die intensiven tropischen Wirbelsturmsaisonen verlängert, Liu et al., Nature Communication

Intensive tropische Wirbelstürme (TCs), die eine ernsthafte Bedrohung für Menschenleben und Eigentum darstellen, treten häufig innerhalb kurzer Zeit auf.","Skeptical Science New Research for Week #27 2026. Open access notables
Warming climate has lengthened global intense tropical cyclone seasons, Liu et al., Nature Communication

Intense tropical cyclones (TCs), which pose serious threats to human life and property, often occur within a short period of time ea…","Scientiae Scepticae Novae Investigationis pro Hebdomada #27 2026. Aperta aditus notabilium
Clima tepidior intensiorem cycli tropici tempora globalem produxit, Liu et al., Natura Communication

Vehemens tropicae cyclones (TCs), quae graves minas ponunt vitae et proprietatis humanae, saepe occurrunt intra breve tempus ea…",2026-07-04 06:27:41+00:00
c1b9339d5cef7f0f0b3b52416f7500bc,2026-07-01T08:36:21Z,'tropical depression',www.nhc.noaa.gov,en,0.7,Tropical Depression Four-E Graphics,,https://www.nhc.noaa.gov/refresh/graphics_ep4+shtml/083621.shtml?cone,,,"* If the storm is forecast to dissipate within 3 days, the ""Full Forecast"" and ""3 day"" graphic will be identical
Click Here for a 5-day Cone Printer Friendly GraphicHow to use the cone graphic (vide… [+2695 chars]",,Tropische Depression Four-E-Grafiken. Keiner,Tropical Depression Four-E Graphics. None,Tropical Depressione Quattuor-E Graphics. Nullus,2026-07-04 10:22:58+00:00
dabc2e314c1868ea262d1201067b008b,2026-07-05T09:03:53Z,'typhoon',www.bbc.co.uk,en,0.9,Evacuations in Guam as super typhoon Bavi approaches,The storm is forecast to bring winds in excess of 160mph and waves nearly 11m high when it makes landfall on Monday.,https://www.bbc.co.uk/news/articles/cr7xpgx50jxo,https://ichef.bbci.co.uk/ace/branded_news/1200/cpsprodpb/5ccc/live/14f8dd50-7840-11f1-a9d9-f754ec615ffe.jpg,http://web.archive.org/web/20260705101824/https://www.bbc.co.uk/news/articles/cr7xpgx50jxo,"Emergency evacuations are taking place in Guam and the Northern Mariana Islands as a super typhoon bears down on the US Pacific territories.
Bavi is forecast to make landfall early on Monday morning… [+1295 chars]",,"Evakuierungen in Guam, da sich der Supertaifun Bavi nähert. Es wird erwartet, dass der Sturm Windgeschwindigkeiten von über 160 Meilen pro Stunde und fast 11 Meter hohe Wellen mit sich bringt, wenn er am Montag auf Land trifft.",Evacuations in Guam as super typhoon Bavi approaches. The storm is forecast to bring winds in excess of 160mph and waves nearly 11m high when it makes landfall on Monday.,Vacationes in Guam sicut super typhonium Bavi accedit. Tempestas praenuntiat ut ventos in excessu 160mphorum et fluctuum 11m altam fere ferant cum lapsus die Lunae facit.,2026-07-07 11:18:35+00:00
41868abd3b23bc181f7447317871be3b,2026-07-02T05:14:40Z,'hurricane season',dailycaller.com,en,0.9,"Strengthening El Niño Suppressing Tropical Development, Officially Puts Atlantic Hurricane Season Behind Schedule","The first month of the 2026 Atlantic hurricane season has come to an end, and so far, there's only been the development of one tropical storm.",https://dailycaller.com/2026/07/02/el-nino-tropical-development-atlantic-hurricane-season/,"https://images.dailycaller.com/image/width=1280,height=549,fit=cover,format=webp,f=auto/https://cdn01.dailycaller.com/wp-content/uploads/2026/07/GettyImages-2281901037-scaled-e1782968878755.jpg",,"The first month of the 2026 Atlantic hurricane season has come to an end, and so far, there’s only been the development of one tropical storm. According to FOX Weather, this officially puts the seaso… [+1478 chars]",,"Durch die Verstärkung von El Niño wird die tropische Entwicklung unterdrückt, wodurch die Hurrikansaison im Atlantik offiziell hinter dem Zeitplan zurückbleibt. Der erste Monat der atlantischen Hurrikansaison 2026 ist zu Ende und bisher hat sich nur ein einziger Tropensturm entwickelt.","Strengthening El Niño Suppressing Tropical Development, Officially Puts Atlantic Hurricane Season Behind Schedule. The first month of the 2026 Atlantic hurricane season has come to an end, and so far, there's only been the development of one tropical storm.","Confortans El Niño Development Tropical omni- bus, Officialiter Ponit Atlanticum Procellae Season Post Schedulam. Primus mensis anni 2026 Atlantici tempestatis tempore finitur, et tantum tantum unius tempestatis tropicae fuit progressio.",2026-07-07 21:38:38+00:00
e74899a26bad84e552814f01d6438d38,2026-07-06T04:00:00Z,'typhoon climate change',www.americanthinker.com,en,0.3,Climate Change Blamed in Heat Waves: Science or Simulation?,"Photo Credit:heat wave illustration
 
 pixabayBy Mark KeenanAs Europe and much of North America endured record heat, headlines quickly appeared claiming that the heat wave was ""virtually impossible"" without human-caused climate change. Really?",https://www.americanthinker.com/articles/2026/07/climate-change-blamed-in-heat-waves-science-or-simulation/,https://images.americanthinker.com/ea/eamwnrxvvqnmbnfgpxli_1200.jpg,http://web.archive.org/web/20260706093809/https://www.americanthinker.com/articles/2026/07/climate-change-blamed-in-heat-waves-science-or-simulation/,"As Europe and much of North America endured record heat in recent days, headlines quickly appeared claiming that the heat wave was ""virtually impossible"" without human-caused climate change.
To many… [+10528 chars]",,"Hitzewellen für den Klimawandel verantwortlich machen: Wissenschaft oder Simulation? Bildnachweis: Hitzewellenillustration
 
 pixabayVon Mark KeenanAls Europa und ein Großteil Nordamerikas Rekordhitze erlebten, tauchten schnell Schlagzeilen auf, in denen behauptet wurde, dass die Hitzewelle ohne den vom Menschen verursachten Klimawandel „praktisch unmöglich“ sei. Wirklich?","Climate Change Blamed in Heat Waves: Science or Simulation?. Photo Credit:heat wave illustration
 
 pixabayBy Mark KeenanAs Europe and much of North America endured record heat, headlines quickly appeared claiming that the heat wave was ""virtually impossible"" without human-caused climate change. Really?","Climate Change Blamed in Heat Waves: Science or Simulation?. Photo Credit: illustrationem fluctus calor
 
 pixabayBy Mark KeenanAs Europa et multa Americae Septentrionalis recorda caloris pertulerunt, headlines cito apparuerunt dicentes aestus fluctum esse ""vire impossibile"" sine mutatione climatis humano. Itane?",2026-07-08 10:30:03+00:00
bc15a71b9edaaa9cdc2ba781be5a4bfa,2026-07-06T07:00:00Z,'typhoon climate change',www.insidehighered.com,en,0.3,"After the ‘Edupocalypse,’ What Next?","After the ‘Edupocalypse,’ What Next?

 


 
sara.custer@in…

Mon, 07/06/2026 - 03:00 AM

The policy changes in the One Big Beautiful Bill Act are just part of the poly-crises hitting higher ed, says legal scholar Peter Lake. He argues the sector could emerge …",https://www.insidehighered.com/news/government/student-aid-policy/2026/07/06/how-legal-scholar-thinks-obbba-will-change-higher-ed,https://www.insidehighered.com/sites/default/files/styles/large/public/2026-07/Reflection_of_college_binoculars.jpg?itok=vfV2W_M2,http://web.archive.org/web/20260706225842/https://www.insidehighered.com/news/government/student-aid-policy/2026/07/06/how-legal-scholar-thinks-obbba-will-change-higher-ed,The One Big Beautiful Bill Act ushered in a raft of policy reforms on July 1 that will change how students pay for college and how degrees are valued. Future graduate students will likely be more rel… [+14350 chars],,"Wie geht es nach der „Edupokalypse“ weiter? Wie geht es nach der „Edupokalypse“ weiter?

 


 
sara.custer@in…

Mo, 07.06.2026 – 03:00 Uhr

Die politischen Änderungen im One Big Beautiful Bill Act sind nur ein Teil der Polykrisen, die die Hochschulen heimsuchen, sagt der Rechtswissenschaftler Peter Lake. Er argumentiert, dass der Sektor entstehen könnte …","After the ‘Edupocalypse,’ What Next?. After the ‘Edupocalypse,’ What Next?

 


 
sara.custer@in…

Mon, 07/06/2026 - 03:00 AM

The policy changes in the One Big Beautiful Bill Act are just part of the poly-crises hitting higher ed, says legal scholar Peter Lake. He argues the sector could emerge …","Post 'Edupocalypse,' Quid deinde?. Post 'Edupocalypse,' Quid deinde?

 


 
sara.custer@in…

Mon, 07/06/2026 - 03:00 AM

Consiliorum mutationes in One Big Speciosa Bill Actus iusta pars poly-crises altiorem edendi percutit, dicit iuris scholaris Petrus Lake. Prouenire arguit sector...",2026-07-08 10:30:03+00:00
9b2a55563469253c65be8ab4b4004956,2026-07-05T16:54:26Z,'hurricane',www.aljazeera.com,en,0.7,Super Typhoon Bavi threatens Guam with catastrophic winds and flooding,The storm system is expected to reach landfall on Monday morning.,https://www.aljazeera.com/news/2026/7/5/super-typhoon-bavi-threatens-guam-with-catastrophic-winds-and-flooding,https://www.aljazeera.com/wp-content/uploads/2026/07/afp_6a4a7e60d2b0-1783266912.jpg?resize=1920%2C1440,http://web.archive.org/web/20260705204955/https://www.aljazeera.com/news/2026/7/5/super-typhoon-bavi-threatens-guam-with-catastrophic-winds-and-flooding,Residents of Guam and the Northern Mariana Islands are moving to emergency shelters and making last-minute preparations before the arrival of a super typhoon expected to batter the United States Paci… [+2903 chars],,Der Supertaifun Bavi bedroht Guam mit katastrophalen Winden und Überschwemmungen. Das Sturmsystem wird voraussichtlich am Montagmorgen das Festland erreichen.,Super Typhoon Bavi threatens Guam with catastrophic winds and flooding. The storm system is expected to reach landfall on Monday morning.,Super Typhoon Bavi Guam ventis calamitosis et inundationibus minatur. Tempestas ratio expectatur ut Lunae mane ad landfall perveniret.,2026-07-08 10:30:03+00:00
a7693c6baf176b4a7bc6077918bf1b82,2026-07-05T19:00:02Z,'hurricane',www.si.com,en,0.7,"Way-Too-Early 2026 Virginia Tech Football Preview and Prediction: Week 12, @ Miami",Virginia Tech's lost its last five games to the Hurricanes.,https://www.si.com/college/virginiatech/football/way-too-early-2026-virginia-tech-football-preview-and-prediction-week-12-miami-01kwnq00vmjp,https://s.yimg.com/os/en/virginia_tech_hokies_on_si_articles_561/dd773f6a3f4fc3cb6863bbfae0447598,http://web.archive.org/web/20260706073623/https://www.si.com/college/virginiatech/football/way-too-early-2026-virginia-tech-football-preview-and-prediction-week-12-miami-01kwnq00vmjp,"Virginia Tech football embarks on its penultimate road test of the season in late November when it travels to Miami Gardens, Fla., to take on perennial ACC power Miami.
While the Hurricanes haven't … [+5734 chars]",,"Viel zu frühe Vorschau und Vorhersage zum Virginia Tech Football 2026: Woche 12, @ Miami. Virginia Tech’s hat seine letzten fünf Spiele gegen die Hurricanes verloren.","Way-Too-Early 2026 Virginia Tech Football Preview and Prediction: Week 12, @ Miami. Virginia Tech's lost its last five games to the Hurricanes.","Way-Too-Early 2026 Virginia Tech Football Preview and Praedictio: Hebdomada 12, @ Miami. Virginia Tech ultimos quinque ludos turbinum amisit.",2026-07-08 10:30:03+00:00
5c47ea87708157b14c07d157ffe0d36e,2026-07-05T22:45:00Z,'hurricane',www.dw.com,en,0.7,Super Typhoon Bavi hits US Pacific islands,"Heavy rains and high winds are battering Guam and the Northern Marianas ahead of the arrival of a ""very dangerous"" storm that could cut power supplies for weeks or months.",https://www.dw.com/en/super-typhoon-bavi-hits-us-pacific-islands/a-77840713,https://static.dw.com/image/77840524_6.jpg,http://web.archive.org/web/20260705225245/https://www.dw.com/en/super-typhoon-bavi-hits-us-pacific-islands/a-77840713,"Super Typhoon Bavi arrived in the US Pacific Island territories of Guam and the Northern Marianas, bringing torrential rains and hurricane-force winds.
According to the National Weather Service, Bav… [+4035 chars]",,"Der Supertaifun Bavi trifft die Pazifikinseln der USA. Heftige Regenfälle und starke Winde verwüsten Guam und die Nördlichen Marianen, bevor ein „sehr gefährlicher“ Sturm eintritt, der die Stromversorgung wochen- oder monatelang unterbrechen könnte.","Super Typhoon Bavi hits US Pacific islands. Heavy rains and high winds are battering Guam and the Northern Marianas ahead of the arrival of a ""very dangerous"" storm that could cut power supplies for weeks or months.","Super Typhoon Bavi US Pacific insulas pervenit. Imbres et venti alti Guam arietant et Marianas Septentrionales antecedunt adventum tempestatis ""periculosissimi"", qui potestatem commeatus per septimanas vel menses incidere potuit.",2026-07-08 10:30:03+00:00
e0fb678f85867b71dbecdb7373a03a48,2026-07-06T07:59:55Z,'hurricane',www.aljazeera.com,en,0.7,Super Typhoon Bavi makes landfall on US Pacific islands,"Local authorities on Rota, part of the Northern Mariana Islands, say they have received reports of 'major damages'.",https://www.aljazeera.com/news/2026/7/6/super-typhoon-bavi-makes-landfall-on-us-pacific-islands,https://www.aljazeera.com/wp-content/uploads/2026/07/AFP__20260706__B9C7766__v1__HighRes__UsMarianaWeatherTyphoon-1783320371.jpg?resize=1920%2C1440,http://web.archive.org/web/20260706115110/https://www.aljazeera.com/news/2026/7/6/super-typhoon-bavi-makes-landfall-on-us-pacific-islands,"A super typhoon has made landfall on United States territorial islands in the western Pacific near Guam, with authorities saying they have received reports of significant damage as powerful winds and… [+1652 chars]",,"Der Supertaifun Bavi trifft auf Inseln im US-Pazifik auf Land. Die örtlichen Behörden auf Rota, einem Teil der Nördlichen Marianen, gaben an, Berichte über „große Schäden“ erhalten zu haben.","Super Typhoon Bavi makes landfall on US Pacific islands. Local authorities on Rota, part of the Northern Mariana Islands, say they have received reports of 'major damages'.","Eximius Typhoon Bavi in ​​US Pacifici insulas lapsus facit. Auctoritates locales de Rota, parte Insularum Marianarum septentrionalium, dicunt se accepisse relationes de damnis maioribus.",2026-07-08 10:30:03+00:00
9b0a83f2f2b6988b6147bc0489533570,2026-07-06T10:30:10Z,'hurricane',earmilk.com,en,0.7,"Hurricane accomplishes exactly that with ""CYCLES""","And that's exactly what Hurricane does with ""CYCLES,"" the first single off his upcoming EP of the same name. The track is a carefully curated blend of soul, R&B, and…",https://earmilk.com/2026/07/06/hurricane-accomplishes-exactly-that-with-cycles/,,,"And that's exactly what Hurricane does with ""CYCLES,"" the first single off his upcoming EP of the same name. The track is a carefully curated blend of soul, R&amp;B, and Afrobeats that speaks of pers… [+1225 chars]",,"Genau das gelingt Hurricane mit „CYCLES“. Und genau das macht Hurricane mit „CYCLES“, der ersten Single seiner kommenden gleichnamigen EP. Der Track ist eine sorgfältig kuratierte Mischung aus Soul, R&B und…","Hurricane accomplishes exactly that with ""CYCLES"". And that's exactly what Hurricane does with ""CYCLES,"" the first single off his upcoming EP of the same name. The track is a carefully curated blend of soul, R&B, and…","Procellae id prorsus efficit cum ""CYCLES"". Et hoc prorsus est quod Procellae cum ""CYCLES"" facit, primum unum eius EP adventus sui nominis. Vestigium est curata mixtio animae, R&B, et…",2026-07-08 10:30:03+00:00
4d72b4780b612d96afff8bda98dfa0ce,2026-07-05T09:40:33Z,'typhoon',www.vanguardngr.com,en,0.9,‘Very dangerous’ super typhoon nears US Pacific Islands,"There were few cars on the roads in Guam on Sunday as heavy rain and strong winds lashed the island.
The post ‘Very dangerous’ super typhoon nears US Pacific Islands appeared first on Vanguard News.",https://www.vanguardngr.com/2026/07/very-dangerous-super-typhoon-nears-us-pacific-islands/,https://cdn.vanguardngr.com/wp-content/uploads/2026/07/super-typhoon-mangkhut-approaching-the-philippines.jpg,http://web.archive.org/web/20260705100924/https://www.vanguardngr.com/2026/07/very-dangerous-super-typhoon-nears-us-pacific-islands/,"People in Guam and the Northern Marianas moved to emergency evacuation centers and made last-minute preparations on Sunday, hours before a “super typhoon” was projected to bulldoze through the US Pac… [+4163 chars]",,"„Sehr gefährlicher“ Supertaifun nähert sich den US-Pazifikinseln. Am Sonntag waren in Guam nur wenige Autos auf den Straßen unterwegs, da heftiger Regen und starke Winde über die Insel fegten.
Der Beitrag „Sehr gefährlicher“ Supertaifun nähert sich den Pazifikinseln der USA erschien zuerst auf Vanguard News.","‘Very dangerous’ super typhoon nears US Pacific Islands. There were few cars on the roads in Guam on Sunday as heavy rain and strong winds lashed the island.
The post ‘Very dangerous’ super typhoon nears US Pacific Islands appeared first on Vanguard News.","Item periculosum est super typhoon insulae Pacificae US appropinquat. Pauci currus in viis Guam die Dominico tam graves pluviae et venti validi insulam verberabant.
Posts 'periculosum' super typhonium prope US insulas Pacificas primum in Vanguard News apparuit.",2026-07-08 10:30:03+00:00
44372ab8b8128f85b441d4a70196dff2,2026-07-05T11:07:47Z,'typhoon',timesofmalta.com,en,0.9,'Very dangerous' super typhoon nears US Pacific islands,People moved to emergency evacuation centres ahead of forecast of winds up to 260 km/h,https://timesofmalta.com/article/very-dangerous-super-typhoon-nears-us-pacific-islands.1130948,https://cdn-attachments.timesofmalta.com/45cff85ca38a80bf21f02809721731951f986dca-1783243610-a007041a-1200x630.png,http://web.archive.org/web/20260706014134/https://timesofmalta.com/article/very-dangerous-super-typhoon-nears-us-pacific-islands.1130948,"People in Guam and the Northern Marianas moved to emergency evacuation centers and made last-minute preparations on Sunday, hours before a ""super typhoon"" was projected to bulldoze through the US Pac… [+4167 chars]",,"„Sehr gefährlicher“ Supertaifun nähert sich Pazifikinseln in den USA. Die Menschen zogen in Not-Evakuierungszentren, bevor Windgeschwindigkeiten von bis zu 260 km/h vorhergesagt wurden",'Very dangerous' super typhoon nears US Pacific islands. People moved to emergency evacuation centres ahead of forecast of winds up to 260 km/h,"""Periculosum"" super typhoon appropinquat insulis Pacificis US. Homines ad subitis evacuatione centra praenuntientur ventorum usque ad CCLX km / h *",2026-07-08 10:30:03+00:00
454f8aa8711ba46747054f44d59a72b2,2026-07-05T16:19:01Z,'hurricane',www.rte.ie,en,0.9,'Very dangerous' super typhoon nears US Pacific islands,"Howling winds and lashing rains battered Guam and the Northern Marianas today, hours before the projected arrival of a ""super typhoon"" with equivalent force to a category-5 hurricane over the US Pacific territories.",https://www.rte.ie/news/2026/0705/1581882-super-typhoon-bavi/,https://www.rte.ie/images/0024a4cc-1600.jpg,http://web.archive.org/web/20260705175219/https://www.rte.ie/news/2026/0705/1581882-super-typhoon-bavi/,"Howling winds and lashing rains battered Guam and the Northern Marianas today, hours before the projected arrival of a ""super typhoon"" with equivalent force to a category-5 hurricane over the US Paci… [+3499 chars]",,"„Sehr gefährlicher“ Supertaifun nähert sich Pazifikinseln in den USA. Heulende Winde und heftige Regenfälle haben Guam und die Nördlichen Marianen heute heimgesucht, Stunden bevor ein „Super-Taifun“ mit der Stärke eines Hurrikans der Kategorie 5 über den US-Pazifikgebieten eintreffen wird.","'Very dangerous' super typhoon nears US Pacific islands. Howling winds and lashing rains battered Guam and the Northern Marianas today, hours before the projected arrival of a ""super typhoon"" with equivalent force to a category-5 hurricane over the US Pacific territories.","""Periculosum"" super typhoon appropinquat insulis Pacificis US. Ventos ululantes et imbres verberantes Guam et Marianas septentrionales hodie, horis ante adventum projecti ""super typhonium"" cum aequivalente vi categoriae 5 turbo super US Pacifici fines.",2026-07-08 10:30:03+00:00
9a4164eb8ff09ad825da93a480fefa12,2026-07-05T23:19:25Z,'hurricane season',biztoc.com,en,0.9,Tracking The Caribbean Super Yacht Migration,"Tracking The Caribbean Super Yacht Migration 
 
The superyacht season across the Caribbean and the Gulf of America has shifted into the off-season, with hurricane season now roughly a month in. As tropical activity risks rise across the Atlantic basin, some o…",https://biztoc.com/x/06b788af51184357,https://biztoc.com/cdn/06b788af51184357_s.webp,,"Tracking The Caribbean Super Yacht Migration 
The superyacht season across the Caribbean and the Gulf of America has shifted into the off-season, with hurricane season now roughly a month in. As tro… [+147 chars]",,"Verfolgung der karibischen Superyacht-Migration. Verfolgung der karibischen Superyacht-Migration 
 
Die Superyacht-Saison in der Karibik und im Golf von Amerika ist in die Nebensaison übergegangen, und die Hurrikan-Saison ist nun etwa einen Monat her. Da die Gefahr tropischer Aktivitäten im gesamten Atlantikbecken zunimmt, sind einige …","Tracking The Caribbean Super Yacht Migration. Tracking The Caribbean Super Yacht Migration 
 
The superyacht season across the Caribbean and the Gulf of America has shifted into the off-season, with hurricane season now roughly a month in. As tropical activity risks rise across the Atlantic basin, some o…","Caribbean Super Yacht Donec adipiscing. Caribbean Super Yacht Donec adipiscing 
 
Superyacht tempus trans Caribbeum et Sinus Americam in extemporalitatem movit, tempestatum nunc fere per unum mensem. Actio tropica periculum subit per Oceanum Atlanticum, quidam o…",2026-07-08 10:30:03+00:00
7913578f78daccb768a217230b4f8fa9,2026-07-06T02:03:07Z,'hurricane',economictimes.indiatimes.com,en,0.9,'Major' damage as Super Typhoon Bavi hits US island of Rota,"A ""super typhoon"" with equivalent force to a category-five hurricane tore through the US island of Rota in the Pacific on Monday, with authorities saying they had received reports of ""major"" damage. Local authorities on the small island -- the southernmost pa…",https://economictimes.indiatimes.com/news/international/world-news/major-damage-as-super-typhoon-bavi-hits-us-island-of-rota/articleshow/132205513.cms,"https://img.etimg.com/thumb/msid-132205523,width-1200,height-630,imgsize-270230,overlay-economictimes/articleshow.jpg",,"A ""super typhoon"" with equivalent force to a category-five hurricane tore through the US island of Rota in the Pacific on Monday, with authorities saying they had received reports of ""major"" damage.T… [+4382 chars]",,"„Großer“ Schaden, als Supertaifun Bavi die US-Insel Rota trifft. Ein „Supertaifun“ mit der Stärke eines Hurrikans der Kategorie fünf fegte am Montag über die US-Insel Rota im Pazifik hinweg. Die Behörden sagten, sie hätten Berichte über „große“ Schäden erhalten. Lokale Behörden auf der kleinen Insel – dem südlichsten Teil …","'Major' damage as Super Typhoon Bavi hits US island of Rota. A ""super typhoon"" with equivalent force to a category-five hurricane tore through the US island of Rota in the Pacific on Monday, with authorities saying they had received reports of ""major"" damage. Local authorities on the small island -- the southernmost pa…","""Major"" damnum quod Super Typhoon Bavi US insulam Rotae pervenit. ""Super typhoon"" cum aequivalente vi categoriae quinque turbinum per Insulam Rotam in Pacifico die Lunae US discidit, cum auctoritatibus dicentes se relationes ""maioris"" damni accepisse. Auctoritates locales in insula parva - meridionalis pa…",2026-07-08 10:30:03+00:00
b44cd8f5af49b3a0e326081c249b035e,2026-07-06T02:55:46Z,'hurricane evacuation',post.rlsbb.cc,en,0.9,In the Eye of the Storm S04E02 1080p DISC WEB-DL H264-RAWR,"Season 4, Episode 02 – ""That Cars Flying""As Hurricane Idalia makes landfall along Florida's Gulf Coast, evacuation holdouts face a 12-foot storm surge and 125 mph winds. The once-in-a-generation storm devastates inland structures and overturns rush-hour traff…",https://post.rlsbb.cc/in-the-eye-of-the-storm-s04e02-1080p-disc-web-dl-h264-rawr/,,,"Season 4, Episode 02 “That Cars Flying”As Hurricane Idalia makes landfall along Florida’s Gulf Coast, evacuation holdouts face a 12-foot storm surge and 125 mph winds. The once-in-a-generation storm … [+753 chars]",,"Im Auge des Sturms S04E02 1080p DISC WEB-DL H264-RAWR. Staffel 4, Folge 02 – „That Cars Flying“ Als Hurrikan Idalia an der Golfküste Floridas auf Land trifft, sind Evakuierungsverweigerer mit einer 12 Fuß hohen Sturmflut und Windgeschwindigkeiten von 125 Meilen pro Stunde konfrontiert. Der einmalige Sturm verwüstet Gebäude im Landesinneren und bringt den Verkehr zur Hauptverkehrszeit zum Erliegen …","In the Eye of the Storm S04E02 1080p DISC WEB-DL H264-RAWR. Season 4, Episode 02 – ""That Cars Flying""As Hurricane Idalia makes landfall along Florida's Gulf Coast, evacuation holdouts face a 12-foot storm surge and 125 mph winds. The once-in-a-generation storm devastates inland structures and overturns rush-hour traff…","In oculo tempestatis S04E02 1080p DISC VUL-DL H264-RAWR. Temporum 4, Episode 02 - ""Cars Volans"" Procellae Idaliae lapsus per sinum oram Floridae facit, evacuatio custodias per 12-pedes impetus fluctuum et 125 mph ventos facit. Semel in generatione tempestas interiores structuras vastat et ruunt horae commercium evertit.",2026-07-08 10:30:03+00:00
4d74fec725739ec61ea2cfbf9df895e4,2026-07-06T03:25:05Z,'hurricane',post.rlsbb.to,en,0.9,In the Eye of the Storm S04E02 1080p DISC WEB-DL H264-RAWR,"Season 4, Episode 02 – “That Cars Flying”As Hurricane Idalia makes landfall along Florida’s Gulf Coast, evacuation holdouts face a 12-foot storm surge and 125 mph winds. The once-in-a-generation storm devastates inland structures and overturns rush-hour traff…",https://post.rlsbb.to/in-the-eye-of-the-storm-s04e02-1080p-disc-web-dl-h264-rawr/,,,"Season 4, Episode 02 “That Cars Flying”As Hurricane Idalia makes landfall along Florida’s Gulf Coast, evacuation holdouts face a 12-foot storm surge and 125 mph winds. The once-in-a-generation storm … [+753 chars]",,"Im Auge des Sturms S04E02 1080p DISC WEB-DL H264-RAWR. Staffel 4, Folge 02 – „That Cars Flying“ Als Hurrikan Idalia an der Golfküste Floridas auf Land trifft, sind Evakuierungsverweigerer einer 12 Fuß hohen Sturmflut und Windgeschwindigkeiten von 125 Meilen pro Stunde ausgesetzt. Der einmalige Sturm verwüstet Gebäude im Landesinneren und bringt den Verkehr zur Hauptverkehrszeit zum Erliegen …","In the Eye of the Storm S04E02 1080p DISC WEB-DL H264-RAWR. Season 4, Episode 02 – “That Cars Flying”As Hurricane Idalia makes landfall along Florida’s Gulf Coast, evacuation holdouts face a 12-foot storm surge and 125 mph winds. The once-in-a-generation storm devastates inland structures and overturns rush-hour traff…","In oculo tempestatis S04E02 1080p DISC VUL-DL H264-RAWR. Season 4, Episode 02 - ""Quod Cars Flying"" Ut Hurricane Idalia terram in litore maris Floridae facit, evacuatio holdouts faciem facit 12-pedum impetus tempestatis et 125 mph ventos. Semel in generatione tempestas interiores structuras vastat et ruunt horae commercium evertit.",2026-07-08 10:30:03+00:00
e2b7c49ce2de6c061124566b5b801d79,2026-07-01T05:02:45Z,'hurricane',www.insurancejournal.com,en,0.9,"The Lull Before the Storms: Businesses Should Test Hurricane Plans, Panel Says","The 2026 hurricane season may turn out to be a quiet one, as predicted by long-range forecasts this year. But that only means that businesses should have more time to review and rehearse their emergency plans before the next storm …",https://www.insurancejournal.com/news/southeast/2026/07/01/875871.htm,https://www.insurancejournal.com/app/uploads/2026/06/Hurricane-Depositphotos.jpg,http://web.archive.org/web/20260702073328/https://www.insurancejournal.com/news/southeast/2026/07/01/875871.htm,"The 2026 hurricane season may turn out to be a quiet one, as predicted by long-range forecasts this year. But that only means that businesses should have more time to review and rehearse their emerge… [+3896 chars]",,"Die Ruhe vor den Stürmen: Unternehmen sollten Hurrikanpläne testen, sagt das Gremium. Die Hurrikansaison 2026 könnte ruhig verlaufen, wie die langfristigen Prognosen für dieses Jahr vorhersehen. Das bedeutet aber nur, dass Unternehmen mehr Zeit haben sollten, ihre Notfallpläne vor dem nächsten Sturm zu überprüfen und zu proben …","The Lull Before the Storms: Businesses Should Test Hurricane Plans, Panel Says. The 2026 hurricane season may turn out to be a quiet one, as predicted by long-range forecasts this year. But that only means that businesses should have more time to review and rehearse their emergency plans before the next storm …","Lull Ante Tempestates: Negotiis probare Procellae consilia, Panel ait. Tempus procellae 2026 evenire potest ut quietum sit, ut praedictum est per longi temporis praenuntiationes hoc anno. Sed id solum significat negotia tempus plus habere debere consilia recensendi et recensendi subitis consiliis ante proximam tempestatem...",2026-07-09 06:53:23+00:00
a162cd08474f25cf8742763a7b2bf920,2026-07-03T09:21:47Z,'tropical cyclone',www.nhc.noaa.gov,en,0.7,Post-Tropical Cyclone Douglas Graphics,"Wind Speed Probabilities last updated Fri, 03 Jul 2026 09:21:47 GMT",https://www.nhc.noaa.gov/refresh/graphics_ep4+shtml/092147.shtml?cone,,,"* If the storm is forecast to dissipate within 3 days, the ""Full Forecast"" and ""3 day"" graphic will be identical
Click Here for a 5-day Cone Printer Friendly GraphicHow to use the cone graphic (vide… [+2695 chars]",,"Posttropische Zyklon Douglas-Grafiken. Die Windgeschwindigkeitswahrscheinlichkeiten wurden zuletzt am Freitag, den 03. Juli 2026 um 09:21:47 Uhr GMT aktualisiert","Post-Tropical Cyclone Douglas Graphics. Wind Speed Probabilities last updated Fri, 03 Jul 2026 09:21:47 GMT","Cyclone Tropical Douglas Graphics. Ventus Speed ​​Probabilitates renovatio Fri, 03 Jul 2026 09:21:47 GMT",2026-07-09 21:40:23+00:00
ba19f7455ac3a00f5302993557c3b49c,2026-07-05T22:18:33Z,'tropical cyclone',abcnews.com,en,0.7,Fierce winds hit US Pacific territories as Super Typhoon Bavi nears Guam,U.S. territories in the western Pacific prepare for storm's landfall Monday.,https://abcnews.com/US/wireStory/fierce-winds-hit-us-pacific-territories-super-typhoon-134503010,https://i.abcnewsfe.com/a/badf4606-1076-4458-b3ea-85f089a639ab/wirestory_c82629ede1d7a62b7a2e4d9676a5a173_16x9.jpg?w=1600,http://web.archive.org/web/20260705230835/https://abcnews.com/US/wireStory/fierce-winds-hit-us-pacific-territories-super-typhoon-134503010,"Residents of Guam and surrounding U.S. island territories in the western Pacific were urged to take shelter as Super Typhoon Bavi was expected to make landfall early Monday, threatening an area still… [+2286 chars]",,"Heftige Winde treffen auf US-Pazifikgebiete, als sich der Supertaifun Bavi Guam nähert. US-Territorien im Westpazifik bereiten sich auf die Landung des Sturms am Montag vor.",Fierce winds hit US Pacific territories as Super Typhoon Bavi nears Guam. U.S. territories in the western Pacific prepare for storm's landfall Monday.,Venti feri US Pacifici fines attingunt sicut Super Typhoon Bavi Guam appropinquat. US territoria in Pacifico occidentali occidentales traham Diei tempestatis parant.,2026-07-09 21:40:23+00:00
e2e0b8e2b50df154075fe2749505ea3c,2026-07-05T22:48:29Z,'tropical cyclone',www.huffpost.com,en,0.7,"Super Typhoon Bavi Threatens Guam, Surrounding U.S. Island Territories","The storm poses an “imminent danger to life,” National Weather Service meteorologist Edwin Montvila said.",https://www.huffpost.com/entry/super-typhoon-bavi-guam-us-territories_n_6a4add20e4b001e08fc6b43b,https://img.huffingtonpost.com/asset/6a4add211a0000921ca78f53.jpeg?cache=NqWRDv16AG&ops=1200_630,http://web.archive.org/web/20260705233436/https://www.huffpost.com/entry/super-typhoon-bavi-guam-us-territories_n_6a4add20e4b001e08fc6b43b,"Residents of Guam and surrounding U.S. island territories in the western Pacific were urged to take shelter as Super Typhoon Bavi was expected to make landfall early Monday, threatening an area still… [+2400 chars]",,"Der Supertaifun Bavi bedroht Guam und die umliegenden US-Inselgebiete. Der Sturm stelle eine „unmittelbare Lebensgefahr“ dar, sagte der Meteorologe des National Weather Service, Edwin Montvila.","Super Typhoon Bavi Threatens Guam, Surrounding U.S. Island Territories. The storm poses an “imminent danger to life,” National Weather Service meteorologist Edwin Montvila said.","Super Typhoon Bavi Threatens Guam, circa Territoria Islandia Americae. Procella ponit ""periculum vitae imminens"" Nationalis Service Tempestatis astrologus Edwin Montvila dixit.",2026-07-09 21:40:23+00:00
d0eaddf9bdacd74081c162473dffd33f,2026-07-03T01:47:11Z,'tropical cyclone',www.yahoo.com,en,0.9,Possible super typhoon threatens US Pacific territories still recovering from last storm,"Residents of U.S. territories in the western Pacific were bracing Friday for a possible super typhoon, just months after the region was hit by the strongest...",https://www.yahoo.com/news/weather-news/articles/possible-super-typhoon-threatens-us-014711369.html,https://s.yimg.com/lo/mysterio/api/4d97764ae7bd3dc87dfb99c7e610fa7a478707afa313b0b60534dc2368924e88/lightyear_networkapi/resizefill_w1200;quality_80;format_webp/https:%2F%2Fmedia.zenfs.com%2Fen%2Fap.org%2Fc909210244d891704f06bb4c8e4ab092,http://web.archive.org/web/20260703023333/https://www.yahoo.com/news/weather-news/articles/possible-super-typhoon-threatens-us-014711369.html,"HONOLULU (AP) Residents of U.S. territories in the western Pacific were bracing Friday for a possible super typhoon, just months after the region was hit by the strongest tropical cyclone on Earth th… [+2933 chars]",,"Ein möglicher Supertaifun bedroht die US-Pazifikgebiete, die sich noch vom letzten Sturm erholen. Bewohner der US-Territorien im Westpazifik bereiteten sich am Freitag auf einen möglichen Supertaifun vor, nur wenige Monate nachdem die Region von der stärksten...","Possible super typhoon threatens US Pacific territories still recovering from last storm. Residents of U.S. territories in the western Pacific were bracing Friday for a possible super typhoon, just months after the region was hit by the strongest...","Potest super typhonium fines Pacifici US adhuc ab ultima tempestate recuperare minatur. Residentes in territoriis Americae occidentalis in Pacifico prehendentes Veneris die possibili super typhonium, mensibus proximis postquam regio a fortissimis percussa est...",2026-07-09 21:40:23+00:00
91fd913b122e75c180ccb055ea522c9d,2026-07-03T06:34:10Z,'tropical cyclone',abcnews.com,en,0.9,Possible super typhoon threatens US Pacific territories still recovering from last storm,"Residents of U.S. territories in the western Pacific are bracing for a possible super typhoon, just months after the region was hit by the strongest tropical cyclone on Earth this year",https://abcnews.com/US/wireStory/super-typhoon-threatens-us-pacific-territories-recovering-storm-134430861,https://i.abcnewsfe.com/a/4f9c33d8-bbc9-45b2-8a04-9164847dfcb1/wirestory_94afc1b3935c4fadacff5bf7bf16c74e_16x9.jpg?w=1600,http://web.archive.org/web/20260704030930/https://abcnews.com/US/wireStory/super-typhoon-threatens-us-pacific-territories-recovering-storm-134430861,"HONOLULU -- Residents of U.S. territories in the western Pacific were bracing Friday for a possible super typhoon, just months after the region was hit by the strongest tropical cyclone on Earth this… [+2913 chars]",,"Ein möglicher Supertaifun bedroht die US-Pazifikgebiete, die sich noch vom letzten Sturm erholen. Die Bewohner der US-Territorien im Westpazifik bereiten sich auf einen möglichen Supertaifun vor, nur wenige Monate nachdem die Region in diesem Jahr vom stärksten tropischen Wirbelsturm der Erde heimgesucht wurde","Possible super typhoon threatens US Pacific territories still recovering from last storm. Residents of U.S. territories in the western Pacific are bracing for a possible super typhoon, just months after the region was hit by the strongest tropical cyclone on Earth this year","Potest super typhonium fines Pacifici US adhuc ab ultima tempestate recuperare minatur. Regiones Americae in Pacifici occidentali habitantes comprehendentes super typhonium possibilem sunt, mensibus proximis post regionem a validissimo cyclone tropico in Terra hoc anno ictus est.",2026-07-09 21:40:23+00:00
b40c208611b4a43296d77885aba0a580,2026-07-06T09:34:38Z,'tropical cyclone',www.channelnewsasia.com,en,0.9,China's Nanning on top alert as Typhoon Maysak triggers catastrophic flooding,"Maysak made landfall in the southern island province of Hainan last Friday (Jul 3), the first tropical cyclone to reach the Chinese mainland this year.",https://www.channelnewsasia.com/east-asia/china-nanning-typhoon-maysak-flooding-heavy-rain-6234701,"https://dam.mediacorp.sg/image/upload/s--vj8eVf5c--/c_crop,h_505,w_897,x_1,y_476/c_fill,g_auto,h_676,w_1200/fl_relative,g_south_east,l_mediacorp:cna:watermark:2024-04:reuters_1,w_0.1/f_auto,q_auto/v1/mediacorp/cna/image/2026/07/06/2026-07-06t061022z_105259638_rc258mak8bl4_rtrmadp_3_asia-weather-china.jpg?itok=A-ulD6ze",http://web.archive.org/web/20260707020724/https://www.channelnewsasia.com/east-asia/china-nanning-typhoon-maysak-flooding-heavy-rain-6234701,"China, the world's second-largest economy, faces growing threats from extreme weather, which meteorologists link to climate change. 
Analysts say weather-related risks each year stand to wipe out te… [+1043 chars]",,"Chinas Nanning ist in höchster Alarmbereitschaft, da Taifun Maysak katastrophale Überschwemmungen auslöst. Maysak traf am vergangenen Freitag (3. Juli) in der südlichen Inselprovinz Hainan auf Land und war damit der erste tropische Wirbelsturm, der in diesem Jahr das chinesische Festland erreichte.","China's Nanning on top alert as Typhoon Maysak triggers catastrophic flooding. Maysak made landfall in the southern island province of Hainan last Friday (Jul 3), the first tropical cyclone to reach the Chinese mainland this year.","Sinarum Nanning in summo vigilabat ut Typhoon Maysak triggers catastrophicas inundationes. Maysak lapsus in insula meridionali provinciae Hainanae proxime Veneris (Iul 3), primus cyclus tropicus ad continentem Sinensem hoc anno pervenit.",2026-07-09 21:40:23+00:00
4b33ce766876fbd8b2fe4418bbb41007,2026-07-08T04:57:47Z,'tropical cyclone',www.thehindubusinessline.com,en,0.9,"Monsoon Update: Heavy rainfall alert for hills of West Bengal, Sikkim","Monstrous Pacific typhoon Bavi pulls at monsoon’s strings, redraws rainfall map; Heavy to very heavy rainfall, with isolated spells of extremely heavy rain, is forecast over the hills of West Bengal and Sikkim for today (Wednesday)",https://www.thehindubusinessline.com/economy/agri-business/monsoon-update-heavy-rainfall-alert-for-hills-of-west-bengal-sikkim/article71196574.ece,https://bl-i.thgim.com/public/incoming/2si1nv/article71196571.ece/alternates/LANDSCAPE_1200/MonsnJuly8am.jpg,,"The immense circulation of West Pacific Typhoon Bavi is beginning to leave its imprint thousands of kilometres away over the Indian subcontinent, temporarily diverting the monsoon flows as the two tr… [+3519 chars]",,"Monsun-Update: Starkregenwarnung für Hügel von Westbengalen, Sikkim. Der monströse Taifun Bavi im Pazifik zerrt an den Fäden des Monsuns und zeichnet die Niederschlagskarte neu; Für heute (Mittwoch) werden über den Hügeln von Westbengalen und Sikkim starke bis sehr starke Regenfälle mit vereinzelten extrem starken Regenfällen vorhergesagt.","Monsoon Update: Heavy rainfall alert for hills of West Bengal, Sikkim. Monstrous Pacific typhoon Bavi pulls at monsoon’s strings, redraws rainfall map; Heavy to very heavy rainfall, with isolated spells of extremely heavy rain, is forecast over the hills of West Bengal and Sikkim for today (Wednesday)","Monsoon Update: Gravis pluviae vigilantes ad colles Bengalae occidentalis, Sikkim. Monstrous Pacific typhon Bavi chordas monsoon trahit, tabula pluuia redraws; Gravis pluviis gravissimis, cum solitariis carminibus perquam gravibus pluviae, praecognoscet super colles Bengalae occidentalis et Sikkim hodie (Wednesday)",2026-07-09 21:40:23+00:00
c2c752ef133ce318619971f4aa105eb5,2026-07-08T08:30:00Z,'typhoon',grist.org,en,0.9,Another super typhoon just pummeled the Pacific,Thousands still lacked power from April's storm when Super Typhoon Bavi slammed into the Marianas this week.,https://grist.org/extreme-weather/another-super-typhoon-just-pummeled-the-pacific/,https://grist.org/wp-content/uploads/2026/07/PHOTO-2026-07-07-18-33-24.jpg?quality=75&strip=all,,"When a 150-mph cyclone hit the Mariana Islands in mid-April, federal officials handed out more than 1,400 tents and 1,100 temporary roofs to help families with damaged or destroyed homes. Last week, … [+5236 chars]",,"Ein weiterer Supertaifun hat gerade den Pazifik heimgesucht. Tausenden Menschen mangelte es noch immer an der Kraft des Sturms im April, als der Super-Taifun Bavi diese Woche über die Marianen raste.",Another super typhoon just pummeled the Pacific. Thousands still lacked power from April's storm when Super Typhoon Bavi slammed into the Marianas this week.,Alius eximius typhonus Pacificum solum iactabat. Milia adhuc potentia ab Aprilis tempestate defuerunt cum Super Typhoon Bavi hac septimana in Marianas impulit.,2026-07-09 21:40:23+00:00
6161c6aa45ca20b32d8752e908d84722,2026-07-07T01:27:33Z,veryUnusualAndNeverUsedKeyword,www.channelnewsasia.com,en,0.7,Storms kill at least eight in central China as Typhoon Bavi looms offshore,"BEIJING: At least eight people were killed after thunderstorms battered central China's Hubei Province, state media said on Tuesday (Jul 7), as forecasters warned of more torrential rain across various pa",https://www.channelnewsasia.com/east-asia/china-storms-dead-hubei-guangxi-typhoon-bavi-6236716,"https://dam.mediacorp.sg/image/upload/s--DOnELQcX--/c_crop,h_900,w_1600,x_0,y_15/c_fill,g_auto,h_676,w_1200/fl_relative,g_south_east,l_mediacorp:cna:watermark:2024-04:reuters_1,w_0.1/f_auto,q_auto/v1/mediacorp/cna/image/2026/07/01/2026-06-08t083940z_683439900_rc2gplaikhda_rtrmadp_3_northkorea-china.jpg?itok=UGyGsAKd",,"BEIJING: At least eight people were killed after thunderstorms battered central China's Hubei Province, state media said on Tuesday (Jul 7), as forecasters warned of more torrential rain across vario… [+1264 chars]",,"Stürme töten in Zentralchina mindestens acht Menschen, während der Taifun Bavi vor der Küste droht. PEKING: Mindestens acht Menschen wurden getötet, nachdem Gewitter die zentralchinesische Provinz Hubei heimgesucht hatten, teilten staatliche Medien am Dienstag (7. Juli) mit, als Prognostiker vor weiteren sintflutartigen Regenfällen in verschiedenen Regionen warnten","Storms kill at least eight in central China as Typhoon Bavi looms offshore. BEIJING: At least eight people were killed after thunderstorms battered central China's Hubei Province, state media said on Tuesday (Jul 7), as forecasters warned of more torrential rain across various pa","Tempestates saltem octo in Sinis centralibus occidunt sicut Typhoon Bavi in ​​litore imminet. BEIJING: Saltem octo homines occisi sunt postquam tonitribus concussis provincia Hubei centralis Sinarum, media publica die Martis (Iul 7) dixit, ut forecasters monuerunt pluviam torrentem ultra varias pa.",2026-07-10 06:53:39+00:00
e9a967e464ac3140cd789b45804222fc,2026-07-07T07:30:58Z,'typhoon',www.yahoo.com,en,0.7,Tornadoes wreak havoc across central China as Typhoon Bavi looms offshore,"By Joe Cash BEIJING, July 7 (Reuters) - Two tornadoes wrought devastation in central China's Hubei province, killing at least 11 people, as winds of up to 14...",https://www.yahoo.com/news/articles/storms-kill-least-eight-central-010932330.html,https://s.yimg.com/lo/mysterio/api/4d9532e0e539cb220b2ebc8ecabfd1aaa063bf3352aed3a712aaec8eb9821dec/lightyear_networkapi/resizefill_w800_h450;quality_80;format_webp/https:%2F%2Fmedia.zenfs.com%2Fen%2Freuters.com%2F60e7f30504d24ff5306133251c7d8955,http://web.archive.org/web/20260707140405/https://www.yahoo.com/news/articles/storms-kill-least-eight-central-010932330.html,"By Joe Cash
BEIJING, July 7 (Reuters) - Two tornadoes wrought devastation in central China's Hubei province, killing at least 11 people, as winds of up to 149 kph (93 mph) overturned cars and ripped… [+3271 chars]",,"Tornados richten in Zentralchina verheerende Schäden an, während der Taifun Bavi vor der Küste droht. Von Joe Cash PEKING, 7. Juli (Reuters) – Zwei Tornados haben in der zentralchinesischen Provinz Hubei verheerende Schäden angerichtet und mindestens 11 Menschen getötet, während Windstärken von bis zu 14...","Tornadoes wreak havoc across central China as Typhoon Bavi looms offshore. By Joe Cash BEIJING, July 7 (Reuters) - Two tornadoes wrought devastation in central China's Hubei province, killing at least 11 people, as winds of up to 14...","Tornadoes per Sinas centrales perdat, sicut Typhoon Bavi in ​​litore imminet. Per Joe Cash Beijing, die 7 Iulii (Reuters) - Duo turbines in provincia Sinarum centrali vastationem fecerunt, occidentes saltem 11 homines, ventos usque ad XIV.",2026-07-10 06:53:39+00:00
3d0061c869935d16fd024fa1397e8ca7,2026-07-08T06:12:31Z,'flooding tropical',abcnews.com,en,0.8,Chinese region reels from floods and destruction from remnants of tropical storm,A southern Chinese region is reeling from the destruction and widespread flooding caused by record-breaking rain on Wednesday from the remnants of Tropical Storm Maysak,https://abcnews.com/International/wireStory/southern-chinese-region-reels-floods-destruction-remnants-tropical-134574241,https://i.abcnewsfe.com/a/f862f8b2-5e10-4dcb-8dd4-9d9c8b2207ba/wirestory_18959154a068bf186f04fe6dea882c16_16x9.jpg?w=1600,http://web.archive.org/web/20260708165812/https://abcnews.com/International/wireStory/southern-chinese-region-reels-floods-destruction-remnants-tropical-134574241,"BEIJING -- A southern Chinese region on Wednesday was reeling from the destruction and widespread flooding caused by record-breaking rain from the remnants of Tropical Storm Maysak.
Officials said s… [+2318 chars]",,"Chinesische Region leidet unter Überschwemmungen und Zerstörung durch Überreste eines Tropensturms. Eine südchinesische Region leidet unter den Zerstörungen und großflächigen Überschwemmungen, die am Mittwoch durch rekordverdächtige Regenfälle durch die Überreste des Tropensturms Maysak verursacht wurden",Chinese region reels from floods and destruction from remnants of tropical storm. A southern Chinese region is reeling from the destruction and widespread flooding caused by record-breaking rain on Wednesday from the remnants of Tropical Storm Maysak,Regio Sinica ab inundationibus et interitu a reliquiis tempestatis tropicae agitatur. Regio Sinica meridionalis ab interitu et late inundatione titubata causatur pluviis recordum praevaricantibus die Mercurii ex reliquiis Tropical Maysak.,2026-07-10 11:16:12+00:00
281735c0650f31393edc86e12c1546fc,2026-07-09T04:10:14Z,'hurricane',www.insurancejournal.com,en,0.9,CSU Lowers Atlantic Hurricane Forecast to ‘Well Below Normal’,"Thanks to a strengthening El Nino, the rest of the Atlantic hurricane season will be well below normal, said researchers at Colorado State University. In a July 8 update to its forecast, CSU said the 2026 hurricane season will have …",https://www.insurancejournal.com/news/national/2026/07/09/876739.htm,https://www.insurancejournal.com/app/uploads/2025/07/satellite-view-of-hurricane-1543208143-AdobeStock-scaled.jpeg,,"Thanks to a strengthening El Nino, the rest of the Atlantic hurricane season will be well below normal, said researchers at Colorado State University.
In a July 8 update to its forecast, CSU said th… [+1181 chars]",,"CSU senkt Hurrikan-Prognose für den Atlantik auf „deutlich unter Normalwert“. Dank eines stärker werdenden El Niño wird die restliche Hurrikansaison im Atlantik deutlich unter dem Normalwert liegen, sagten Forscher der Colorado State University. In einer Aktualisierung ihrer Prognose vom 8. Juli sagte die CSU, dass die Hurrikansaison 2026 …","CSU Lowers Atlantic Hurricane Forecast to ‘Well Below Normal’. Thanks to a strengthening El Nino, the rest of the Atlantic hurricane season will be well below normal, said researchers at Colorado State University. In a July 8 update to its forecast, CSU said the 2026 hurricane season will have …","CSU Demittere Procellae Atlantici Praedictio ad 'Bene Infra Normal'. Per firmationem El Nino, reliquum tempus tempestatis Atlantici infra normale valebit, dixerunt investigatores in Universitate Civitatis Colorado. In mense Iulio 8 renovatio ad suam praenuntiationem, CSU dixit tempus 2026 tempestatis futurum ...",2026-07-10 21:17:22+00:00
18bd45f305ed8bcb8ca95cdd7c812b49,2026-07-04T09:25:00Z,'typhoon',www.fark.com,en,0.7,"Typhoon watch in effect for Guam; Bavi could be stronger than Sinlaku, Mawar. US & GovGuam declare state of emergency, hope winds won't tip it over into the ocean [Scary]","Typhoon watch in effect for Guam; Bavi could be stronger than Sinlaku, Mawar. US & GovGuam declare state of emergency, hope winds won't tip it over into the ocean",https://www.fark.com/comments/14119916/Typhoon-watch-in-effect-for-Guam-Bavi-could-be-stronger-than-Sinlaku-Mawar-US-GovGuam-declare-state-of-emergency-hope-winds-wont-tip-it-over-into-ocean,https://img.fark.net/images/2013/site/farkLogo2Big.gif,http://web.archive.org/web/20260705024916/https://www.fark.com/comments/14119916/Typhoon-watch-in-effect-for-Guam-Bavi-could-be-stronger-than-Sinlaku-Mawar-US-GovGuam-declare-state-of-emergency-hope-winds-wont-tip-it-over-into-ocean,"Aydlett said Bavi will have super typhoon-force winds of about 165 mph to 170 mph at its time of passage over the Marianas, and its intensity is expected to keep going up.On the islands of Saipan and… [+330 chars]",,"Für Guam gilt eine Taifunwarnung; Bavi könnte stärker sein als Sinlaku, Mawar. Die USA und die Regierung von Guam erklären den Ausnahmezustand und hoffen, dass die Winde es nicht ins Meer kippen [Beängstigend]. Für Guam gilt eine Taifunwarnung; Bavi könnte stärker sein als Sinlaku, Mawar. Die USA und die Regierung von Guam erklären den Ausnahmezustand und hoffen, dass die Winde das Gerät nicht ins Meer kippen","Typhoon watch in effect for Guam; Bavi could be stronger than Sinlaku, Mawar. US & GovGuam declare state of emergency, hope winds won't tip it over into the ocean [Scary]. Typhoon watch in effect for Guam; Bavi could be stronger than Sinlaku, Mawar. US & GovGuam declare state of emergency, hope winds won't tip it over into the ocean","Typhoon vigilat in effectu ad Guam; Bavi fortior Sinlaku Mawar esse potuit. US & GovGuam statum repentinae declarant, spes venti in oceanum non attingunt. Typhoon vigilat in effectu ad Guam; Bavi fortior Sinlaku Mawar esse potuit. US & GovGuam statum necessitatis declarant, spes venti in Oceanum non dormiunt",2026-07-11 09:47:05+00:00
d982cd653be2055581931fd70a44216e,2026-07-05T23:30:00Z,'typhoon',www.fark.com,en,0.7,"Super Typhoon Bavi has ""maxed out"" on the Dvorak T-number scale as it begins passage over Rota/near Guam, one of the strongest to make US landfall [Scary]","Super Typhoon Bavi has ""maxed out"" on the Dvorak T-number scale as it begins passage over Rota/near Guam, one of the strongest to make US landfall",https://www.fark.com/comments/14121182/Super-Typhoon-Bavi-has-maxed-out-on-Dvorak-T-number-scale-as-it-begins-passage-over-Rotanear-Guam-one-of-strongest-to-make-US-landfall,https://usrimg-425.fark.net/D/Db/fark_DbdgCyNWnVCM82WQYW5C7TmqU-k.png?AWSAccessKeyId=JO3ELGV4BGLFW7Y3EZXN&Expires=1783915200&Signature=U%2FnGUh6umNqY%2BJL82aETBQ%2BkTGs%3D,http://web.archive.org/web/20260705234949/https://www.fark.com/comments/14121182/Super-Typhoon-Bavi-has-maxed-out-on-Dvorak-T-number-scale-as-it-begins-passage-over-Rotanear-Guam-one-of-strongest-to-make-US-landfall,tudorgurl:raerae1980: tudorgurl: Current conditions on Guam - strong Category 1 winds sustained with constant gusts. Lots of rain. The worst of it will hit us between 0800 and 1200 today (it's curren… [+563 chars],,"Der Super-Taifun Bavi hat auf der Dvorak-T-Zahlenskala sein „Maximum“ erreicht, als er mit der Überquerung von Rota/in der Nähe von Guam beginnt, einem der stärksten Taifun, die jemals in den USA gelandet sind [beängstigend]. Der Super-Taifun Bavi hat auf der Dvorak-T-Zahlenskala sein „Maximum“ erreicht, als er mit der Überquerung von Rota/in der Nähe von Guam beginnt, einem der stärksten Taifun, die jemals in den USA gelandet sind","Super Typhoon Bavi has ""maxed out"" on the Dvorak T-number scale as it begins passage over Rota/near Guam, one of the strongest to make US landfall [Scary]. Super Typhoon Bavi has ""maxed out"" on the Dvorak T-number scale as it begins passage over Rota/near Guam, one of the strongest to make US landfall","Super Typhoon Bavi ""maxatum"" in Dvorak T-scalae numeri, dum transitum per Rota/prope Guam incipit, unum fortissimum ad US lapsus [Scary] efficiet. Eximius Typhoon Bavi ""e maxed"" in Dvorak T-scalae numerus incipit, ut transitus per Rotam / prope Guam, unus fortissimus ad US traham",2026-07-11 09:47:05+00:00
922e14a530e905cb73cb52cac6da115b,2026-07-02T13:14:22Z,'typhoon',www.fark.com,en,0.9,"Still recovering from the last Category 4 typhoon, Guam and the Marianas are staring down a possible Cat 5 Super Typhoon. Game over, man. Game over [Scary]","Still recovering from the last Category 4 typhoon, Guam and the Marianas are staring down a possible Cat 5 Super Typhoon. Game over, man. Game over",https://www.fark.com/comments/14117888/Still-recovering-from-last-Category-4-typhoon-Guam-the-Marianas-are-staring-down-a-possible-Cat-5-Super-Typhoon-Game-over-man-Game-over,https://usrimg-full.fark.net/G/Ga/fark_GaCQQwmJqtcvaq-kTXjYxYYS5SU.jpg?AWSAccessKeyId=JO3ELGV4BGLFW7Y3EZXN&Expires=1783310400&Signature=wgIOKkaCmEMyrImI3QyRGmPub4o%3D,http://web.archive.org/web/20260703063719/https://www.fark.com/comments/14117888/Still-recovering-from-last-Category-4-typhoon-Guam-the-Marianas-are-staring-down-a-possible-Cat-5-Super-Typhoon-Game-over-man-Game-over,"Seems to be a long way away and still TS strength.Track predictions are normally quite good for a few days, but intensity forecasts are pure guesswork still.
Not saying it's nothing but also not say… [+57 chars]",,"Guam und die Marianen erholen sich immer noch vom letzten Taifun der Kategorie 4 und stehen vor einem möglichen Supertaifun der Kategorie 5. Das Spiel ist vorbei, Mann. Spiel vorbei [Beängstigend]. Guam und die Marianen erholen sich immer noch vom letzten Taifun der Kategorie 4 und stehen vor einem möglichen Supertaifun der Kategorie 5. Das Spiel ist vorbei, Mann. Spiel vorbei","Still recovering from the last Category 4 typhoon, Guam and the Marianas are staring down a possible Cat 5 Super Typhoon. Game over, man. Game over [Scary]. Still recovering from the last Category 4 typhoon, Guam and the Marianas are staring down a possible Cat 5 Super Typhoon. Game over, man. Game over","Adhuc ex ultimis categoriis 4 typhonum, Guam et Marianas, possibilis Cat 5 Super Typhoon negligunt. Ludus, homo. Ludus supra [Scary]. Adhuc ex ultimis categoriis 4 typhonum, Guam et Marianas, possibilis Cat 5 Super Typhoon negligunt. Ludus, homo. Ludus super",2026-07-11 09:47:05+00:00
f33cf3926e2c8238c7990b7bf791ab24,2026-07-01T23:59:28Z,'tropical cyclone',abcnews.com,en,0.7,"Tropical storm Douglas forms in Pacific Ocean, no threat to land: Hurricane center",Tropical Storm Douglas has formed in the Pacific Ocean,https://abcnews.com/US/wireStory/tropical-storm-douglas-forms-pacific-ocean-threat-land-134393438,https://s.abcnews.com/images/US/abc_news_default_2000x2000_update_16x9_992.jpg,http://web.archive.org/web/20260702025402/https://abcnews.com/US/wireStory/tropical-storm-douglas-forms-pacific-ocean-threat-land-134393438,"MIAMI -- Tropical Storm Douglas formed Wednesday in the Pacific Ocean, the National Hurricane Center said.
The center of the cyclone was at sea and posed no threat to land. Douglas was located about… [+490 chars]",,"Tropensturm Douglas bildet sich im Pazifischen Ozean, keine Gefahr für Land: Hurrikanzentrum. Im Pazifischen Ozean hat sich der Tropensturm Douglas gebildet","Tropical storm Douglas forms in Pacific Ocean, no threat to land: Hurricane center. Tropical Storm Douglas has formed in the Pacific Ocean",Tropical Douglas tempestas in Oceano Pacifico nullam comminationem ad terram: Hurricane centrum est. Tropical Douglas in Oceano Pacifico formavit,2026-07-12 06:12:33+00:00
69e7b497f2fdb1e248d2a9e03bd18f75,2026-07-10T21:09:09Z,'tropical cyclone',pypi.org,en,0.7,tcpyPI 1.4.1,tcpyPI: Tropical cyclone potential intensity calculations in Python,https://pypi.org/project/tcpypi/1.4.1/,,,"A required part of this site couldnt load. This may be due to a browser
 extension, network issues, or browser settings. Please check your
 connection, disable any ad blockers, or try using a diffe… [+12 chars]",,tcpyPI 1.4.1. tcpyPI: Berechnung der potenziellen Intensität tropischer Wirbelstürme in Python,tcpyPI 1.4.1. tcpyPI: Tropical cyclone potential intensity calculations in Python,tcpyPI 1.4.1. tcpyPI: Tropical cyclone potentiale intensive calculations in Python,2026-07-12 06:12:33+00:00
1ffe0ea8176619406ad1e8c5ee2539ca,2026-07-08T10:25:40Z,'hurricane climate change',biztoc.com,en,0.7,Was that climate change? Scientists ponder a deadly July 4 weekend,"Early July brought historic extreme weather for the fourth year in a row, and scientists again see the ""fingerprints"" of climate change in a deadly Fourth of July.
In 2023, it was a record-smashing heat wave. In 2024, history-making Hurricane Beryl ripped thr…",https://biztoc.com/x/0ee28941992861d4,https://biztoc.com/cdn/0ee28941992861d4_s.webp,,"Early July brought historic extreme weather for the fourth year in a row, and scientists again see the ""fingerprints"" of climate change in a deadly Fourth of July.In 2023, it was a record-smashing he… [+144 chars]",,"War das der Klimawandel? Wissenschaftler denken über ein tödliches Wochenende am 4. Juli nach. Anfang Juli brachte das vierte Jahr in Folge historische Extremwetter, und Wissenschaftler sehen in einem tödlichen 4. Juli erneut die „Fingerabdrücke“ des Klimawandels.
Im Jahr 2023 gab es eine rekordverdächtige Hitzewelle. Im Jahr 2024 riss der geschichtsträchtige Hurrikan Beryl durch …","Was that climate change? Scientists ponder a deadly July 4 weekend. Early July brought historic extreme weather for the fourth year in a row, and scientists again see the ""fingerprints"" of climate change in a deadly Fourth of July.
In 2023, it was a record-smashing heat wave. In 2024, history-making Hurricane Beryl ripped thr…","Eratne illa caeli mutatio? Etiam blandit volutpat volutpat vestibulum mortiferum. Primo Iulio tempestatem extremam quarto anno in ordine historicam intulit, et docti rursus ""digitos"" mutationem climatis in letali Quarto Kalendas Augusti videbunt.
In 2023, aestus undarum valide erat recordum. In 2024, historia-faciens Procellae Berylae scidit thr…",2026-07-12 10:00:41+00:00
94e8cba2e8c8f35d92bf9ab4f8b2b293,2026-07-08T05:02:52Z,'hurricane',www.insurancejournal.com,en,0.9,"Premiums Will Skyrocket by 2035, and Discounts Not Enough for Wind Mit, Studies Say","Home fortifications, from roof tie-downs to window protections, have been recognized as key factors in reducing losses, claims and premiums in hurricane-prone states like Florida. But relying on the incentive of premium discounts is not enough to prompt wides…",https://www.insurancejournal.com/news/southeast/2026/07/08/876550.htm,https://www.insurancejournal.com/app/uploads/2025/02/home-insurance-a-product-offered-by-a-non-captive-insurance-agent.png,,"Home fortifications, from roof tie-downs to window protections, have been recognized as key factors in reducing losses, claims and premiums in hurricane-prone states like Florida.
But relying on the… [+4687 chars]",,"Studien zufolge werden die Prämien bis 2035 in die Höhe schnellen und die Rabatte für Wind Mit nicht ausreichen. Hausbefestigungen, von Dachbefestigungen bis hin zu Fensterschutzvorrichtungen, gelten als Schlüsselfaktoren für die Reduzierung von Verlusten, Ansprüchen und Prämien in hurrikangefährdeten Staaten wie Florida. Aber sich nur auf den Anreiz von Prämienrabatten zu verlassen, reicht nicht aus, um Wides anzustoßen …","Premiums Will Skyrocket by 2035, and Discounts Not Enough for Wind Mit, Studies Say. Home fortifications, from roof tie-downs to window protections, have been recognized as key factors in reducing losses, claims and premiums in hurricane-prone states like Florida. But relying on the incentive of premium discounts is not enough to prompt wides…","Premiums Will Skyrocket by 2035, and Discounts Not Satis for Wind Mit, Studies Say. Munimenta domus, e praesidiis tectoriorum ad fenestras, quasi factores clavium in reducendis damnis, petitionibus et praemiis in civitatibus Floridae instar turbinis reducendis agnitae sunt. Sed fretus incitamento infringo premium non satis est ad latissimos promptos.",2026-07-12 10:00:41+00:00
7ba29f027e7e58063c803d7ff70b182e,2026-07-10T15:45:09Z,'hurricane victims',grist.org,en,0.3,Congress is about to pass the biggest disaster reform in years,A little-noticed section in a bipartisan housing bill could speed up new construction after major disasters.,https://grist.org/politics/trump-congress-housing-bill-disaster-recovery/,https://grist.org/wp-content/uploads/2026/07/California-fire-rebuild.jpg?quality=75&strip=all,http://web.archive.org/web/20260711003324/https://grist.org/politics/trump-congress-housing-bill-disaster-recovery/,There are a lot of ways for disaster victims to get help in the immediate aftermath of a flood or fire. The Federal Emergency Management Agency gives out temporary housing assistance and pays for deb… [+5195 chars],,"Der Kongress steht kurz davor, die größte Katastrophenreform seit Jahren zu verabschieden. Ein wenig beachteter Abschnitt in einem parteiübergreifenden Wohnungsbaugesetz könnte den Neubau nach größeren Katastrophen beschleunigen.",Congress is about to pass the biggest disaster reform in years. A little-noticed section in a bipartisan housing bill could speed up new construction after major disasters.,Congressus maximam calamitatem annis reformationis passurus est. Sectio parum notata in libello habitationi bipartisanae novam constructionem post magnas clades accelerare potuit.,2026-07-12 21:03:56+00:00
d755de424ad5164f5a2ed907b4715ea1,2026-07-03T16:54:03Z,'typhoon',www.disneyfoodblog.com,en,0.7,YIKES! Disney World’s Water Parks Are NOT For The Weak This Summer,Typhoon Lagoon was CROWDED yesterday!,https://www.disneyfoodblog.com/2026/07/03/yikes-disney-worlds-water-parks-are-not-for-the-weak-this-summer/,https://www.disneyfoodblog.com/wp-content/uploads/2026/07/DFB-_-Typhoon-Lagoon-Surf-Pool-_-Typhoon-Lagoon-_-Water-Park-_-Disney-World-PXL_20260702_180909196-3840-x-2160-700x525.jpg,,"It’s officially summer in Disney World, which means it’s HOT! We love heading to one of Disney World’s water parks to cool down, whether it’s Blizzard Beach or Typhoon Lagoon, but we weren’t expectin… [+1998 chars]",,YIKES! Die Wasserparks von Disney World sind diesen Sommer NICHTS für Schwache. Die Taifun-Lagune war gestern überfüllt!,YIKES! Disney World’s Water Parks Are NOT For The Weak This Summer. Typhoon Lagoon was CROWDED yesterday!,YIKES! Disney in aqua Ortus Mundi non sunt propter infirmam hanc aestatem. Typhoon Lagoon was CROWDED yesterday!,2026-07-13 11:27:19+00:00
484b0ef8f508b5226adc2162b17b95a3,2026-07-06T18:24:55Z,'typhoon',dailycaller.com,en,0.7,Rota and Guam Wrecked By Catastrophic Typhoon,"Super Typhoon Bavi made landfall on the U.S. territory of Rota with sustained winds of 180 mph, causing flooding and prolonged power outages.",https://dailycaller.com/2026/07/06/territories-us-typhoon-guam-rota-weather-pacific-ocean-asia/,"https://images.dailycaller.com/image/width=1280,height=549,fit=cover,format=webp,f=auto/https://cdn01.dailycaller.com/wp-content/uploads/2026/07/GettyImages-2278841252-e1783361713794.jpg",http://web.archive.org/web/20260707115158/https://dailycaller.com/2026/07/06/territories-us-typhoon-guam-rota-weather-pacific-ocean-asia/,"Super Typhoon Bavi made landfall on the U.S. territory of Rota with sustained winds of 180 mph, causing flooding and prolonged power outages.
Rota is part of the Northern Mariana Islands, about 50 m… [+1660 chars]",,Rota und Guam durch katastrophalen Taifun zerstört. Der Supertaifun Bavi traf mit anhaltenden Windgeschwindigkeiten von 180 Meilen pro Stunde auf das US-Territorium Rota und verursachte Überschwemmungen und längere Stromausfälle.,"Rota and Guam Wrecked By Catastrophic Typhoon. Super Typhoon Bavi made landfall on the U.S. territory of Rota with sustained winds of 180 mph, causing flooding and prolonged power outages.","Rota et Guam per catastrophica Typhonis deiectae sunt. Eximius Typhon Bavi iacturam fecit in territorium Rotae Americae cum ventis 180 mph sustinentibus, inundationes et longas potentias outages causans.",2026-07-13 11:27:19+00:00
b1e76bdb77f4027c02558046ad1b2bcf,2026-07-09T07:11:37Z,'typhoon',www.aljazeera.com,en,0.7,Flooding from Tropical Storm Maysak kills 39 in southern China,"About 130,000 people have been evacuated from the Guangxi region while thousands of rescuers have been deployed.",https://www.aljazeera.com/news/2026/7/9/flooding-from-tropical-storm-maysak-kills-39-in-southern-china,https://www.aljazeera.com/wp-content/uploads/2026/07/GettyImages-2284977311-1783580723.jpg?resize=1920%2C1440,,"Flooding from Tropical Storm Maysak has killed 39 people in southern China, most of them after a dam breach inundated the city of Nanning.
Ding Wei, the citys vice mayor, announced the toll at a new… [+2105 chars]",,"Bei Überschwemmungen durch den Tropensturm Maysak kommen in Südchina 39 Menschen ums Leben. Ungefähr 130.000 Menschen wurden aus der Region Guangxi evakuiert, während Tausende von Rettern im Einsatz waren.","Flooding from Tropical Storm Maysak kills 39 in southern China. About 130,000 people have been evacuated from the Guangxi region while thousands of rescuers have been deployed.","Inundatio ex Tropical Maysak 39 in Sinis meridionalibus necat. Circiter 130,000 hominum e regione Guangxi evacuata sunt dum milia liberatorum explicata sunt.",2026-07-13 11:27:19+00:00
3ab7948ebca28091b5449017316ec591,2026-07-12T01:30:20Z,'typhoon',www.abc.net.au,en,0.7,Typhoon makes landfall in China as millions of people take shelter,Typhoon Bavi brings strong winds and heavy rain as it makes landfall in Zhejiang province in eastern China.,https://www.abc.net.au/news/2026-07-12/typhoon-bavi-makes-landfall-in-china/106906656,https://live-production.wcms.abc-cdn.net.au/d3a387cb5cb3fa09a5f81a44f1463585?impolicy=wcms_watermark_news&cropH=2796&cropW=4971&xPos=0&yPos=353&width=862&height=485&imformat=generic,http://web.archive.org/web/20260712120016/https://www.abc.net.au/news/2026-07-12/typhoon-bavi-makes-landfall-in-china/106906656,"Typhoon Bavi made landfall in Zhejiang province in eastern China late Saturday, bringing strong winds after nearly 2 million people took shelter.
There was no immediate word on damage or casualties.… [+3226 chars]",,"Der Taifun erreicht China und Millionen Menschen suchen Schutz. Der Taifun Bavi bringt starke Winde und starken Regen mit sich, als er in der Provinz Zhejiang im Osten Chinas auf Land trifft.",Typhoon makes landfall in China as millions of people take shelter. Typhoon Bavi brings strong winds and heavy rain as it makes landfall in Zhejiang province in eastern China.,"Typhoon traham in Sinis facit ut decies centena millia hominum tutantur. Typhoon Bavi affert ventos validos et pluvias graves, sicut lapsus facit in provincia Zhejiang in Sina orientali.",2026-07-13 11:27:19+00:00
81d1eea4cc4b7f79653ff05d078c9205,2026-07-05T22:57:11Z,'typhoon',doc.searls.com,en,0.9,Covering Super Typhoon Bavi,"Super Typhoon Bavi, not to be confused with Typhoon Bavi of 2020, is spinning into the Northern Marianas Islands, including Guam. NPR: “The super typhoon was moving north with maximum sustained winds of 165 miles per hour on Sunday, according to Guam’s Joint …",https://doc.searls.com/2026/07/05/covering-super-typhoon-bavi/,https://doc.searls.com/wp-content/uploads/2026/07/Screenshot-2026-07-05-at-6.44.10-PM-scaled.png,http://web.archive.org/web/20260708135416/https://doc.searls.com/2026/07/05/covering-super-typhoon-bavi/,"Super Typhoon Bavi, at 8:44 am local time, with the eye over Rota and the town of Songsong. Via Windy.com
Super Typhoon Bavi, not to be confused with Typhoon Bavi of 2020, is spinning into the North… [+713 chars]",,"Abdeckung des Super-Taifuns Bavi. Der Supertaifun Bavi, nicht zu verwechseln mit dem Taifun Bavi von 2020, greift auf die Nördlichen Marianeninseln, einschließlich Guam, zu. NPR: „Der Supertaifun bewegte sich am Sonntag mit maximalen Dauerwinden von 165 Meilen pro Stunde nach Norden, laut Guam’s Joint …","Covering Super Typhoon Bavi. Super Typhoon Bavi, not to be confused with Typhoon Bavi of 2020, is spinning into the Northern Marianas Islands, including Guam. NPR: “The super typhoon was moving north with maximum sustained winds of 165 miles per hour on Sunday, according to Guam’s Joint …","Tegumento Super Typhoon Bavi. Super Typhoon Bavi, ne cum Typhoon Bavi anni 2020 confundatur, in Insulas Marianas Septentrionales, etiam in Guam. NPR: ""Super typhoon aquilonem ferebatur maximis ventis sustinentibus 165 milia passuum per hora die Dominico, secundum Guam's Joint ...",2026-07-13 11:27:19+00:00
b01c1d47f28f4310e88c727fe8383f24,2026-07-09T23:33:30Z,'typhoon',dailycaller.com,en,0.9,"Super Typhoon Bavi Grows To Be ‘Gargantuan’ As It Rolls Toward China, Taiwan","An eyewall replacement cycle has impacted Super Typhoon Bavi, expanding the wind field to grow the typhoon to be ""gargantuan.""",https://dailycaller.com/2026/07/09/super-typhoon-bavi-china-taiwan-weather/,"https://images.dailycaller.com/image/width=1280,height=549,fit=cover,format=webp,f=auto/https://cdn01.dailycaller.com/wp-content/uploads/2026/07/GettyImages-2284240084-scaled-e1783638944211.jpg",http://web.archive.org/web/20260710022220/https://dailycaller.com/2026/07/09/super-typhoon-bavi-china-taiwan-weather/,"An eyewall replacement cycle has impacted Super Typhoon Bavi, expanding the wind field to grow the typhoon to be what’s being branded by the U.S. Joint Typhoon Warning Center as “gargantuan.”
The wi… [+1610 chars]",,"Der Supertaifun Bavi wird „gigantisch“, während er auf China und Taiwan zurollt. Ein Austauschzyklus der Augenwände hatte Auswirkungen auf den Supertaifun Bavi und führte zu einer Vergrößerung des Windfelds, sodass der Taifun „gigantisch“ wurde.","Super Typhoon Bavi Grows To Be ‘Gargantuan’ As It Rolls Toward China, Taiwan. An eyewall replacement cycle has impacted Super Typhoon Bavi, expanding the wind field to grow the typhoon to be ""gargantuan.""","Super Typhoon Bavi Crescit esse 'Gargantuan', sicut Rolls in Sina, Taiwan. Reposito cyclo eyewallia super Typhoon Bavi impacta est, ventum dilatavit ut typhonum cresceret esse ""gargantuan.""",2026-07-13 11:27:19+00:00
715e754163e4af560cb48a6c9f495a62,2026-07-09T07:07:59Z,'flooding tropical',www.yahoo.com,en,0.7,"China, Taiwan brace for Typhoon Bavi, possibly the most powerful storm in years","By Joe Cash, Yimou Lee and Mariko Katsumura BEIJING/SUAO, Taiwan/TOKYO, July 9 (Reuters) - China and Taiwan were bracing for possibly the most destructive tr...",https://www.yahoo.com/news/weather-news/articles/typhoon-bavi-churns-towards-taiwan-015948831.html,https://s.yimg.com/lo/mysterio/api/a2953c029b844a819f408397ed9c12fe85b027a6cd2c547eb9dd5da9db5f1382/lightyear_networkapi/resizefill_w800_h533;quality_80;format_webp/https:%2F%2Fmedia.zenfs.com%2Fen%2Freuters.com%2F2039d0d66ede40c1482518732d97b76d,http://web.archive.org/web/20260709141319/https://www.yahoo.com/news/weather-news/articles/typhoon-bavi-churns-towards-taiwan-015948831.html,"By Joe Cash, Yimou Lee and Mariko Katsumura
BEIJING/SUAO, Taiwan/TOKYO, July 9 (Reuters) - China and Taiwan were bracing for possibly the most destructive tropical storm in years as Typhoon Bavi chu… [+4628 chars]",,"China und Taiwan bereiten sich auf den Taifun Bavi vor, den möglicherweise stärksten Sturm seit Jahren. Von Joe Cash, Yimou Lee und Mariko Katsumura PEKING/SUAO, Taiwan/TOKIO, 9. Juli (Reuters) – China und Taiwan bereiteten sich auf den möglicherweise zerstörerischsten Trend vor...","China, Taiwan brace for Typhoon Bavi, possibly the most powerful storm in years. By Joe Cash, Yimou Lee and Mariko Katsumura BEIJING/SUAO, Taiwan/TOKYO, July 9 (Reuters) - China and Taiwan were bracing for possibly the most destructive tr...","China, Taiwan brace pro Typhoon Bavi, forte tempestas validissima in annis. Per Joe Cash, Yimou Lee et Mariko Katsumura BEIJING/SUAO, Taiwan/TOKYO, Iulii 9",2026-07-13 16:42:44+00:00
d0c29373315b9ad373c8c2e691c2dd5d,2026-07-09T04:01:00Z,'typhoon',science.nasa.gov,en,0.9,Super Typhoon Bavi,The third category 5 tropical cyclone of 2026 crossed the U.S. Northern Mariana Islands and Guam before continuing toward Asia.,https://science.nasa.gov/earth/earth-observatory/super-typhoon-bavi/,https://assets.science.nasa.gov/content/dam/science/esd/eo/images/iotd/2026/super-typhoon-bavi/typhoonbavi_vir_20260705_th.jpg/jcr:content/renditions/cq5dam.web.1280.1280.jpeg,http://web.archive.org/web/20260709212325/https://science.nasa.gov/earth/earth-observatory/super-typhoon-bavi/,"In early July 2026, for the second time in three months, a powerful typhoon crossed the U.S. Northern Mariana Islands and Guam in the North Pacific Ocean. Super Typhoon Bavi was at peak intensity whe… [+3269 chars]",,"Super-Taifun Bavi. Der dritte tropische Wirbelsturm der Kategorie 5 des Jahres 2026 überquerte die Nördlichen Marianeninseln und Guam der USA, bevor er weiter nach Asien zog.",Super Typhoon Bavi. The third category 5 tropical cyclone of 2026 crossed the U.S. Northern Mariana Islands and Guam before continuing toward Asia.,Super Typhoon Bavi. Tertius categoria 5 cyclus tropicus 2026 Americae septentrionalis Mariana et Guam versus Asiam transiit.,2026-07-13 16:42:44+00:00
e4f2937e2425fbd256904b0dd08d496b,2026-07-11T13:32:23Z,'typhoon',www.cbc.ca,en,0.7,"China evacuates over 1 million as Typhoon Bavi brushes past Taiwan, pummels southern Japan","People are waiting for Typhoon Bavi to make landfall in China, with more than a million people evacuating.",https://www.cbc.ca/news/world/typhoon-bavi-evacuations-china-9.7266891,"https://i.cbc.ca/ais/68bf79e9-e3af-4f04-b7b3-8ebb27a59077,1783773017386/full/max/0/default.jpg?im=Crop%2Crect%3D%280%2C313%2C6000%2C3375%29%3BResize%3D620",,China evacuated more than 1.8 million people on Saturday as Typhoon Bavi churned toward the major eastern city of Wenzhou after pummelling Japan's southern Sakishima island chain with heavy rain and … [+3081 chars],,"China evakuiert über eine Million Menschen, während Taifun Bavi an Taiwan vorbeifegt und Südjapan verwüstet. Die Menschen warten darauf, dass der Taifun Bavi China erreicht und mehr als eine Million Menschen evakuiert.","China evacuates over 1 million as Typhoon Bavi brushes past Taiwan, pummels southern Japan. People are waiting for Typhoon Bavi to make landfall in China, with more than a million people evacuating.","Sina plus quam 1 decies centena milia evacuat sicut Typhoon Bavi perterget Taiwan, pummels Iaponiae meridionalis. Homines Bavi exspectant Typhoon ut casus in Sinis efficiat, cum plus quam decies centena millia hominum evacuent.",2026-07-14 15:40:27+00:00
0f0df2f3abd8bacbc65843e43a503cc9,2026-07-07T12:39:00Z,'hurricane evacuation',www.prnewswire.com,en,0.9,PriorityEvac Launches First Membership-Based Hurricane Air Evacuation Program for Floridians,"Annual membership provides pre-arranged hurricane evacuation access, reducing uncertainties WEST PALM BEACH, Fla., July 7, 2026 /PRNewswire/ -- PriorityEvac, a first-of-its-kind hurricane evacuation membership program, announced its launch today, introducing …",https://www.prnewswire.com/news-releases/priorityevac-launches-first-membership-based-hurricane-air-evacuation-program-for-floridians-302819104.html,https://mmx.prnewswire.com/media/MS1878387/PriorityEvac-Logo.jpg?id=OA2752199&p=facebook,http://web.archive.org/web/20260710033125/https://www.prnewswire.com/news-releases/priorityevac-launches-first-membership-based-hurricane-air-evacuation-program-for-floridians-302819104.html,"Annual membership provides pre-arranged hurricane evacuation access, reducing uncertainties
WEST PALM BEACH, Fla., July 7, 2026 /PRNewswire/ -- PriorityEvac, a first-of-its-kind hurricane evacuation… [+6854 chars]",,"PriorityEvac startet das erste auf Mitgliedschaft basierende Hurrikan-Luftevakuierungsprogramm für Einwohner Floridas. Die jährliche Mitgliedschaft bietet vorab vereinbarten Zugang zur Hurrikan-Evakuierung und verringert so Unsicherheiten. WEST PALM BEACH, Florida, 7. Juli 2026 /PRNewswire/ – PriorityEvac, ein einzigartiges Mitgliedschaftsprogramm für die Hurrikan-Evakuierung, gab heute seinen Start bekannt und führt …","PriorityEvac Launches First Membership-Based Hurricane Air Evacuation Program for Floridians. Annual membership provides pre-arranged hurricane evacuation access, reducing uncertainties WEST PALM BEACH, Fla., July 7, 2026 /PRNewswire/ -- PriorityEvac, a first-of-its-kind hurricane evacuation membership program, announced its launch today, introducing …","PriorityEvac Launches Primum Sodalitas-Substructio Procellae Aeris Evacuatio Programma pro Floridians. Annua sodalitas praebet accessum evacuationis procellae praeordinatum, incertas reducens PALMA BEACH Occidentalis, Fla., die 7 iulii 2026 / PRNewswire/ -- PriorityEvac, primae-of-sui generis procellae evacuationis adhaesionem programmatis, hodie deducendo denuntiat, inducens ...",2026-07-14 21:11:04+00:00
3e17c79588eb5b4187558cbc56351ef4,2026-07-13T21:04:56Z,'hurricane victims',www.aljazeera.com,en,0.2,"Lindsey Graham’s legacy: Israel advocate, Trump ally, Iran war supporter","Late US senator backed invasion of Iraq, war on Iran and approach of 'more for Israel' as he became a Trump confidant.",https://www.aljazeera.com/news/2026/7/13/lindsey-grahams-legacy-israel-advocate-trump-ally-iran-war-supporter,https://www.aljazeera.com/wp-content/uploads/2026/07/AP25355650940757-1783971260.jpg?resize=1200%2C675,,"Washington, DC When the devastating Hurricane Helene hit the southeastern shores of the United States in 2024, the late Senator Lindsey Graham appeared on Fox News to discuss the aftermath of the nat… [+9240 chars]",,"Lindsey Grahams Vermächtnis: Befürworterin Israels, Trump-Verbündeter, Befürworter des Iran-Krieges. Der verstorbene US-Senator unterstützte die Invasion im Irak, den Krieg gegen den Iran und den Ansatz „Mehr für Israel“, als er ein Trump-Vertrauter wurde.","Lindsey Graham’s legacy: Israel advocate, Trump ally, Iran war supporter. Late US senator backed invasion of Iraq, war on Iran and approach of 'more for Israel' as he became a Trump confidant.","Lindsey Graham legatum: Israel advocatus, Trump socius, Irania belli fautor. Nuper senator US irruptionem Iraquiae adiuvit, bellum in Irania et accessus 'magis in Israel' factus est sicut Trump conscius factus est.",2026-07-15 05:40:46+00:00
61d11e5cb28979c54f02ba8e14b43f54,2026-07-10T16:06:39Z,'hurricane',bringatrailer.com,en,0.7,2003 Land Rover Discovery II SE7 at No Reserve,"This 2003 Land Rover Discovery II SE7 is finished in Oslo Blue over Alpaca Beige leather and powered by a 4.6-liter V8 linked with a four-speed automatic transmission and a dual-range transfer case. Equipment includes dual sunroofs, 18"" Hurricane alloy wheels…",https://bringatrailer.com/listing/2003-land-rover-discovery-ii-115/,https://bringatrailer.com/wp-content/uploads/2026/06/2003_land-rover_discovery-ii_dsc08079-scaled-15438-43438.jpg,,This 2003 Land Rover Discovery II SE7 is finished in Oslo Blue over Alpaca Beige leather and powered by a 4.6-liter V8 linked with a four-speed automatic transmission and a dual-range transfer case. … [+2032 chars],,"2003 Land Rover Discovery II SE7 ohne Reserve. Dieser Land Rover Discovery II SE7 aus dem Jahr 2003 ist mit Leder in Osloblau über Alpakabeige lackiert und wird von einem 4,6-Liter-V8 angetrieben, der mit einem Viergang-Automatikgetriebe und einem Zweibereichs-Verteilergetriebe verbunden ist. Zur Ausstattung gehören Doppelschiebedächer, 18-Zoll-Hurricane-Leichtmetallfelgen …","2003 Land Rover Discovery II SE7 at No Reserve. This 2003 Land Rover Discovery II SE7 is finished in Oslo Blue over Alpaca Beige leather and powered by a 4.6-liter V8 linked with a four-speed automatic transmission and a dual-range transfer case. Equipment includes dual sunroofs, 18"" Hurricane alloy wheels…","2003 Land Rover Inventio II SE7 apud No Subsidium. Hoc 2003 Land Rover Inventio II SE7 in Oslo Blue super Alpaca Beige corium confectum est et per 4.6-liter V8 coniunctum cum quattuor velocitate automatic transmissione et casu translationis duali-range. Apparatus duo sunroofs includit, 18"" Procellae mixturae rotae…",2026-07-15 05:40:46+00:00
39be3080d8e60863d1cdbd1bcd8fd84b,2026-07-06T11:55:21Z,'hurricane',www.globalresearch.ca,en,0.9,The New Pseudoscience of Climate Attribution: How Computer Models Are Replacing Observation,"Every time a hurricane makes landfall, a wildfire burns, or torrential rain causes flooding, the headlines follow a familiar script. We are told that climate change made the event “twice as likely,” “35 times more likely,” or “virtually impossible without …
T…",https://www.globalresearch.ca/climate-computer-models-replacing-observation/5932435,https://www.globalresearch.ca/wp-content/uploads/2023/09/Climate-change-withered-tree-and-dry-earth-1.jpeg,,"Every time a hurricane makes landfall, a wildfire burns, or torrential rain causes flooding, the headlines follow a familiar script. We are told that climate change made the event “twice as likely,” … [+11864 chars]",,"Die neue Pseudowissenschaft der Klimaattribution: Wie Computermodelle die Beobachtung ersetzen. Jedes Mal, wenn ein Hurrikan Land trifft, ein Waldbrand brennt oder sintflutartige Regenfälle Überschwemmungen verursachen, folgen die Schlagzeilen einem vertrauten Drehbuch. Uns wird gesagt, dass der Klimawandel das Ereignis „doppelt so wahrscheinlich“, „35-mal wahrscheinlicher“ oder „praktisch unmöglich ohne …“ gemacht hat.
T…","The New Pseudoscience of Climate Attribution: How Computer Models Are Replacing Observation. Every time a hurricane makes landfall, a wildfire burns, or torrential rain causes flooding, the headlines follow a familiar script. We are told that climate change made the event “twice as likely,” “35 times more likely,” or “virtually impossible without …
T…","Novae Pseudoscientiae Clima Attributionis: Quomodo Computer Specimen Reponat Observatio. Quotiens tempestas turbinem facit, incendium ferum, aut imber torrens inundat, notamque scripturam lacus sequuntur. Dicimus quod mutatio climatis eventum fecit ""bis verisimilius,"" ""35 vicibus verisimilius,"" vel ""vire impossibile sine ...""
T…",2026-07-15 05:40:46+00:00
e396dc01cc407faf57f1120228501217,2026-07-14T05:02:37Z,'hurricane',www.insurancejournal.com,en,0.9,20 Years After Hurricane Katrina: Are Insurers Ready for a Different $100B Disaster?,"On August 29, 2005, Hurricane Katrina made landfall near Buras-Triumph, Louisiana, as a Category 3 hurricane with sustained winds of 125 mph. It had previously reached Category 5 intensity over the Gulf of Mexico, peaking at 175 mph, before weakening …",https://www.insurancejournal.com/news/national/2026/07/14/877417.htm,https://www.insurancejournal.com/app/uploads/2015/07/Aerial-of-a-flooded-New-Orleans-neighborhood-with-a-roadway-going-down-into-flood-waters.-Jocelyn-AugustinoFEMA.jpg,,"On August 29, 2005, Hurricane Katrina made landfall near Buras-Triumph, Louisiana, as a Category 3 hurricane with sustained winds of 125 mph. It had previously reached Category 5 intensity over the G… [+9286 chars]",,"20 Jahre nach Hurrikan Katrina: Sind Versicherer bereit für eine andere 100-Milliarden-Dollar-Katastrophe? Am 29. August 2005 traf Hurrikan Katrina in der Nähe von Buras-Triumph, Louisiana, als Hurrikan der Kategorie 3 mit anhaltenden Windgeschwindigkeiten von 125 Meilen pro Stunde auf Land. Zuvor hatte es über dem Golf von Mexiko eine Intensität der Kategorie 5 erreicht und erreichte mit 175 Meilen pro Stunde seinen Höhepunkt, bevor es sich abschwächte …","20 Years After Hurricane Katrina: Are Insurers Ready for a Different $100B Disaster?. On August 29, 2005, Hurricane Katrina made landfall near Buras-Triumph, Louisiana, as a Category 3 hurricane with sustained winds of 125 mph. It had previously reached Category 5 intensity over the Gulf of Mexico, peaking at 175 mph, before weakening …","20 Annos Post Procellae Katrina: An Insurers Promptus pro Diversis $100B Clades?. Die 29 Augusti 2005, Turbo Katrina prope Buras-Triumph, Louisiana, iactum fecit, ut categoria 3 turbo cum ventis sustinentibus 125 mph. Antea Categoria 5 intensio per Sinum Mexicum pervenerat, tendens ad 175 mph, antequam infirmaretur.",2026-07-15 05:40:46+00:00
4e006f82212a9e6efcdc0a10af290444,2026-07-06T20:08:28Z,'hurricane',newrepublic.com,en,0.7,Weather Service Scrambles in Hurricane Season After Trump Purge,"Nearly a year after President Donald Trump’s mass government layoffs, the National Weather Service and National Oceanic and Atmospheric Association are still scrambling to replace scientists and collect missing data.The NWS is hiring for hundreds of mostly en…",https://newrepublic.com/post/212739/national-weather-service-hurricane-season-donald-trump-purge,https://images.newrepublic.com/b3c40aaf5265a814c2b062b5a2d4568acc5b288d.jpeg?w=1200&h=630&crop=faces&fit=crop&fm=jpg,,"Correct call or not, this chain of events has ruined the credibility of FIFA and this tournament. Infantino denied any kind of wrongdoing in a statement Monday, claiming that the FIFA Disciplinary Co… [+870 chars]",,"Wetterdienst gerät nach der Trump-Säuberung in die Hurrikan-Saison. Fast ein Jahr nach den Massenentlassungen von Präsident Donald Trump in der Regierung bemühen sich der National Weather Service und die National Oceanic and Atmospheric Association immer noch darum, Wissenschaftler zu ersetzen und fehlende Daten zu sammeln. Die NWS stellt Hunderte von meist engagierten Mitarbeitern ein.","Weather Service Scrambles in Hurricane Season After Trump Purge. Nearly a year after President Donald Trump’s mass government layoffs, the National Weather Service and National Oceanic and Atmospheric Association are still scrambling to replace scientists and collect missing data.The NWS is hiring for hundreds of mostly en…","Tempestas Service Scrambles in Procellae Season Post BUCINUM expurgate. Fere anno post Praeses Donald Trump massam regiminis iniciendi, Tempestas Servitii Nationalis et Consociationis National Oceanica et Atmosphaerica adhuc ruentes recipiunt scientias et notitias absentis notitias. NWS est conductio pro centenis plerumque en…",2026-07-15 10:12:07+00:00
1f53d397d13e8522a08925991434b30a,2026-07-09T08:44:36Z,'typhoon',economictimes.indiatimes.com,en,0.7,"China, Taiwan brace for Typhoon Bavi, possibly the most powerful storm in years",Typhoon Bavi is approaching Taiwan with powerful winds and heavy rainfall. Thousands of soldiers are on standby as the island prepares for a major storm. China is still recovering from Typhoon Maysak which caused significant loss of life. Many residents are s…,https://economictimes.indiatimes.com/news/international/world-news/typhoon-bavi-china-and-taiwan-prepare-for-major-storm-impact-with-catastrophic-potential/articleshow/132281599.cms,"https://img.etimg.com/thumb/msid-132281638,width-1200,height-630,imgsize-357900,overlay-economictimes/articleshow.jpg",,"BEIJING/SUAO, Taiwan: China and Taiwan were bracing for possibly the most destructive tropical storm in years as Typhoon Bavi churned southeast of Taiwan on Thursday, with winds near 200 kph (124 mph… [+4564 chars]",,"China und Taiwan bereiten sich auf den Taifun Bavi vor, den möglicherweise stärksten Sturm seit Jahren. Taifun Bavi nähert sich Taiwan mit starken Winden und starken Regenfällen. Tausende Soldaten stehen in Bereitschaft, während sich die Insel auf einen schweren Sturm vorbereitet. China erholt sich immer noch vom Taifun Maysak, der erhebliche Verluste an Menschenleben verursachte. Viele Bewohner sind s…","China, Taiwan brace for Typhoon Bavi, possibly the most powerful storm in years. Typhoon Bavi is approaching Taiwan with powerful winds and heavy rainfall. Thousands of soldiers are on standby as the island prepares for a major storm. China is still recovering from Typhoon Maysak which caused significant loss of life. Many residents are s…","China, Taiwan brace pro Typhoon Bavi, forte tempestas validissima in annis. Typhoon Bavi appropinquat Taiwan ventis validis et pluviis gravibus. Milia militum stata sunt sicut insula maiorem tempestatem parat. China adhuc ex Typhonis Maysak convalescens quae insignem vitae iacturam effecit. Multi incolas sunt s…",2026-07-16 05:48:35+00:00
398db5a43a6c9f2b1dd877507707a261,2026-07-10T05:15:56Z,'typhoon climate change',www.insurancejournal.com,en,0.7,"Catastrophic Storms to Test China’s Resilience in 2026, Scientists Warn","The floodwaters that ravaged southern China this week look set to expand to other provinces with the imminent arrival of Super Typhoon Bavi, with scientists warning extreme weather would only grow more frequent this year. The expected weather systems will …",https://www.insurancejournal.com/news/international/2026/07/10/876881.htm,https://www.insurancejournal.com/app/uploads/2026/07/reservoir-breached-after-heavy-rains-in-china-AP-scaled.jpg,http://web.archive.org/web/20260711061914/https://www.insurancejournal.com/news/international/2026/07/10/876881.htm,"The floodwaters that ravaged southern China this week look set to expand to other provinces with the imminent arrival of Super Typhoon Bavi, with scientists warning extreme weather would only grow mo… [+4229 chars]",,"Katastrophale Stürme werden Chinas Widerstandsfähigkeit im Jahr 2026 auf die Probe stellen, warnen Wissenschaftler. Die Überschwemmungen, die diese Woche Südchina verwüsteten, dürften sich mit der bevorstehenden Ankunft des Supertaifuns Bavi auch auf andere Provinzen ausweiten. Wissenschaftler warnen davor, dass extreme Wetterereignisse in diesem Jahr nur noch häufiger auftreten würden. Die erwarteten Wettersysteme werden …","Catastrophic Storms to Test China’s Resilience in 2026, Scientists Warn. The floodwaters that ravaged southern China this week look set to expand to other provinces with the imminent arrival of Super Typhoon Bavi, with scientists warning extreme weather would only grow more frequent this year. The expected weather systems will …","Tempestates catastrophicae probare Sinarum mollitiam in 2026, Scientistae Mone. Aquae diluvii, quae Sinas meridionales populabantur, hac septimana ad alias provincias dilatandas spectant, cum imminenti adventus Super Typhonis Bavi, cum phisicis monitis extremam tempestatem hoc anno tantum frequentius cresceret. Systems tempestas expectata erit ...",2026-07-16 05:48:35+00:00
b3a5b8408f1516101528d08f7bd13014,2026-07-14T02:47:30Z,'typhoon',www.channelnewsasia.com,en,0.7,North Korea urges 'maximum vigilance' as Typhoon Bavi approaches,"SEOUL: North Korea warned of heavy rain and strong winds on Tuesday (Jul 14) as Typhoon Bavi drew near, with leader Kim Jong Un urging ""maximum vigilance"" to prevent damage.Natural disasters tend",https://www.channelnewsasia.com/east-asia/typhoon-bavi-north-korea-weather-heavy-rain-6252406,"https://dam.mediacorp.sg/image/upload/s--hMA4AK3k--/c_crop,h_900,w_1600,x_0,y_120/c_fill,g_auto,h_676,w_1200/fl_relative,g_south_east,l_mediacorp:cna:watermark:2023-11:afp_watermark_14112023,w_0.1/f_auto,q_auto/v1/mediacorp/cna/image/2026/07/14/typhoon_bavi_2.jpg?itok=c5s9OUIm",,"SEOUL: North Korea warned of heavy rain and strong winds on Tuesday (Jul 14) as Typhoon Bavi drew near, with leader Kim Jong Un urging ""maximum vigilance"" to prevent damage.
Natural disasters tend t… [+2166 chars]",,"Nordkorea ruft angesichts des herannahenden Taifuns Bavi zu „höchster Wachsamkeit“ auf. SEOUL: Nordkorea warnte am Dienstag (14. Juli) vor starkem Regen und starken Winden, als sich der Taifun Bavi näherte, und Staatschef Kim Jong Un forderte „höchste Wachsamkeit“, um Schäden zu verhindern. Naturkatastrophen sind häufig","North Korea urges 'maximum vigilance' as Typhoon Bavi approaches. SEOUL: North Korea warned of heavy rain and strong winds on Tuesday (Jul 14) as Typhoon Bavi drew near, with leader Kim Jong Un urging ""maximum vigilance"" to prevent damage.Natural disasters tend","Corea Septentrionalis maximam vigilantiam urget ut Typhoon Bavi accedit. SEOUL: Corea Septentrionalis de gravibus ventis et vehementibus ventis die Martis (Iul 14) admonuit ut Typhoon Bavi appropinquaret, cum duce Kim Jong Un hortatus est ""maximam vigilantiam"" ne damna tendere.",2026-07-16 05:48:35+00:00
fb99abe3b228a4d715d20668f12bf670,2026-07-12T13:44:09Z,'hurricane death',timesofindia.indiatimes.com,en,0.3,"Jharkhand man beats 13-year-old daughter, cousin to death in Dumka; arrested",Dumka: Police arrested a father accused of beating his 13-year-old daughter to death and throwing her into a well; his cousin died intervening.,https://timesofindia.indiatimes.com/city/ranchi/jharkhand-man-beats-13-year-old-daughter-cousin-to-death-in-dumka-arrested/articleshow/132346657.cms,"https://static.toiimg.com/thumb/msid-132346656,width-1280,height-720,resizemode-6,overlay-toi_sw,pt-32,y_pad-600/photo.jpg",http://web.archive.org/web/20260713035551/https://timesofindia.indiatimes.com/city/ranchi/jharkhand-man-beats-13-year-old-daughter-cousin-to-death-in-dumka-arrested/articleshow/132346657.cms,"Follow Us On Social Media
Watch: Assam CM Himanta Sarma Drives Road Roller, Destroys Seized DrugsCharlie Kirk Case: ATF Expert Rips Apart CIA, Mossad &amp; 'Mic Explosion' ClaimsMonster Typhoon Batt… [+2835 chars]",,"Mann aus Jharkhand schlägt 13-jährige Tochter und Cousine in Dumka zu Tode; verhaftet. Dumka: Polizei verhaftet einen Vater, der beschuldigt wird, seine 13-jährige Tochter zu Tode geprügelt und in einen Brunnen geworfen zu haben; sein Cousin starb, als er intervenierte.","Jharkhand man beats 13-year-old daughter, cousin to death in Dumka; arrested. Dumka: Police arrested a father accused of beating his 13-year-old daughter to death and throwing her into a well; his cousin died intervening.","Jharkhand homo XIII annos natam, cognatam in Dumka ad mortem verberat; capiantur. Dumka: Vigilum patrem accusatus XIII annos natam verberandi ad mortem obsedit et eam in puteum coniicit; consobrino suo interveniente decessit.",2026-07-16 15:45:21+00:00
933224b4231af12841efaf80660fc12b,2026-07-11T22:04:14Z,'typhoon',timesofmalta.com,en,0.7,Typhoon makes landfall in China after forcing nearly two million to flee,Typhoon makes landfall in China after forcing nearly two million to fleetimesofmalta.com,https://timesofmalta.com/article/typhoon-makes-landfall-china-forcing-nearly-two-million-flee.1131262,https://cdn-attachments.timesofmalta.com/174369efd92fb91913c2db0eabecfdda60b1a0a3-1783791254-cd02c9e0-1200x630.jpg,,"Typhoon Bavi made landfall late Saturday in eastern China, packing strong winds as it roared ashore after authorities evacuated nearly two million people, state media said.
Before reaching China, th… [+4114 chars]",,"Der Taifun erreicht China und hat fast zwei Millionen Menschen zur Flucht gezwungen. Der Taifun erreicht China, nachdem er fast zwei Millionen Menschen gezwungen hat, Fleetimesofmalta.com zu besuchen",Typhoon makes landfall in China after forcing nearly two million to flee. Typhoon makes landfall in China after forcing nearly two million to fleetimesofmalta.com,Typhon casus in Sinis facit postquam duo fere miliones fugere cogunt. Typhoon traham in Sinis facit cum prope duo milia decies centena millia ad fugetimesofmalta.com cogeret,2026-07-16 15:45:21+00:00
ee61c05ae58e76a1ebbc1b2ea4a5be84,2026-07-11T22:54:00Z,'typhoon',www.channelnewsasia.com,en,0.7,"Typhoon Bavi batters eastern China, threatens days of heavy rain","While Bavi has since weakened to a tropical storm as it pushes inland, forecasters warn that it could unleash prolonged and widespread rain across eastern and northern China in the coming days.",https://www.channelnewsasia.com/east-asia/typhoon-bavi-china-zhejiang-heavy-rain-evacuations-6248586,"https://dam.mediacorp.sg/image/upload/s--ie204fKr--/c_crop,h_900,w_1600,x_0,y_83/c_fill,g_auto,h_676,w_1200/fl_relative,g_south_east,l_mediacorp:cna:watermark:2024-04:reuters_1,w_0.1/f_auto,q_auto/v1/mediacorp/cna/image/2026/07/12/typhoon_bavi_aftermath_china_zhejiang.jpg?itok=C8oPaUxt",http://web.archive.org/web/20260712112045/https://www.channelnewsasia.com/east-asia/typhoon-bavi-china-zhejiang-heavy-rain-evacuations-6248586,"BEIJING: Typhoon Bavi, the most powerful storm to strike mainland China this year, brought heavy rain to the eastern coast on Sunday (Jul 12) and lashed densely populated cities with violent winds, t… [+1216 chars]",,"Der Taifun Bavi wütet im Osten Chinas und droht mit tagelangen Starkregen. Während sich Bavi inzwischen auf seinem Weg ins Landesinnere zu einem tropischen Sturm abgeschwächt hat, warnen Meteorologen, dass er in den kommenden Tagen anhaltende und großflächige Regenfälle über Ost- und Nordchina auslösen könnte.","Typhoon Bavi batters eastern China, threatens days of heavy rain. While Bavi has since weakened to a tropical storm as it pushes inland, forecasters warn that it could unleash prolonged and widespread rain across eastern and northern China in the coming days.","Typhoon Bavi bat Sinae orientalis, diebus pluviae gravibus minatur. Dum Bavi cum tropica tempestate in mediterranea protrudente debilitavit, forecasters monent eam pluviam longam et late diffusam trans Sinas orientales et septentrionales in dies venientes erumpere posse.",2026-07-16 15:45:21+00:00
03963f16123e05d6268d4817e1fe168c,2026-07-11T22:54:03Z,'typhoon',www.channelnewsasia.com,en,0.7,Typhoon makes landfall in China after forcing nearly two million to flee,There was no immediate word on damage or casualties.,https://www.channelnewsasia.com/east-asia/china-typhoon-bavi-two-million-evacuate-6248586,"https://dam.mediacorp.sg/image/upload/s--MIJbajMt--/c_crop,h_900,w_1600,x_0,y_0/c_fill,g_auto,h_676,w_1200/fl_relative,g_south_east,l_mediacorp:cna:watermark:2024-04:reuters_1,w_0.1/f_auto,q_auto/v1/mediacorp/cna/image/2026/07/12/2026-07-11t130304z_1296648684_rc2mbmacdiun_rtrmadp_3_asia-weather-china.jpg?itok=n5Rx-n32",http://web.archive.org/web/20260711230348/https://www.channelnewsasia.com/east-asia/china-typhoon-bavi-two-million-evacuate-6248586,"BEIJING: Typhoon Bavi made landfall late on Saturday (Jul 11) in eastern China, packing strong winds as it roared ashore after authorities evacuated nearly two million people, state media said.
Ther… [+2957 chars]",,Der Taifun erreicht China und hat fast zwei Millionen Menschen zur Flucht gezwungen. Es gab keine unmittelbaren Angaben zu Schäden oder Verlusten.,Typhoon makes landfall in China after forcing nearly two million to flee. There was no immediate word on damage or casualties.,Typhon casus in Sinis facit postquam duo fere miliones fugere cogunt. Verbum nullum in noxa aut in casu immediatum fuit.,2026-07-16 15:45:21+00:00
42947724e2be30b7aacf90307a69fcd5,2026-07-12T02:22:11Z,'typhoon',consent.yahoo.com,en,0.7,"Typhoon Bavi batters east China, Taiwan reports 134 injured",,https://consent.yahoo.com/v2/collectConsent?sessionId=1_cc-session_0649eeaa-0782-4e8a-9b2b-d74a3b5e179e,,,"If you click 'Accept all', we and our partners, including 249 who are part of the IAB Transparency &amp; Consent Framework, will also store and / or access information on a device (in other words, us… [+1046 chars]",,"Taifun Bavi verwüstet Ostchina, Taiwan meldet 134 Verletzte. Keiner","Typhoon Bavi batters east China, Taiwan reports 134 injured. None","Typhoon Bavi uomeu Sinis orientalibus, Taiwan 134 laesum esse tradit. Nullus",2026-07-16 15:45:21+00:00
ecba16f94b247499f4aa229ea7f79c69,2026-07-12T02:48:56Z,'typhoon',rpnradio.com,en,0.7,Bacolod: ‘Inday’ rains displace 420 families in Negros Occidental,"BACOLOD CITY — Around 420 families, or 1,272 people, evacuated from seven barangays in four local government units in Negros Occidental due to flooding caused by heavy rains on Thursday amid the threat of Super Typhoon Inday. The Provincial Disaster Risk Redu…",https://rpnradio.com/bacolod-inday-rains-displace-420-families-in-negros-occidental/,https://rpnradio.com/wp-content/uploads/2026/07/Inday-rains-displace-420-families-in-Negros-Occidental.jpg,,"BACOLOD CITY Around 420 families, or 1,272 people, evacuated from seven barangays in four local government units in Negros Occidental due to flooding caused by heavy rains on Thursday amid the threat… [+3225 chars]",,Bacolod: „Inday“-Regenfälle vertreiben 420 Familien in Negros Occidental. BACOLOD CITY – Rund 420 Familien oder 1.272 Menschen wurden am Donnerstag aufgrund der Überschwemmungen durch starke Regenfälle und der Bedrohung durch den Super-Taifun Inday aus sieben Barangays in vier lokalen Regierungseinheiten in Negros Occidental evakuiert. Die provinzielle Katastrophenrisikoreduzierung…,"Bacolod: ‘Inday’ rains displace 420 families in Negros Occidental. BACOLOD CITY — Around 420 families, or 1,272 people, evacuated from seven barangays in four local government units in Negros Occidental due to flooding caused by heavy rains on Thursday amid the threat of Super Typhoon Inday. The Provincial Disaster Risk Redu…","Bacolod: 'Indies pluviae distendunt 420 familias in Negros Occidentali'. CITY BACOLOD - Circiter 420 familias, vel mille 1,272 homines, e septem barangais in quattuor unitatibus localibus in Negros occidentale emissi sunt propter inundationem imbrium die Iovis inter comminationem Super Typhonis Inday. Calamitas provincialis Risk Redu…",2026-07-16 15:45:21+00:00
44833354b4d4b49bcf1a73af8c81bf27,2026-07-12T04:49:26Z,'typhoon',abcnews.com,en,0.7,Typhoon Bavi brings strong winds and rain to eastern China as more than 2 million people evacuated,Typhoon Bavi is bringing strong winds and heavy rain to eastern China,https://abcnews.com/International/wireStory/typhoon-bavi-brings-strong-winds-rain-eastern-china-134688080,https://i.abcnewsfe.com/a/4b3275a9-8860-4771-a9d7-ead6695bd9d3/wirestory_27518e742d51de72fdd13f1a33c858af_16x9.jpg?w=1600,http://web.archive.org/web/20260713040444/https://abcnews.com/International/wireStory/typhoon-bavi-brings-strong-winds-rain-eastern-china-134688080,BEIJING -- BEIJING (AP) Typhoon Bavi weakened to a severe tropical storm after making landfall in eastern China's Zhejiang province but was still bringing strong winds and heavy rain to eastern China… [+1195 chars],,"Taifun Bavi bringt starke Winde und Regen nach Ostchina, da mehr als 2 Millionen Menschen evakuiert wurden. Taifun Bavi bringt starke Winde und starken Regen nach Ostchina",Typhoon Bavi brings strong winds and rain to eastern China as more than 2 million people evacuated. Typhoon Bavi is bringing strong winds and heavy rain to eastern China,"Typhoon Bavi fortes ventos et pluvias in Sinas Orientales affert, ut plus quam 2 miliones hominum evacuentur. Typhoon Bavi portat ventos validos et pluvias graves ad Sinas Orientales",2026-07-16 15:45:21+00:00
85d000fcbad472b5636c6b5e6fe9956b,2026-07-12T05:31:25Z,'typhoon',www.thehindubusinessline.com,en,0.7,China issues red alert for rainstorms as Typhoon Bavi makes landfall,"Several Chinese cities, including the capital Beijing, have stepped up emergency response measures on Saturday as the local authorities issued a red alert for rainstorms as Typhoon Bavi barrelled down on its east coast",https://www.thehindubusinessline.com/news/china-issues-red-alert-for-rainstorms-as-typhoon-bavi-makes-landfall/article71213145.ece,https://bl-i.thgim.com/public/incoming/yk5yc3/article71213224.ece/alternates/LANDSCAPE_1200/2026-07-12T022331Z_389305878_RC21CMAGT929_RTRMADP_3_ASIA-WEATHER-CHINA.JPG,,"Nearly 2 million people have been evacuated in eastern China as Typhoon Bavi made landfall, bringing strong winds and heavy rain to the region, officials said.
Several Chinese cities, including the … [+2528 chars]",,"China gibt Alarmstufe Rot wegen Regenstürmen aus, da der Taifun Bavi auf Land trifft. Mehrere chinesische Städte, darunter die Hauptstadt Peking, haben am Samstag ihre Notfallmaßnahmen verschärft, da die örtlichen Behörden wegen des Taifuns Bavi, der über die Ostküste hinwegfegte, Alarmstufe Rot wegen Regenstürmen ausriefen","China issues red alert for rainstorms as Typhoon Bavi makes landfall. Several Chinese cities, including the capital Beijing, have stepped up emergency response measures on Saturday as the local authorities issued a red alert for rainstorms as Typhoon Bavi barrelled down on its east coast","Sina exit in imbres rubras erecti sicut Typhoon Bavi traham facit. Plures civitates Sinenses, in quibus capitale Beijing, subitis responsionibus mensuras Sabbati aggressi sunt, sicut loci auctoritates rubras erecti ad imbres edebant sicut Typhoon Bavi in ​​oram orientalem cadens.",2026-07-16 15:45:21+00:00
90cbb3f4964ea4aab1e0c66fead006c5,2026-07-12T10:59:00Z,'typhoon',www.hurriyetdailynews.com,en,0.7,"Typhoon makes landfall in China, downgraded to severe tropical storm","Typhoon Bavi was downgraded to a severe tropical storm on Sunday after making landfall in eastern China, where authorities had evacuated nearly two million people in its path.",https://www.hurriyetdailynews.com/typhoon-makes-landfall-in-china-downgraded-to-severe-tropical-storm-224269,https://image.hurimg.com/i/hurriyet/75/200x200/6a5373707c43e629aa2564aa.jpg,http://web.archive.org/web/20260713062153/https://www.hurriyetdailynews.com/typhoon-makes-landfall-in-china-downgraded-to-severe-tropical-storm-224269,"ZHEJIANG
Typhoon Bavi was downgraded to a severe tropical storm on Sunday after making landfall in eastern China, where authorities had evacuated nearly two million people in its path.
There were n… [+3849 chars]",,"Der Taifun trifft in China auf Land und wird zu einem schweren Tropensturm herabgestuft. Der Taifun Bavi wurde am Sonntag zu einem schweren Tropensturm herabgestuft, nachdem er Ostchina getroffen hatte, wo die Behörden fast zwei Millionen Menschen auf seinem Weg evakuiert hatten.","Typhoon makes landfall in China, downgraded to severe tropical storm. Typhoon Bavi was downgraded to a severe tropical storm on Sunday after making landfall in eastern China, where authorities had evacuated nearly two million people in its path.","Typhoon landum in Sinis facit, in gravem tropicam tempestatem inclinatam. Typhoon Bavi in ​​gravem tropicam tempestatem delapsus est die Dominico postquam in Sinis orientalis iactus est facta, ubi auctores paene duo miliones hominum in suo itinere decesserant.",2026-07-16 15:45:21+00:00
cd4f64afd4cd1010a73a214a25e09439,2026-07-12T12:00:36Z,'typhoon',www.ansa.it,en,0.7,Il tifone Bavi colpisce la Cina,"epa13106630 A worker closes the grill of a drain at a flooded street after the passage of Typhoon Bavi in Yueqing, Wenzhou, in the province of Zhejiang, China, 12 July 026. (ANSA)",https://www.ansa.it/sito/photogallery/primopiano/2026/07/12/il-tifone-bavi-colpisce-la-cina_6ffe845b-3559-4bf8-acd4-783beefa0b6e.html,https://www.ansa.it/webimages/img_1280x720/2026/7/12/ff447b9a33bb2260c0b9b0e63df9b51e.jpg,http://web.archive.org/web/20260713032501/https://www.ansa.it/sito/photogallery/primopiano/2026/07/12/il-tifone-bavi-colpisce-la-cina_6ffe845b-3559-4bf8-acd4-783beefa0b6e.html,"Se hai scelto di non accettare i cookie di profilazione e tracciamento, puoi aderire all’abbonamento ""Consentless"" a un costo molto accessibile, oppure scegliere un altro abbonamento per accedere ad … [+320 chars]",,"Il tifone Bavi kollidierte mit China. epa13106630 Ein Arbeiter schließt das Gitter eines Abflusses an einer überfluteten Straße nach dem Durchzug des Taifuns Bavi in ​​Yueqing, Wenzhou, in der Provinz Zhejiang, China, 12. Juli 2026. (ANSA)","Il tifone Bavi colpisce la Cina. epa13106630 A worker closes the grill of a drain at a flooded street after the passage of Typhoon Bavi in Yueqing, Wenzhou, in the province of Zhejiang, China, 12 July 026. (ANSA)","Il tifone Bavi colpisce la Cina. epa13106630 Operarius craticulam exhauriendi in platea inundata claudit post transitum Typhonis Bavi in ​​Yueqing, Wenzhou in provincia Zhejiang, China, 12 Iulii 026.",2026-07-16 15:45:21+00:00
6d1cc52680b89053f3e1b3341de312e9,2026-07-12T12:07:10Z,'typhoon',www.aljazeera.com,en,0.7,Typhoon Bavi weakens to tropical storm as it slams into eastern China,Storm the size of France expected to bring days of heavy rains and strong winds to eastern and northern provinces.,https://www.aljazeera.com/news/2026/7/12/typhoon-bavi-weakens-to-tropical-storm-as-it-slams-into-eastern-china,https://www.aljazeera.com/wp-content/uploads/2026/07/2026-07-12T004924Z_519614981_RC2ZBMASC0WD_RTRMADP_3_ASIA-WEATHER-CHINA-1783852570.jpg?resize=1920%2C1440,http://web.archive.org/web/20260713062129/https://www.aljazeera.com/news/2026/7/12/typhoon-bavi-weakens-to-tropical-storm-as-it-slams-into-eastern-china,"Tropical Storm Bavi has slammed into eastern China and, despite weakening from a typhoon, has brought heavy rain and violent winds after authorities evacuated nearly two million people.
Bavi is the … [+1584 chars]",,"Der Taifun Bavi schwächt sich zu einem tropischen Sturm ab, als er auf Ostchina trifft. Ein Sturm von der Größe Frankreichs wird voraussichtlich tagelang starke Regenfälle und starke Winde in die östlichen und nördlichen Provinzen bringen.",Typhoon Bavi weakens to tropical storm as it slams into eastern China. Storm the size of France expected to bring days of heavy rains and strong winds to eastern and northern provinces.,"Typhoon Bavi tempestatem tropicam debilitat, ut eam in Sinas Orientales impellit. Tempestas magnitudine Franciae expectat ut dies imbribus et ventis validis in provincias Orientales et Septentrionales perducantur.",2026-07-16 15:45:21+00:00
2d58146ef084cfe2be72a8ddbf4343ff,2026-07-12T02:36:24Z,'typhoon',economictimes.indiatimes.com,en,0.9,Typhoon Bavi batters east China; Taiwan reports 134 injured,"Typhoon Bavi, China's most powerful storm this year, caused widespread damage. Emergency crews cleared streets littered with fallen trees and debris. Nearly two million people were evacuated ahead of the storm's arrival. The typhoon also brought heavy rain an…",https://economictimes.indiatimes.com/news/international/world-news/typhoon-bavi-batters-east-china-taiwan-reports-134-injured/articleshow/132340021.cms,"https://img.etimg.com/thumb/msid-132340032,width-1200,height-630,imgsize-326478,overlay-economictimes/articleshow.jpg",,"Wenzhou, China: Emergency crews on China's east coast used excavators and chainsaws on Sunday to clear streets littered with fallen trees hours after Typhoon Bavi, the most powerful storm to hit the … [+1556 chars]",,"Taifun Bavi verwüstet Ostchina; Taiwan meldet 134 Verletzte. Taifun Bavi, Chinas stärkster Sturm in diesem Jahr, richtete große Schäden an. Einsatzkräfte räumten Straßen, die mit umgestürzten Bäumen und Trümmern übersät waren. Fast zwei Millionen Menschen wurden vor dem Eintreffen des Sturms evakuiert. Der Taifun brachte auch starken Regen und …","Typhoon Bavi batters east China; Taiwan reports 134 injured. Typhoon Bavi, China's most powerful storm this year, caused widespread damage. Emergency crews cleared streets littered with fallen trees and debris. Nearly two million people were evacuated ahead of the storm's arrival. The typhoon also brought heavy rain an…","Typhoon Bavi uomeu Sinarum Orientalium; Persea vulneratum refert CXXXIV. Typhoon Bavi, tempestas validissima Sinarum hoc anno, magnam stragem attulit. Subitis nautae plateas suillo cum caducis arboribus et strages purgaverunt. Fere duo miliones hominum ante tempestatem adventus excesserunt. Typhon etiam pluviam intulit...",2026-07-16 15:45:21+00:00
5f146240c615f3c1b33517970d334ad1,2026-07-12T10:06:36Z,'typhoon',www.irishtimes.com,en,0.9,Typhoon batters eastern China with almost 3m people evacuated,There has been no official reports of deaths or injuries as typhoon weakens to tropical storm,https://www.irishtimes.com/world/asia-pacific/2026/07/12/typhoon-batters-eastern-china-with-almost-3m-people-evacuated/,https://www.irishtimes.com/resizer/v2/KHXA6YGT6HFLNNMR3WQC6BN7O4.jpg?smart=true&auth=614154ce30c0d3615581f1986282f5b5e3f65ce847f6a5fb151d37bcc21a8723&width=1200&height=630,http://web.archive.org/web/20260712120738/https://www.irishtimes.com/world/asia-pacific/2026/07/12/typhoon-batters-eastern-china-with-almost-3m-people-evacuated/,"Typhoon Bavi, the most powerful storm to strike mainland China this year, brought heavy rain to the eastern coast on Sunday and lashed densely populated cities with violent winds, testing the country… [+4549 chars]",,"Taifun verwüstet Ostchina und fast drei Millionen Menschen wurden evakuiert. Es liegen keine offiziellen Berichte über Todesfälle oder Verletzte vor, da sich der Taifun zu einem tropischen Sturm abschwächt",Typhoon batters eastern China with almost 3m people evacuated. There has been no official reports of deaths or injuries as typhoon weakens to tropical storm,Typhoon crepat Sinas Orientales cum 3m fere hominibus emissus. Nulla nuntia publica mortes vel iniurias sicut typhonas ad procellam tropicam labefactat,2026-07-16 15:45:21+00:00
7e0ff81f8a3cd7f27cece51911a32824,2026-07-03T16:36:01Z,'typhoon',consent.yahoo.com,en,0.9,"Guam braces for Super Typhoon Bavi, which may hit at Category 5 hurricane strength",,https://consent.yahoo.com/v2/collectConsent?sessionId=1_cc-session_5169e839-3b53-4415-8787-11b1f52da001,,,"If you click 'Accept all', we and our partners, including 249 who are part of the IAB Transparency &amp; Consent Framework, will also store and / or access information on a device (in other words, us… [+1046 chars]",,"Guam bereitet sich auf den Supertaifun Bavi vor, der möglicherweise Hurrikanstärke der Kategorie 5 erreicht. Keiner","Guam braces for Super Typhoon Bavi, which may hit at Category 5 hurricane strength. None","Guam adstringit Super Typhonem Bavi, quod forte categoriam 5 turbinis feriet. Nullus",2026-07-16 21:14:00+00:00
5e9fa5d43357ac604ffd6eb989891d60,2026-07-07T17:56:09Z,'typhoon',www.aljazeera.com,en,0.7,Tornadoes kill 17 in central China as Typhoon Bavi looms offshore,"Severe rain and winds lash southern Guangxi and central Hubei provinces, with President Xi urging an 'all out' response.",https://www.aljazeera.com/news/2026/7/7/tornadoes-kill-17-in-central-china-as-typhoon-bavi-looms-offshore,https://www.aljazeera.com/wp-content/uploads/2026/07/afp_6a4d2ffcb78d-1783443452.jpg?resize=1920%2C1440,http://web.archive.org/web/20260708004619/https://www.aljazeera.com/news/2026/7/7/tornadoes-kill-17-in-central-china-as-typhoon-bavi-looms-offshore,"Tornadoes and storms battering central China have killed at least 17 people, injured hundreds and forced tens of thousands to flee their homes, with President Xi Jinping calling for all-out rescue ef… [+2501 chars]",,"Tornados töten 17 Menschen in Zentralchina, während der Taifun Bavi vor der Küste droht. Heftiger Regen und Winde wüten im Süden von Guangxi und in den zentralen Provinzen Hubei, und Präsident Xi drängt auf eine „umfassende“ Reaktion.","Tornadoes kill 17 in central China as Typhoon Bavi looms offshore. Severe rain and winds lash southern Guangxi and central Hubei provinces, with President Xi urging an 'all out' response.","Tornadoes 17 in media Sina occidunt ut Typhoon Bavi in ​​litore adsurgat. Imbribus ac ventis graves Guangxi meridionales et Hubei provincias centrales verberant, cum Praeses Xi responsionis ""omnia"" proclamante.",2026-07-17 15:24:17+00:00
b7cc6d48978f92315be8e852a573638a,2026-07-10T12:49:14Z,'typhoon',www.aljazeera.com,en,0.7,Philippines landslides kill 15 as Typhoon Bavi threatens region,Typhoon Bavi is intensifying seasonal monsoon rains across the region as it moves towards Taiwan and China.,https://www.aljazeera.com/news/2026/7/10/philippines-landslides-kill-15-as-typhoon-bavi-threatens-region,https://www.aljazeera.com/wp-content/uploads/2026/07/afp_6a4a7e69900b-1783266921.jpg?resize=1920%2C1440,http://web.archive.org/web/20260711033434/https://www.aljazeera.com/news/2026/7/10/philippines-landslides-kill-15-as-typhoon-bavi-threatens-region,"More than a dozen people have been killed in landslides in the Philippines as Typhoon Bavi bears down on the region.
A landslide early on Friday killed 10 people as it hit Malapatan in the southern … [+1783 chars]",,"Erdrutsche auf den Philippinen töten 15 Menschen, während Taifun Bavi die Region bedroht. Der Taifun Bavi verstärkt die saisonalen Monsunregen in der gesamten Region, während er sich Richtung Taiwan und China bewegt.",Philippines landslides kill 15 as Typhoon Bavi threatens region. Typhoon Bavi is intensifying seasonal monsoon rains across the region as it moves towards Taiwan and China.,Philippinae proruit 15 sicut Typhoon Bavi regioni imminet. Typhoon Bavi auget imbres temporis temporis ETESIA per regionem movens ad Taiwan et Sinas.,2026-07-17 15:24:17+00:00
829a7da905f872bb0e0d344938f4bd16,2026-07-10T14:08:37Z,'typhoon',www.aljazeera.com,en,0.9,Super typhoon as wide as France heads to East Asia,"As Super Typhoon Bavi approaches, residents in Taiwan, Japan and China have been stockpiling supplies.",https://www.aljazeera.com/video/newsfeed/2026/7/10/super-typhoon-as-wide-as-france-heads-to-east-asia,https://www.aljazeera.com/wp-content/uploads/2026/07/image-1783692483.jpg?resize=1920%2C1080&quality=80,,"NewsFeed
As Super Typhoon Bavi approaches, residents in Taiwan, Japan and China have been stockpiling supplies and closing businesses. Hundreds of fishing boats have rushed back to port to shelter f… [+60 chars]",,"Supertaifun so breit wie Frankreich zieht auf Ostasien zu. Während sich der Supertaifun Bavi nähert, haben Einwohner in Taiwan, Japan und China Vorräte angelegt.","Super typhoon as wide as France heads to East Asia. As Super Typhoon Bavi approaches, residents in Taiwan, Japan and China have been stockpiling supplies.","Super- typhon tam latissimum quam Gallia capita Asiae orientalis. Ut Super Typhoon Bavi appropinquat, habitant in Taiwan, Iaponia et Sinis commeatus magnos fuisse.",2026-07-17 15:24:17+00:00
4aac94decd3075c90d66d25b00004ef1,2026-07-07T13:22:23Z,'hurricane evacuation',www.insurancejournal.com,en,0.2,"Faster, Fiercer Wildfires Are Testing Evacuation Plans","On a warm summer morning, two fire officials navigate an SUV along a narrow road that switchbacks high into the hills above the town of Fairfax, California, where thickets of trees conceal hundreds of homes. When the road dead-ends, they …",https://www.insurancejournal.com/news/west/2026/07/07/876466.htm,https://www.insurancejournal.com/app/uploads/2026/07/Marin-County-fire-excape-route_Bloomberg-scaled.jpg,http://web.archive.org/web/20260708153634/https://www.insurancejournal.com/news/west/2026/07/07/876466.htm,"On a warm summer morning, two fire officials navigate an SUV along a narrow road that switchbacks high into the hills above the town of Fairfax, California, where thickets of trees conceal hundreds o… [+7124 chars]",,"Schnellere und heftigere Waldbrände stellen Evakuierungspläne auf die Probe. An einem warmen Sommermorgen steuern zwei Feuerwehrleute einen SUV über eine schmale Straße, die in Serpentinen hoch in die Hügel über der Stadt Fairfax in Kalifornien führt, wo sich unter Baumdickichten Hunderte von Häusern verbergen. Wenn die Straße in einer Sackgasse endet, …","Faster, Fiercer Wildfires Are Testing Evacuation Plans. On a warm summer morning, two fire officials navigate an SUV along a narrow road that switchbacks high into the hills above the town of Fairfax, California, where thickets of trees conceal hundreds of homes. When the road dead-ends, they …","Velocius, ferocius Wildfires Evacuationis consilia temptant. In aestate calido mane duo ministri ignis SUV per angustam viam navigant quae switchbacks altae in colles supra oppidum Fairfax, Californiae, ubi dumeta arborum centum domos celant. Cum via mortua finitur...",2026-07-17 21:05:39+00:00
1dc084f789e4ec445b32cf26f946efbb,2026-07-05T22:13:23Z,veryUnusualAndNeverUsedKeyword,slashdot.org,en,0.7,Guam and surrounding Pacific islands brace for impact of Super Typhoon Bavi - NPR,Guam and surrounding Pacific islands brace for impact of Super Typhoon BaviNPR 'Catastrophic' Super Typhoon Bavi aims at US Pacific island RotaYahoo Fierce winds hit US Pacific territories as Super Typhoon Bavi approaches near GuamWAVY.com Guam and Northern M…,https://slashdot.org/firehose.pl?op=view&amp;id=184323072,,http://web.archive.org/web/20160119174443/http://slashdot.org/firehose.pl?op=view,The Fine Print: The following comments are owned by whoever posted them. We are not responsible for them in any way.,,"Guam und die umliegenden pazifischen Inseln bereiten sich auf den Einschlag des Supertaifuns Bavi vor – NPR. Guam und die umliegenden pazifischen Inseln bereiten sich auf die Auswirkungen des Supertaifuns BaviNPR vor. „Katastrophaler“ Supertaifun Bavi zielt auf die US-Pazifikinsel RotaYahoo. Heftige Winde treffen auf US-Pazifikgebiete, als sich der Supertaifun Bavi in ​​der Nähe von Guam nähert. WAVY.com Guam und der nördliche M…",Guam and surrounding Pacific islands brace for impact of Super Typhoon Bavi - NPR. Guam and surrounding Pacific islands brace for impact of Super Typhoon BaviNPR 'Catastrophic' Super Typhoon Bavi aims at US Pacific island RotaYahoo Fierce winds hit US Pacific territories as Super Typhoon Bavi approaches near GuamWAVY.com Guam and Northern M…,Guam et insulas Pacificas circumiacentes ue ad impulsum Super Typhonis Bavi - NPR. Guam et circumiacentes insulas Pacificas ue ad impulsum Super Typhoon BaviNPR 'Classtrophicum' Super Typhoon Bavi intendit in US Pacifici insulae RotaYahoo ventos feros US Pacific fines ferire sicut Super Typhoon Bavi appropinquat prope GuamWAVY.com Guam et Septentrionalem M…,2026-07-20 06:24:48+00:00
4842049295a49092e5228ca8c280cecd,2026-07-06T04:12:54Z,'typhoon',slashdot.org,en,0.7,Fierce winds hit US Pacific territories as Super Typhoon Bavi makes landfall near Guam - AP News,Fierce winds hit US Pacific territories as Super Typhoon Bavi makes landfall near GuamAP News 'Major' damage as Super Typhoon Bavi hits US island of RotaYahoo Typhoon Bavi Pounds Guam and Other Pacific U.S. TerritoriesThe New York Times Super Typhoon Bavi mak…,https://slashdot.org/firehose.pl?op=view&amp;id=184326058,,http://web.archive.org/web/20160119174443/http://slashdot.org/firehose.pl?op=view,The Fine Print: The following comments are owned by whoever posted them. We are not responsible for them in any way.,,"Heftige Winde treffen auf US-Pazifikgebiete, als der Supertaifun Bavi in ​​der Nähe von Guam auf Land trifft – AP News. Heftige Winde treffen US-Pazifikgebiete, als der Supertaifun Bavi in ​​der Nähe von Guam auf Land trifft. AP News „Großer“ Schaden, als Supertaifun Bavi die US-Insel Rota trifft.",Fierce winds hit US Pacific territories as Super Typhoon Bavi makes landfall near Guam - AP News. Fierce winds hit US Pacific territories as Super Typhoon Bavi makes landfall near GuamAP News 'Major' damage as Super Typhoon Bavi hits US island of RotaYahoo Typhoon Bavi Pounds Guam and Other Pacific U.S. TerritoriesThe New York Times Super Typhoon Bavi mak…,Venti feroces fines Pacifici US attingunt sicut Eximius Typhoon Bavi terrae ruinam prope Guam - AP News facit. Ventis feri US Pacifici fines feriunt sicut Eximius Typhoon Bavi iacturam facit prope GuamAP News 'Major' damnum sicut Super Typhoon Bavi US insulam RotaYahoo Typhoon Bavi Pounds Guam et Alia Pacific US Territoria Novi Eboraci Times Super Typhoon Bavi mak…,2026-07-20 06:24:48+00:00
410ca5b1d11a9485e2f932f6b2ef8044,2026-07-06T15:51:15Z,'typhoon',www.foxweather.com,en,0.7,Hurricane force wind gusts slam Mariana Islands as Super Typhoon Bavi brings life-threatening impacts,"Super Typhoon Bavi remains a massive Category 5 equivalent storm as it continues to barrel through the Mariana Islands, currently moving directly through Rota.",https://www.foxweather.com/weather-news/super-typhoon-bavi-mariana-islands-guam-life-threatening-conditions#google_vignette,https://nypost.com/wp-content/uploads/sites/2/2026/07/133499504.jpg?quality=75&strip=all&w=1200,http://web.archive.org/web/20260716222705/https://www.foxweather.com/weather-news/super-typhoon-bavi-mariana-islands-guam-life-threatening-conditions,"MARIANA ISLANDS – Super Typhoon Bavi remains a massive Category 5 equivalent storm as it continues to barrel through the Mariana Islands, currently moving directly through Rota.
This exceptionally p… [+2249 chars]",,"Windböen in Hurrikanstärke treffen die Marianeninseln, während der Supertaifun Bavi lebensbedrohliche Auswirkungen hat. Der Supertaifun Bavi bleibt ein gewaltiger Sturm der Kategorie 5, der weiterhin über die Marianeninseln fegt und sich derzeit direkt durch Rota bewegt.","Hurricane force wind gusts slam Mariana Islands as Super Typhoon Bavi brings life-threatening impacts. Super Typhoon Bavi remains a massive Category 5 equivalent storm as it continues to barrel through the Mariana Islands, currently moving directly through Rota.","Procellae procellarum vis ventorum impulit Insulas Marianas sicut Super Typhoon Bavi vitam minas impulsus affert. Super Typhoon Bavi manet categoria ingens 5 tempestas aequivalens cum dolio per insulas Marianas, nunc directe per Rotam movens.",2026-07-20 06:24:48+00:00
b6b7b0446888128c03e490cc263b49fe,2026-07-10T12:52:47Z,veryUnusualAndNeverUsedKeyword,slashdot.org,en,0.7,"Taiwan, Japan and south-eastern China brace for Typhoon Bavi as landslides kill 15 in Philippines - BBC","Taiwan, Japan and south-eastern China brace for Typhoon Bavi as landslides kill 15 in PhilippinesBBC Typhoon Bavi eyes Taiwan, China after hammering Guam, US Northern MarianasThe Weather Channel Taiwan Suspends Stock Trading and Shuts Schools as Typhoon Nears…",https://slashdot.org/firehose.pl?op=view&amp;id=184392588,,http://web.archive.org/web/20160119174443/http://slashdot.org/firehose.pl?op=view,The Fine Print: The following comments are owned by whoever posted them. We are not responsible for them in any way.,,"Taiwan, Japan und Südostchina bereiten sich auf den Taifun Bavi vor, während Erdrutsche auf den Philippinen 15 Menschen töten – BBC. Taiwan, Japan und Südostchina bereiten sich auf Taifun Bavi vor, während Erdrutsche auf den Philippinen 15 Menschen tötenBBC Taifun Bavi beobachtet Taiwan und China, nachdem er Guam und die nördlichen Marianen der USA getroffen hatThe Weather Channel Taiwan stellt den Aktienhandel ein und schließt Schulen, da der Taifun näher rückt…","Taiwan, Japan and south-eastern China brace for Typhoon Bavi as landslides kill 15 in Philippines - BBC. Taiwan, Japan and south-eastern China brace for Typhoon Bavi as landslides kill 15 in PhilippinesBBC Typhoon Bavi eyes Taiwan, China after hammering Guam, US Northern MarianasThe Weather Channel Taiwan Suspends Stock Trading and Shuts Schools as Typhoon Nears…","Taiwan, Iaponia et Sinis australis-orientales stringit Typhoon Bavi ut proruit 15 in Philippinis - BBC. Taiwan, Iaponia et australis-orientalis Sinarum bracchia Typhonis Bavi ut proruit 15 in PhilippinesBBC Typhoon Bavi oculos Taiwan, Sinas cum percussione Guam, US Septentrionalium MarianasThe Tempestas Channel Taiwan suspendit Stock Trading et Shuts Schools ut Typhoon Nears…",2026-07-20 06:24:48+00:00
872ec246c4553c5239fc42828d309df1,2026-07-14T06:22:00Z,'tropical cyclone',www.channelnewsasia.com,en,0.7,"More than 260,000 evacuated in China as Typhoon Bavi brings severe floods","HONG KONG: The most powerful storm to strike mainland China this year forced more than 260,000 people to evacuate their homes in northeastern Liaoning province, as Typhoon Bavi brought intense flooding.",https://www.channelnewsasia.com/east-asia/typhoon-bavi-china-floods-people-evacuated-6252536,"https://dam.mediacorp.sg/image/upload/s--OKPkPMWT--/c_fill,g_auto,h_676,w_1200/fl_relative,g_south_east,l_mediacorp:cna:watermark:2024-04:reuters_1,w_0.1/f_auto,q_auto/v1/one-cms/core/2026-07-13T052912Z_1_LYNXMPEM6C06O_RTROPTP_3_ASIA-WEATHER-CHINA.JPG?itok=zCYoYWPs",http://web.archive.org/web/20260714081029/https://www.channelnewsasia.com/east-asia/typhoon-bavi-china-floods-people-evacuated-6252536,"All schools and training institutions have been ordered to suspend classes, while transport services have been largely disrupted in northeastern cities, including in Shenyang and Jilin.
Bavi, coveri… [+622 chars]",,"Mehr als 260.000 Menschen wurden in China evakuiert, da der Taifun Bavi schwere Überschwemmungen mit sich brachte. HONGKONG: Der stärkste Sturm auf dem chinesischen Festland in diesem Jahr zwang mehr als 260.000 Menschen zur Evakuierung ihrer Häuser in der nordöstlichen Provinz Liaoning, da der Taifun Bavi schwere Überschwemmungen mit sich brachte.","More than 260,000 evacuated in China as Typhoon Bavi brings severe floods. HONG KONG: The most powerful storm to strike mainland China this year forced more than 260,000 people to evacuate their homes in northeastern Liaoning province, as Typhoon Bavi brought intense flooding.","Plus quam 26000 millia in Sinis evacuefacta ut Typhoon Bavi graves inundationes affert. HONG KONG: Validissima tempestas continenti Sinas ferire hoc anno coegit plus quam 26000 homines ad domos suas in provincia septentrionali Liaoning decedere, sicut Typhoon Bavi intensiorem inundationem attulit.",2026-07-20 06:24:48+00:00
47d4efe14903bb843ea0906a22b84b9c,2026-07-05T16:52:56Z,'typhoon',slashdot.org,en,0.9,'Very dangerous' super typhoon nears US Pacific islands - Yahoo,'Very dangerous' super typhoon nears US Pacific islandsYahoo US Northern Marianas Threatened by Second Super Typhoon in 2026Bloomberg.com Evacuations in Guam as super typhoon Bavi approachesBBC 3 Facts About Super Typhoon Bavi. One Of The Strongest Storms Of …,https://slashdot.org/firehose.pl?op=view&amp;id=184320358,,http://web.archive.org/web/20160119174443/http://slashdot.org/firehose.pl?op=view,The Fine Print: The following comments are owned by whoever posted them. We are not responsible for them in any way.,,"„Sehr gefährlicher“ Supertaifun nähert sich Pazifikinseln in den USA – Yahoo. „Sehr gefährlicher“ Supertaifun nähert sich den pazifischen Inseln der USAYahoo Nördliche Marianen der USA werden 2026 vom zweiten Supertaifun bedrohtBloomberg.com Evakuierungen in Guam, während sich der Supertaifun Bavi nähertBBC 3 Fakten über den Supertaifun Bavi. Einer der stärksten Stürme von …",'Very dangerous' super typhoon nears US Pacific islands - Yahoo. 'Very dangerous' super typhoon nears US Pacific islandsYahoo US Northern Marianas Threatened by Second Super Typhoon in 2026Bloomberg.com Evacuations in Guam as super typhoon Bavi approachesBBC 3 Facts About Super Typhoon Bavi. One Of The Strongest Storms Of …,"""Periculosum"" super typhoon appropinquat insulis Pacificis US - Yahoo. ""Periculosum"" super typhoon appropinquat US Pacific insulasYahoo US Northern Marianas comminatus a Secundo Super Typhoon in 2026Bloomberg.com Evacuationes in Guam sicut super typhon Bavi approachBBC 3 Facts About Super Typhoon Bavi. Una fortissima tempestatum De ...",2026-07-20 06:24:48+00:00
0ef8397be0827287d07a1106eb5a55af,2026-07-07T08:48:32Z,veryUnusualAndNeverUsedKeyword,biztoc.com,en,0.9,Thousands without power in US Pacific islands after super typhoon,"Tens of thousands of people were without power Tuesday on Guam and the Northern Marianas after a super typhoon tore through the US Pacific territories, with no casualties reported.
The small island of Rota was the worst affected after a direct hit from Super …",https://biztoc.com/x/f80c1136a5316dde,https://biztoc.com/cdn/f80c1136a5316dde_s.webp,,"Tens of thousands of people were without power Tuesday on Guam and the Northern Marianas after a super typhoon tore through the US Pacific territories, with no casualties reported.The small island of… [+143 chars]",,"Tausende ohne Strom auf den pazifischen Inseln der USA nach Super-Taifun. Zehntausende Menschen waren am Dienstag auf Guam und den Nördlichen Marianen ohne Strom, nachdem ein Supertaifun über die Pazifikgebiete der USA hinwegfegte, ohne dass es Todesopfer gab.
Die kleine Insel Rota war nach einem Volltreffer von Super … am stärksten betroffen.","Thousands without power in US Pacific islands after super typhoon. Tens of thousands of people were without power Tuesday on Guam and the Northern Marianas after a super typhoon tore through the US Pacific territories, with no casualties reported.
The small island of Rota was the worst affected after a direct hit from Super …","Milia sine potentia in insulis Pacificis US post super typhonium. Decem milia hominum sine potestate Martis in Guam et Marianas Septentrionales post typhonium super terras Pacifici US per fines, nullis casibus retulerunt.
Parva Rota insula pessime affecta est post ictus directus e Super ...",2026-07-20 06:24:48+00:00
90cccbf1e2549c82d8b937cb3490c1b1,2026-07-11T08:33:39Z,'typhoon',www.rte.ie,en,0.9,"Over 900,000 people flee homes in China ahead of typhoon","More than 900,000 people have fled their homes in China, officials said, as an approaching typhoon lashed northern Taiwan and Japan's southwestern islands.",https://www.rte.ie/news/world/2026/0711/1582867-typhoon-bavi/,https://www.rte.ie/images/0024ada7-1600.jpg,http://web.archive.org/web/20260711114049/https://www.rte.ie/news/world/2026/0711/1582867-typhoon-bavi/,"More than 900,000 people have fled their homes in China, officials said, as an approaching typhoon lashed northern Taiwan and Japan's remote southwestern islands, toppling trees and leaving tens of t… [+2733 chars]",,"Über 900.000 Menschen fliehen vor dem Taifun aus ihren Häusern in China. Mehr als 900.000 Menschen seien in China aus ihren Häusern geflohen, sagten Beamte, als ein herannahender Taifun Nordtaiwan und Japans südwestliche Inseln verwüstete.","Over 900,000 people flee homes in China ahead of typhoon. More than 900,000 people have fled their homes in China, officials said, as an approaching typhoon lashed northern Taiwan and Japan's southwestern islands.","Plus 900.000 hominum domos fugiunt in Sinis ante typhonium. Plus quam 900.000 homines in Sinis domos suas refugerunt, magistratus dixerunt, appropinquantem typhonium Taiwan septentrionalem et insulas meridionales Iaponiae verberasse.",2026-07-20 06:24:48+00:00
3fea3b14f23beb1bd53441024fdbdb57,2026-07-11T09:51:11Z,veryUnusualAndNeverUsedKeyword,punchng.com,en,0.9,"Over 900,000 people flee in China as typhoon lashes Taiwan, Japan islands","Typhoon Bavi forces over 900,000 evacuations in China and causes widespread power outages in Taiwan and Japan. Get the latest updates on the storm’s impact

Read More: https://punchng.com/over-900000-people-flee-in-china-as-typhoon-lashes-taiwan-japan-islands/",https://punchng.com/over-900000-people-flee-in-china-as-typhoon-lashes-taiwan-japan-islands/,https://punchng.com/wp-content/uploads/2026/07/AFP__20260710__B9TP348__v3__MidRes__TopshotTaiwanWeatherTyphoon_1783759860-1200x630.webp,http://web.archive.org/web/20260712035254/https://punchng.com/over-900000-people-flee-in-china-as-typhoon-lashes-taiwan-japan-islands/,"More than 900,000 people have fled their homes in China, the government said, as an approaching typhoon lashed northern Taiwan and Japan’s remote southwestern islands on Saturday, toppling trees and … [+4549 chars]",,"Über 900.000 Menschen fliehen in China, als der Taifun die Inseln Taiwan und Japan heimsucht. Taifun Bavi erzwingt über 900.000 Evakuierungen in China und verursacht weit verbreitete Stromausfälle in Taiwan und Japan. Erhalten Sie die neuesten Updates zu den Auswirkungen des Sturms

Lesen Sie mehr: https://punchng.com/over-900000-people-flee-in-china-as-typhoon-lashes-taiwan-japan-islands/","Over 900,000 people flee in China as typhoon lashes Taiwan, Japan islands. Typhoon Bavi forces over 900,000 evacuations in China and causes widespread power outages in Taiwan and Japan. Get the latest updates on the storm’s impact

Read More: https://punchng.com/over-900000-people-flee-in-china-as-typhoon-lashes-taiwan-japan-islands/","Plus 900.000 hominum in Sinis fugiunt ut typhon verbera Taiwan, Iaponiae insulae sunt. Typhoon Bavi copias super 900.000 evacuationes in Sinis facit et vim outages in Taiwan et Iaponia late diffusa facit. Novissimas updates in tempestate impulsum

Lege More: https://punchng.com/over-900000-people-flee-in-china-as-typhoon-lashes-taiwan-japan-islands/",2026-07-20 06:24:48+00:00
9c2a088f8e1a50963cf68ef730ff8a33,2026-07-11T17:50:10Z,'typhoon',punchng.com,en,0.9,"Millions flee as Typhoon Bavi hits China, causes travel disruption","Typhoon Bavi makes landfall in eastern China, forcing nearly two million evacuations and causing widespread travel disruption. Get the latest updates on th

Read More: https://punchng.com/millions-flee-as-typhoon-bavi-hits-china-causes-travel-disruption/",https://punchng.com/millions-flee-as-typhoon-bavi-hits-china-causes-travel-disruption/,https://punchng.com/wp-content/uploads/2026/07/AFP__20260711__B9WF6XL__v3__MidRes__TopshotTaiwanWeatherTyphoon_1783791408-1200x630.webp,,"Typhoon Bavi made landfall late Saturday in eastern China, packing strong winds as it roared ashore after authorities evacuated nearly two million people, state media said.
Before reaching China, th… [+4476 chars]",,"Millionen fliehen, als der Taifun Bavi China trifft und zu Reiseunterbrechungen führt. Der Taifun Bavi trifft im Osten Chinas auf Land, erzwingt fast zwei Millionen Evakuierungen und führt zu weitreichenden Reisebehinderungen. Erhalten Sie die neuesten Updates zum Thema

Lesen Sie mehr: https://punchng.com/millions-flee-as-typhoon-bavi-hits-china-causes-travel-disruption/","Millions flee as Typhoon Bavi hits China, causes travel disruption. Typhoon Bavi makes landfall in eastern China, forcing nearly two million evacuations and causing widespread travel disruption. Get the latest updates on th

Read More: https://punchng.com/millions-flee-as-typhoon-bavi-hits-china-causes-travel-disruption/","Millions fuge sicut Typhoon Bavi Sinas pervenit, discidium iter facit. Typhoon Bavi casus in Sinis orientalibus facit, ui fere duo miliones evacuationes et disrumpationem peregrinationem diffundentes. Get the latest updates on th

Lege More: https://punchng.com/millions-flee-as-typhoon-bavi-hits-china-causes-travel-disruption/",2026-07-20 06:24:48+00:00
42b0db71182991a974e509c66b476217,2026-07-17T17:06:21Z,'flooding tropical',allears.net,en,0.7,Why You Need To Pack Your Rain Gear For Disney World Next Week,The system could evolve into the 2026 Atlantic Hurricane System's next named storm.,https://allears.net/2026/07/17/why-you-need-to-pack-your-rain-gear-for-disney-world-next-week/,https://allears.net/wp-content/uploads/2024/10/2024-wdw-hurricane-milton-guests-walking-rain-storm-buses-transportation-1-700x525.jpg,,"The National Hurricane Center is currently tracking a storm system near Florida that could potentially become the 2026 Atlantic Hurricane Seasons next tropical depression or storm.
Hurricanes and ba… [+2195 chars]",,Warum Sie nächste Woche Ihre Regenausrüstung für Disney World einpacken müssen. Das System könnte sich zum nächsten benannten Sturm des Atlantic Hurricane Systems im Jahr 2026 entwickeln.,Why You Need To Pack Your Rain Gear For Disney World Next Week. The system could evolve into the 2026 Atlantic Hurricane System's next named storm.,Quare necesse est ut stipant tuum Apparatus Pluviae Pro Disney Mundus Proxima Hebdomada. Systema evolvere potuit in 2026 Systema Atlanticum Procellae tempestatis proximo nomine.,2026-07-20 16:00:08+00:00
6b6c16231ffb561fd4430b871666bc0b,2026-07-09T07:22:08Z,'flooding tropical',abcnews.com,en,0.8,Flooding in southern China has killed 39 people,Authorities in southern China say 39 people have died in flooding after days of heavy rainfall from a tropical storm,https://abcnews.com/International/wireStory/flooding-southern-china-killed-39-people-134607710,https://i.abcnewsfe.com/a/30b2dbc1-1cee-4506-b810-082f8311ed01/wirestory_e0d8291a25627d8b62595739b51a569e_16x9.jpg?w=1600,,"BEIJING -- Authorities in southern China said Thursday that 39 people died in flooding after a tropical storm dumped heavy rainfall, as Taiwan and China's east coast prepared for a typhoon expected t… [+2405 chars]",,Bei Überschwemmungen im Süden Chinas kamen 39 Menschen ums Leben. Nach tagelangen heftigen Regenfällen eines Tropensturms sind nach tagelangen starken Regenfällen nach Angaben der Behörden in Südchina 39 Menschen bei Überschwemmungen ums Leben gekommen,Flooding in southern China has killed 39 people. Authorities in southern China say 39 people have died in flooding after days of heavy rainfall from a tropical storm,Inundatio in Sinis meridianis 39 homines necavit. Auctoritates in Sinis meridionalibus dicunt 39 homines in inundatione mortui post dies pluviae graves a tempestate tropica,2026-07-20 16:00:08+00:00
cd15987cc390f10b10b7710d0d5c4f08,2026-07-09T11:19:17Z,'flooding tropical',www.cbc.ca,en,0.9,Taiwan braces for powerful typhoon after floods in China kill dozens,"Authorities in southern China said Thursday that 39 people have died in flooding from tropical storm Maysak, as Taiwan and China's east coast braced for another major storm expected to make landfall in the coming days.",https://www.cbc.ca/news/world/china-floods-taiwan-typhoon-9.7263848,"https://i.cbc.ca/ais/3185a5db-39c8-4643-9aac-4f306606665a,1783577097944/full/max/0/default.jpg?im=Crop%2Crect%3D%280%2C200%2C3832%2C2155%29%3BResize%3D620",http://web.archive.org/web/20260710113402/https://www.cbc.ca/news/world/china-floods-taiwan-typhoon-9.7263848,"Authorities in southern China said Thursday that 39 people have died in flooding from tropical storm Maysak, as Taiwan and China's east coast braced for another major storm expected to make landfall … [+1643 chars]",,"Taiwan bereitet sich auf starken Taifun vor, nachdem Überschwemmungen in China Dutzende Todesopfer gefordert haben. Behörden im Süden Chinas teilten am Donnerstag mit, dass 39 Menschen bei Überschwemmungen durch den Tropensturm Maysak ums Leben gekommen seien, während Taiwan und Chinas Ostküste sich auf einen weiteren schweren Sturm vorbereiteten, der in den kommenden Tagen auf Land treffen dürfte.","Taiwan braces for powerful typhoon after floods in China kill dozens. Authorities in southern China said Thursday that 39 people have died in flooding from tropical storm Maysak, as Taiwan and China's east coast braced for another major storm expected to make landfall in the coming days.","Taiwan capreolis potentibus typhonium post diluvia in Sinis justos necant. Auctoritates in Sinis meridianis Iovis dixerunt 39 homines in inundatione a tempestate tropica Maysak periisse, sicut Taiwan et Sinarum orae orientalis ad aliam maiorem tempestatem comparatae exspectantur ut in diebus proximis elaboremus.",2026-07-20 16:00:08+00:00
40816b7af70b5bf72d701333bfc36a40,2026-07-13T11:19:45Z,'flooding tropical',www.insurancejournal.com,en,0.9,China to See Unusually Active Typhoon Season After Bavi Passes,"China may encounter stronger and more frequent tropical cyclones over the summer months, according to the national climate agency, even after Typhoon Bavi faded over the weekend without causing the widespread flooding that some forecasters had feared. In its …",https://www.insurancejournal.com/news/international/2026/07/13/877292.htm,https://www.insurancejournal.com/app/uploads/2026/07/damage-from-typhoon-bavi-in-china-getty-scaled.jpg,http://web.archive.org/web/20260713223552/https://www.insurancejournal.com/news/international/2026/07/13/877292.htm,"China may encounter stronger and more frequent tropical cyclones over the summer months, according to the national climate agency, even after Typhoon Bavi faded over the weekend without causing the w… [+1714 chars]",,"China erlebt nach dem Bavi-Pass eine ungewöhnlich aktive Taifun-Saison. Nach Angaben der nationalen Klimabehörde könnte es in China in den Sommermonaten zu stärkeren und häufigeren tropischen Wirbelstürmen kommen, selbst nachdem der Taifun Bavi am Wochenende abgeklungen ist, ohne die großflächigen Überschwemmungen auszulösen, die einige Prognostiker befürchtet hatten. In seiner …","China to See Unusually Active Typhoon Season After Bavi Passes. China may encounter stronger and more frequent tropical cyclones over the summer months, according to the national climate agency, even after Typhoon Bavi faded over the weekend without causing the widespread flooding that some forecasters had feared. In its …","Sinis videre insolitus Active Typhoon Season Post Bavi Transit. Sinis fortioribus et crebrioribus cyclis tropicis per menses aestivos occurrere potest, secundum procurationem climatis nationalis, etiam postquam Typhoon Bavi super volutpat inveteravit, sine causa divulgationis inundationis quod aliqui forecastes timuerunt. In eius ...",2026-07-20 16:00:08+00:00
54420b0c75b2cbda94b795ddc945f1b4,2026-07-09T08:52:32Z,'flooding tropical',slashdot.org,en,0.7,"Wild Video Shows Quadcopter Drone Plucking Man From Raging Floodwaters, Whisking Him to Safety - Futurism","Wild Video Shows Quadcopter Drone Plucking Man From Raging Floodwaters, Whisking Him to SafetyFuturism Typhoon, tornadoes, landslides: deadly weather ravages China – in picturesThe Guardian Flooding from Tropical Storm Maysak kills 39 in southern ChinaAl Jaze…",https://slashdot.org/firehose.pl?op=view&amp;id=184376086,,http://web.archive.org/web/20160119174443/http://slashdot.org/firehose.pl?op=view,The Fine Print: The following comments are owned by whoever posted them. We are not responsible for them in any way.,,"Wildes Video zeigt Quadrocopter-Drohne, die einen Mann aus tosenden Überschwemmungen reißt und ihn in Sicherheit bringt – Futurismus. Wildes Video zeigt Quadrocopter-Drohne, die einen Mann aus tosenden Überschwemmungen reißt und ihn in Sicherheit bringt. Futurismus Taifun, Tornados, Erdrutsche: Tödliches Wetter verwüstet China – in BildernThe Guardian Überschwemmung durch Tropensturm Maysak tötet 39 in SüdchinaAl Jaze…","Wild Video Shows Quadcopter Drone Plucking Man From Raging Floodwaters, Whisking Him to Safety - Futurism. Wild Video Shows Quadcopter Drone Plucking Man From Raging Floodwaters, Whisking Him to SafetyFuturism Typhoon, tornadoes, landslides: deadly weather ravages China – in picturesThe Guardian Flooding from Tropical Storm Maysak kills 39 in southern ChinaAl Jaze…","Ferum Videos ostendit Quadcopter Fucum hominem vellere a fluminum furenti, sibilis ad Safety - Futurismum. Ferum Videos ostendit Quadcopter Fucus Hominem ex saeviente diluviis, sibilis ad SafetyFuturism Typhoon, turbines, proruit: tempestates funestas vastat Sinas - in imaginibus Custos inundationis Tropical Maysak 39 in Sinaal Jaze australi necat.",2026-07-21 06:04:47+00:00
75dc6ce5efc93e5e92923f63e236db80,2026-07-09T22:51:37Z,'flooding tropical',www.breitbart.com,en,0.7,'Super Typhoon' Threatens China and Taiwan,"Super Typhoon Bavi intensified over the Pacific on Thursday and is bearing down on Taiwan and southern China, packing several feet of rain and winds of up to 124 miles per hour.
The post ‘Super Typhoon’ Threatens China and Taiwan appeared first on Breitbart.",https://www.breitbart.com/weather/2026/07/09/super-typhoon-threatens-china-and-taiwan/,https://media.breitbart.com/media/2026/07/GettyImages2284695954-640x335.jpg,,"Super Typhoon Bavi intensified over the Pacific on Thursday and is bearing down on Taiwan and southern China, packing several feet of rain and winds of up to 124 miles per hour. 
Current forecasts h… [+3020 chars]",,"„Super-Taifun“ bedroht China und Taiwan. Der Supertaifun Bavi verstärkte sich am Donnerstag über dem Pazifik und rast auf Taiwan und Südchina zu, wobei er mehrere Fuß Regen und Windgeschwindigkeiten von bis zu 124 Meilen pro Stunde mit sich bringt.
Der Beitrag „Supertaifun“ bedroht China und Taiwan erschien zuerst auf Breitbart.","'Super Typhoon' Threatens China and Taiwan. Super Typhoon Bavi intensified over the Pacific on Thursday and is bearing down on Taiwan and southern China, packing several feet of rain and winds of up to 124 miles per hour.
The post ‘Super Typhoon’ Threatens China and Taiwan appeared first on Breitbart.","Super Typhoon Sinas minatur et Taiwan. Super Typhoon Bavi in ​​Pacificum die Iovis intenditur et in Taiwan et Sinis meridionalibus defert, compluribus pedibus pluviarum et ventorum usque ad 124 milia passuum per horae stipat.
Post 'Super Typhoon' minatur Sinas et Taiwan primus in Breitbart apparuit.",2026-07-21 06:04:47+00:00
f2f0d9afc8a25ac0eac0fccdc5fe4a21,2026-07-10T20:57:01Z,'flooding tropical',www.breitbart.com,en,0.8,WATCH — China: 900 Snakes Escape Breeding Farm as Floodwaters Devastate Village in Hangzhou,"Hundreds of venomous snakes escaped a breeding farm in China when a tropical storm dropped heavy rainfall, causing devastating flooding.
The post WATCH — China: 900 Snakes Escape Breeding Farm as Floodwaters Devastate Village in Hangzhou appeared first on Bre…",https://www.breitbart.com/asia/2026/07/10/watch-china-900-snakes-escape-breeding-farm-as-floodwaters-devastate-village-in-hangzhou/,https://media.breitbart.com/media/2026/07/david-clode-6f9-eAybjA-unsplash-640x335.png,http://web.archive.org/web/20260710214038/https://www.breitbart.com/asia/2026/07/10/watch-china-900-snakes-escape-breeding-farm-as-floodwaters-devastate-village-in-hangzhou/,"Hundreds of snakes, including venomous ones, escaped a breeding farm in China when a tropical storm dropped heavy rainfall, causing devastating flooding.
Villagers in Hangzhou experienced nightmare … [+1828 chars]",,"ANSEHEN – China: 900 Schlangen entkommen der Zuchtfarm, während Überschwemmungen ein Dorf in Hangzhou verwüsten. Hunderte giftige Schlangen entkamen einer Zuchtfarm in China, als ein tropischer Sturm heftige Regenfälle verursachte und verheerende Überschwemmungen verursachte.
Der Beitrag ANSEHEN – China: 900 Schlangen entkommen der Zuchtfarm, während Hochwasser das Dorf in Hangzhou verwüstet, erschien zuerst auf Bre…","WATCH — China: 900 Snakes Escape Breeding Farm as Floodwaters Devastate Village in Hangzhou. Hundreds of venomous snakes escaped a breeding farm in China when a tropical storm dropped heavy rainfall, causing devastating flooding.
The post WATCH — China: 900 Snakes Escape Breeding Farm as Floodwaters Devastate Village in Hangzhou appeared first on Bre…","VIG - China: 900 Serpentes Effugere fetura Firmam sicut aquae diluvii Villam in Hangzhou. Centum serpentium venenosorum in Sinis villam feturam effugit cum tempestas tropica cecidit pluviae graves, causa vastationis inundationis.
Post VIGILIA - China: 900 Serpentes Effugere fetura Firmam sicut aquae diluvii Villam in Hangzhou apparuit primum in Bre…",2026-07-21 06:04:47+00:00
d7ccb75008f5212d993713febcfcbbe7,2026-07-08T08:12:31Z,'typhoon',slashdot.org,en,0.9,'The water just came so fast': Typhoon triggers floods and rare tornadoes in China - BBC,'The water just came so fast': Typhoon triggers floods and rare tornadoes in ChinaBBC China’s Deadly Storms Turbocharged by Convergence of FactorsBloomberg.com Flooding kills two in China's Nanning as east braces for super typhoonReuters Tornadoes and storms …,https://slashdot.org/firehose.pl?op=view&amp;id=184355980,,http://web.archive.org/web/20160119174443/http://slashdot.org/firehose.pl?op=view,The Fine Print: The following comments are owned by whoever posted them. We are not responsible for them in any way.,,"„Das Wasser kam einfach so schnell“: Taifun löst in China Überschwemmungen und seltene Tornados aus – BBC. „Das Wasser kam einfach so schnell“: Taifun löst Überschwemmungen und seltene Tornados in China ausBBC Chinas tödliche Stürme werden durch Konvergenz der Faktoren beschleunigtBloomberg.com Überschwemmungen töten zwei Menschen im chinesischen Nanning, während der Osten sich auf Supertaifun vorbereitetReuters Tornados und Stürme …",'The water just came so fast': Typhoon triggers floods and rare tornadoes in China - BBC. 'The water just came so fast': Typhoon triggers floods and rare tornadoes in ChinaBBC China’s Deadly Storms Turbocharged by Convergence of FactorsBloomberg.com Flooding kills two in China's Nanning as east braces for super typhoonReuters Tornadoes and storms …,"""Aquae modo tam celeriter pervenerunt"": Typhoon triggers inundationes et turbines rara in Sinis - BBC. ""Aquae modo tam celeriter facta est"": Typhoon triggers diluvia et turbines rariores in ChinaBBC Sinarum tempestatum mortiferum Turbocharged a Convergence FactorsBloomberg.com Diluvium in Sinis Nanning duos interficit ut in capreolis orientalibus pro super typhoonReuters tornadoes et procellas ...",2026-07-21 06:04:47+00:00
8c34bdae0ee4cf781c48d0d65fc0ef69,2026-07-09T09:07:18Z,'typhoon',www.dailymail.com,en,0.9,The Great Essscape: Hundreds of snakes including cobras plague flooded Chinese village after breaking out of breeding farm,"Hundreds of snakes have plagued a village in China after rainfall from a powerful typhoon flooded a breeding farm, releasing them into the water.",https://www.dailymail.com/news/article-15964637/Hundreds-snakes-cobras-plague-flooded-Chinese-village.html,https://i.dailymail.com/1s/2026/07/09/09/109901727-0-image-a-20_1783587438172.jpg,http://web.archive.org/web/20260710082103/https://www.dailymail.com/news/article-15964637/Hundreds-snakes-cobras-plague-flooded-Chinese-village.html,"Hundreds of snakes have plagued a village in China after rainfall from a powerful typhoon flooded a breeding farm, releasing them into the water.
Footage shows the reptiles rapidly gliding through m… [+3183 chars]",,"Die große Esslandschaft: Hunderte Schlangen, darunter auch Kobras, überschwemmten chinesisches Dorf, nachdem sie aus der Zuchtfarm ausgebrochen waren. Hunderte Schlangen haben ein Dorf in China heimgesucht, nachdem Regenfälle eines starken Taifuns eine Zuchtfarm überschwemmt und sie ins Wasser entlassen hatten.","The Great Essscape: Hundreds of snakes including cobras plague flooded Chinese village after breaking out of breeding farm. Hundreds of snakes have plagued a village in China after rainfall from a powerful typhoon flooded a breeding farm, releasing them into the water.","Magnus Essscape: Centum angues inclusis aspidis pestem inundaverunt, pagus Sinensium postquam erupit e fundo feturae. Centum angues vicum in Sinis percusserunt post pluviam e valido typhonio villam feturam inundaverunt, eas in aquam solventes.",2026-07-21 06:04:47+00:00
04a1092f80d14ce6d2ecc6970b0e044b,2026-07-10T06:03:15Z,'typhoon',abcnews.com,en,0.9,China braces for a powerful typhoon after a week of deadly storms,A powerful typhoon is heading toward China's east coast,https://abcnews.com/International/wireStory/china-braces-powerful-typhoon-after-week-deadly-storms-134641294,https://i.abcnewsfe.com/a/afe46438-d7db-45bf-a68e-c3dc70b96fa1/wirestory_b24529aa2b014bf55a6d7fecc4172e6b_16x9.jpg?w=1600,http://web.archive.org/web/20260710223906/https://abcnews.com/International/wireStory/china-braces-powerful-typhoon-after-week-deadly-storms-134641294,"BEIJING -- A powerful typhoon was heading toward China's east coast Friday, the latest in a series of deadly storms that have already claimed 50 lives this week in two other parts of the country.
Ty… [+1928 chars]",,China bereitet sich nach einer Woche tödlicher Stürme auf einen heftigen Taifun vor. Ein mächtiger Taifun steuert auf die Ostküste Chinas zu,China braces for a powerful typhoon after a week of deadly storms. A powerful typhoon is heading toward China's east coast,Sinae adstringit validum typhonium post septimanam tempestatum mortiferum. Potens typhon est versus Sinis orientalem oram,2026-07-21 06:04:47+00:00
8311576c266cfca7eb1668078b88ba95,2026-07-14T13:03:00Z,'hurricane',www.globenewswire.com,en,0.9,Eagleview Warns Emergency Managers: A Below Average Hurricane Season Is Not a Safe Season,"Company releases 2026 Atlantic hurricane season preparedness briefing urging full readiness despite below-average forecasts from NOAA, Colorado State University, and AccuWeather Company releases 2026 Atlantic hurricane season preparedness briefing urging full…",https://www.globenewswire.com/news-release/2026/07/14/3326945/0/en/Eagleview-Warns-Emergency-Managers-A-Below-Average-Hurricane-Season-Is-Not-a-Safe-Season.html,https://ml.globenewswire.com/Resource/Download/59baedd9-e23c-44c2-8555-55827c23c00d,,"Rochester, NY, July 14, 2026 (GLOBE NEWSWIRE) -- Eagleview, an industry leader in geospatial intelligence (GeoAI) delivering AI-powered property intelligence solutions, today released a 2026 Atlantic… [+5011 chars]",,"Eagleview warnt Notfallmanager: Eine unterdurchschnittliche Hurrikansaison ist keine sichere Saison. Das Unternehmen veröffentlicht ein Briefing zur Vorbereitung auf die Hurrikansaison 2026 im Atlantik, in dem es trotz unterdurchschnittlicher Prognosen von NOAA, der Colorado State University und AccuWeather zur vollständigen Bereitschaft drängt.","Eagleview Warns Emergency Managers: A Below Average Hurricane Season Is Not a Safe Season. Company releases 2026 Atlantic hurricane season preparedness briefing urging full readiness despite below-average forecasts from NOAA, Colorado State University, and AccuWeather Company releases 2026 Atlantic hurricane season preparedness briefing urging full…","Eagleview Monet tumultuarios administratores: A Infra Mediocris Procellae Season non tutus est. Societas tempestatum Atlanticum 2026 temporis praeparationem emittit brevitatemque hortatus plenam promptitudinem non obstante infra mediocris praenuntiationes ex NOAA, Colorado University, et AccuWeather Company 2026 Atlantici tempestatis tempus emittit praeparationem brevitatemque plenam hortationem ...",2026-07-21 21:22:19+00:00
75dccbecb00eea829ceda69db41d0390,2026-07-21T02:42:44Z,'flooding tropical',www.bbc.co.uk,en,0.7,Tropical Storm Bertha threatens US Gulf coast,"Storm surges up to 4ft are possible along parts of the Louisiana and Mississippi coasts, officials say.",https://www.bbc.co.uk/news/articles/cqjxzzdrl4lo,https://ichef.bbci.co.uk/ace/branded_news/1200/cpsprodpb/ce22/live/7cb71d20-84ad-11f1-b976-0b9c15b0ccfc.jpg,,"A tropical storm swirling in the US Gulf is expected to bring heavy rainfall and a ""life-threatening storm surge"" to the south-east of the country, according to the National Hurricane Center (NHC).
… [+1680 chars]",,"Der Tropensturm Bertha bedroht die Golfküste der USA. An Teilen der Küsten von Louisiana und Mississippi seien Sturmfluten von bis zu 4 Fuß Höhe möglich, sagen Beamte.","Tropical Storm Bertha threatens US Gulf coast. Storm surges up to 4ft are possible along parts of the Louisiana and Mississippi coasts, officials say.","Tropical Storm Bertha minatur US oram sinus. Tempestas exsurgat usque ad 4ft, quae fieri possunt per partes orae litoralis Louisiana et Mississippi, ministri dicunt.",2026-07-22 06:03:49+00:00
4d1b9de4f85e9543b6d3d05d72a09356,2026-07-20T05:00:55Z,'flooding tropical',www.insurancejournal.com,en,0.9,Tropical Storm Watches Posted Across Florida’s Panhandle Region,"A tropical storm watch has been issued for the Florida Panhandle as the Atlantic’s next event takes shape off shore. A tropical depression has formed 155 miles (250 kilometers) south of Panama City, Florida with winds of 30 miles per …",https://www.insurancejournal.com/news/southeast/2026/07/20/878135.htm,https://www.insurancejournal.com/img/social/opengraph/ij-social-default-1200x630.png,,"A tropical storm watch has been issued for the Florida Panhandle as the Atlantic’s next event takes shape off shore.
A tropical depression has formed 155 miles (250 kilometers) south of Panama City,… [+2440 chars]",,"Tropensturmwarnungen in der gesamten Panhandle-Region Floridas veröffentlicht. Für den Florida Panhandle wurde eine Tropensturmwarnung ausgegeben, da sich vor der Küste das nächste Ereignis im Atlantik abzeichnet. 155 Meilen (250 Kilometer) südlich von Panama City, Florida, hat sich ein tropisches Tiefdruckgebiet mit Windgeschwindigkeiten von 30 Meilen pro Stunde gebildet.","Tropical Storm Watches Posted Across Florida’s Panhandle Region. A tropical storm watch has been issued for the Florida Panhandle as the Atlantic’s next event takes shape off shore. A tropical depression has formed 155 miles (250 kilometers) south of Panama City, Florida with winds of 30 miles per …","Tropical Storm Watches Posted Trans Florida's Region of Panhandle. Tropica vigilia pro Florida Panhandle edita est sicut eventus Atlanticus in litus off figurat. Tropica depressio 155 milia passuum (250 chiliometra) meridiem versus in urbem Panamensem pervenit, Florida cum ventis per XXX milia passuum.",2026-07-22 06:03:49+00:00
256ab8378f0f2d227763aa833b024208,2026-07-20T22:47:00Z,'tropical depression',www.newser.com,en,0.7,Tropical Storm Bertha to Drench Gulf Coast This Week,"Tropical Depression Two is poised to pick up a name—and punch—for the northern Gulf Coast. Forecasters expect it to strengthen into Tropical Storm Bertha as it slides toward the shoreline from the Florida Panhandle to Texas, bringing heavy rain, coastal flood…",https://www.newser.com/story/393176/tropical-storm-bertha-to-drench-gulf-coast-this-week.html,https://cdn.newser.com/image/1699907-12-20260720174701.jpeg,http://web.archive.org/web/20260720234633/https://www.newser.com/story/393176/tropical-storm-bertha-to-drench-gulf-coast-this-week.html,Tropical Depression Two is poised to pick up a name—and punch—for the northern Gulf Coast. Forecasters expect it to strengthen into Tropical Storm Bertha as it slides toward the shoreline from the Fl… [+475 chars],,"Tropensturm Bertha überschwemmt die Golfküste diese Woche. Tropical Depression Two ist bereit, der nördlichen Golfküste einen Namen – und Schlagkraft – zu verleihen. Prognostiker gehen davon aus, dass er sich zum Tropensturm Bertha verstärken wird, während er vom Florida Panhandle nach Texas in Richtung Küste gleitet und starken Regen und Überschwemmungen an der Küste mit sich bringt …","Tropical Storm Bertha to Drench Gulf Coast This Week. Tropical Depression Two is poised to pick up a name—and punch—for the northern Gulf Coast. Forecasters expect it to strengthen into Tropical Storm Bertha as it slides toward the shoreline from the Florida Panhandle to Texas, bringing heavy rain, coastal flood…","Tropical Storm Bertha to Drench sinus Coast Hec Hebdomada. Tropical Depressione Duo appendit nomen colligere - et ferrum-pro Coast Sinus Septentrionalis. Vatem exspectant ut in Tropical Bertha Tempestatem confirmet dum labitur versus litus a Florida Panhandle ad Texas, pluviam gravem, diluvium litoralem afferens.",2026-07-23 06:09:15+00:00
8dd20f4093df5c06e127825de7583bd6,2026-07-21T16:00:35Z,'tropical depression',allears.net,en,0.7,Why This Week Could Be Extra Rainy in Disney World,Tropical depression Bertha has now been upgraded to a Tropical storm. Here's what you need to know.,https://allears.net/2026/07/21/why-this-week-could-be-extra-rainy-in-disney-world/,https://allears.net/wp-content/uploads/2026/07/2026-wdw-magic-kingdom-storm-rainy-day-atmo-4-700x525.jpg,,"The second named storm of this year’s Atlantic hurricane season has now strengthened from a tropical depression into a tropical storm.
Stormy day in Magic Kingdom
This year’s storm season is expect… [+1817 chars]",,Warum diese Woche in Disney World besonders regnerisch sein könnte. Das tropische Tiefdruckgebiet Bertha wurde nun zu einem tropischen Sturm hochgestuft. Folgendes müssen Sie wissen:,Why This Week Could Be Extra Rainy in Disney World. Tropical depression Bertha has now been upgraded to a Tropical storm. Here's what you need to know.,Quare haec Hebdomada extra Rainy in Disney Mundi esse potuit. Tristitia tropica Bertha nunc ad Tropical tempestatem upgraded est. Hic est quod debes scire.,2026-07-23 06:09:15+00:00
93c8d9982e076955203f28a02271ae66,2026-07-21T13:27:21Z,'flooding tropical',www.cnn.com,en,0.7,"Tropical Storm Bertha threatens coastal flooding, gusty winds as it trudges toward Gulf Coast","Tropical Storm Bertha continues to move slowly in the northeastern Gulf, where it is expected to bring periods of rain, gusty winds and coastal flooding to p...",https://www.cnn.com/2026/07/21/weather/tropical-storm-bertha-climate-hnk,https://s.yimg.com/lo/mysterio/api/e7b3f18bdae54f1764ac2cb2bc6c1c30cc2d74d10de6c20fa3e8bf3d0f77749b/lightyear_networkapi/resizefill_w960_h540;quality_80;format_webp/https:%2F%2Fmedia.zenfs.com%2Fen%2Fcnn_articles_875%2F08e1be8ea8853ef4049378c06dbd3ab8,http://web.archive.org/web/20260721234131/https://www.cnn.com/2026/07/21/weather/tropical-storm-bertha-climate-hnk,"Tropical Storm Bertha continues to move slowly in the northeastern Gulf, where it is expected to bring periods of rain, gusty winds and coastal flooding to parts of the Gulf Coast from Florida to Lou… [+3922 chars]",,"Der Tropensturm Bertha droht mit Überschwemmungen an der Küste und böigen Winden, während er in Richtung Golfküste stapft. Der Tropensturm Bertha bewegt sich weiterhin langsam im nordöstlichen Golf, wo er voraussichtlich Regenperioden, böige Winde und Überschwemmungen an der Küste mit sich bringen wird.","Tropical Storm Bertha threatens coastal flooding, gusty winds as it trudges toward Gulf Coast. Tropical Storm Bertha continues to move slowly in the northeastern Gulf, where it is expected to bring periods of rain, gusty winds and coastal flooding to p...","Tropical Bertha storm minatur inundationem maritimam, ventos procellosos ut trudat in sinus Coast. Tropical Storm Bertha lente movere pergit in Sinum septentrionale, ubi expectatur periodos pluviarum, ventorum procellarum et inundationes maritimarum usque ad p...",2026-07-23 10:34:28+00:00
fbba4236d83f139a04d3a379fba9887e,2026-07-21T16:04:00Z,'hurricane warning',www.newser.com,en,0.7,"Tropical Storm Bertha Forms, Heads for the Gulf Coast","Tropical Storm Bertha is gaining steam in the Gulf of Mexico, and as AccuWeather reports, how much stronger it gets depends heavily on which path it takes toward the US coast this week. The system, upgraded from a depression Monday evening, is already spreadi…",https://www.newser.com/story/393222/tropical-storm-bertha-forms-heads-for-the-gulf-coast.html,https://cdn.newser.com/image/1700037-12-20260721110401.jpeg,,"Tropical Storm Bertha is gaining steam in the Gulf of Mexico, and as AccuWeather reports, how much stronger it gets depends heavily on which path it takes toward the US coast this week. The system, u… [+1200 chars]",,"Tropischer Sturm Bertha bildet sich und steuert auf die Golfküste zu. Der Tropensturm Bertha gewinnt im Golf von Mexiko an Fahrt, und wie AccuWeather berichtet, hängt die Stärke des Sturms stark davon ab, welchen Weg er diese Woche in Richtung der US-Küste einschlägt. Das System, das am Montagabend nach einer Depression modernisiert wurde, breitet sich bereits aus …","Tropical Storm Bertha Forms, Heads for the Gulf Coast. Tropical Storm Bertha is gaining steam in the Gulf of Mexico, and as AccuWeather reports, how much stronger it gets depends heavily on which path it takes toward the US coast this week. The system, upgraded from a depression Monday evening, is already spreadi…","Tropical Storm Bertha Forms, Capitula pro sinu Coast. Tropical Bertha storm in Sinu Mexicano gliscit et, ut AccuWeather tradit, quanto vehementius graviter dependet qua via ad oram US hac septimana capit. Systema, upgraded e depressione Lunae vesperi, iam spreadi…",2026-07-23 10:34:28+00:00
160a44e788a3de08f3a0d8f1d997c110,2026-07-21T20:23:09Z,'hurricane warning',nypost.com,en,0.7,"Tropical Storm Bertha expected to bring heavy rain and flooding to Florida, Louisiana coasts","Tropical Storm Bertha is expected to weaken on Tuesday as it approaches the Gulf Coast of the United States, potentially bringing coastal flooding and heavy rain from western Florida to Louisiana.",https://nypost.com/2026/07/21/us-news/tropical-storm-bertha-expected-to-bring-rain-and-flooding-to-gulf-coast/,https://nypost.com/wp-content/uploads/sites/2/2026/07/tropical-storm-bertha-comp.jpg?quality=75&strip=all&w=1200,,"Tropical Storm Bertha is expected to weaken on Tuesday as it approaches the Gulf Coast — but it could still pack a punch, bringing flooding and heavy rain from western Florida to Louisiana. 
Bertha,… [+2512 chars]",,"Der Tropensturm Bertha wird voraussichtlich starke Regenfälle und Überschwemmungen an den Küsten Floridas und Louisianas mit sich bringen. Es wird erwartet, dass sich der Tropensturm Bertha am Dienstag abschwächt, wenn er sich der Golfküste der Vereinigten Staaten nähert, was möglicherweise Überschwemmungen an der Küste und starke Regenfälle von Westflorida nach Louisiana mit sich bringen könnte.","Tropical Storm Bertha expected to bring heavy rain and flooding to Florida, Louisiana coasts. Tropical Storm Bertha is expected to weaken on Tuesday as it approaches the Gulf Coast of the United States, potentially bringing coastal flooding and heavy rain from western Florida to Louisiana.","Tropical Storm Bertha expectat pluvias graves et inundationes ad Floridam, litora Ludoviciana adducere. Tempestas tropica Bertha debilitare expectat die Martis cum appropinquat Coast sinus Civitatum Americae Unitarum, potentia maritima inundationem et imbrem gravem ab occidentali Florida ad Louisianam afferens.",2026-07-23 10:34:28+00:00
35bcb3cbbf9df8889aa219f3212ad51c,2026-07-21T21:28:15Z,'hurricane warning',www.nhc.noaa.gov,en,0.7,Hurricane Fausto Graphics,"Wind Speed Probabilities last updated Tue, 21 Jul 2026 21:28:15 GMT",https://www.nhc.noaa.gov/refresh/graphics_ep1+shtml/212815.shtml?cone,,,"* If the storm is forecast to dissipate within 3 days, the ""Full Forecast"" and ""3 day"" graphic will be identical
Click Here for a 5-day Cone Printer Friendly GraphicHow to use the cone graphic (vide… [+2695 chars]",,"Hurrikan Fausto Grafiken. Die Windgeschwindigkeitswahrscheinlichkeiten wurden zuletzt am Di, 21. Juli 2026 um 21:28:15 Uhr GMT aktualisiert","Hurricane Fausto Graphics. Wind Speed Probabilities last updated Tue, 21 Jul 2026 21:28:15 GMT","Procellae Fausto Graphics. Ventus Speed ​​Probabilitates renovatio Tue, 21 Jul 2026 21:28:15 GMT",2026-07-23 10:34:28+00:00
a831ff4d3ea7a724a9b10a5626d4a07d,2026-07-22T07:32:54Z,'hurricane warning',abcnews.com,en,0.7,Beaches closed and sandbags filled as Tropical Storm Bertha approaches the Gulf Coast,Communities on the U.S. Gulf Coast distributed sandbags and closed beaches before Tropical Storm Bertha brings flooding and wind from the Florida Panhandle to Louisiana,https://abcnews.com/US/wireStory/beaches-closed-sandbags-filled-tropical-storm-bertha-approaches-134974116,https://i.abcnewsfe.com/a/6fee966a-fae7-487c-8ce1-4b66f8894879/wirestory_6052f6812cf03558fcbd08c4444a72a1_16x9.jpg?w=1600,http://web.archive.org/web/20260722164012/https://abcnews.com/US/wireStory/beaches-closed-sandbags-filled-tropical-storm-bertha-approaches-134974116,"Communities on the U.S. Gulf Coast distributed sandbags and closed beaches as Tropical Storm Bertha threatened to bring flooding and strong winds Wednesday from the Florida Panhandle to Louisiana.
B… [+3357 chars]",,"Strände geschlossen und Sandsäcke gefüllt, als sich der Tropensturm Bertha der Golfküste nähert. Gemeinden an der US-Golfküste verteilten Sandsäcke und sperrten Strände, bevor der Tropensturm Bertha Überschwemmungen und Wind vom Florida Panhandle nach Louisiana brachte",Beaches closed and sandbags filled as Tropical Storm Bertha approaches the Gulf Coast. Communities on the U.S. Gulf Coast distributed sandbags and closed beaches before Tropical Storm Bertha brings flooding and wind from the Florida Panhandle to Louisiana,Litora clausa et sandbags implentur ut Tropical Bertha appropinquat sinus Coast. Communitates in US sinus Coast sandbags distribuit et litora clausit ante Tropical Bertha inundationem et ventum ex Florida Panhandle in Louisiana producit.,2026-07-23 10:34:28+00:00
94ae87cdf00a55788ba4f6e1385cef74,2026-07-22T08:31:12Z,'flooding tropical',nypost.com,en,0.7,Beaches closed as Tropical Storm Bertha approaches Gulf Coast,Communities on the US Gulf Coast distributed sandbags and closed beaches as Tropical Storm Bertha threatened to bring flooding and strong winds Wednesday from the Florida Panhandle to Louisiana.,https://nypost.com/2026/07/22/us-news/beaches-closed-and-sandbags-filled-as-tropical-storm-bertha-approaches-the-gulf-coast/,https://nypost.com/wp-content/uploads/sites/2/2026/07/135159900.jpg?quality=75&strip=all&w=1200,http://web.archive.org/web/20260722164909/https://nypost.com/2026/07/22/us-news/beaches-closed-and-sandbags-filled-as-tropical-storm-bertha-approaches-the-gulf-coast/,"Communities on the US Gulf Coast distributed sandbags and closed beaches as Tropical Storm Bertha threatened to bring flooding and strong winds Wednesday from the Florida Panhandle to Louisiana.
Ber… [+3759 chars]",,"Strände geschlossen, da sich der Tropensturm Bertha der Golfküste nähert. Gemeinden an der US-Golfküste verteilten Sandsäcke und sperrten Strände, da der Tropensturm Bertha am Mittwoch vom Florida Panhandle nach Louisiana Überschwemmungen und starke Winde zu bringen drohte.",Beaches closed as Tropical Storm Bertha approaches Gulf Coast. Communities on the US Gulf Coast distributed sandbags and closed beaches as Tropical Storm Bertha threatened to bring flooding and strong winds Wednesday from the Florida Panhandle to Louisiana.,Litora clausa ut Tropical Bertha appropinquat sinus Coast. Communitates in US sinus Coast sandbags distribuit et litoribus clausis ut Tropical Bertha minati sunt ut ventos Mercurii in Florida Panhandle in Louisianam inundationem et fortes afferant.,2026-07-23 10:34:28+00:00
4a15fa0a002556ba8e9450333f41f6ac,2026-07-21T18:59:34Z,'storm surge',www.insurancejournal.com,en,0.9,Texas Heat Wave Collides With Tropical Storm Bertha,Texas and Louisiana are facing a dangerous combination of stormy weather and extreme temperatures as Tropical Storm Bertha sweeps across the Gulf Coast during a heat wave. Bertha is expected to bring a life-threatening storm surge and as much as …,https://www.insurancejournal.com/news/southcentral/2026/07/21/878470.htm,https://www.insurancejournal.com/img/social/opengraph/ij-social-default-1200x630.png,http://web.archive.org/web/20260721210222/https://www.insurancejournal.com/news/southcentral/2026/07/21/878470.htm,"Texas and Louisiana are facing a dangerous combination of stormy weather and extreme temperatures as Tropical Storm Bertha sweeps across the Gulf Coast during a heat wave.
Bertha is expected to brin… [+2016 chars]",,"Hitzewelle in Texas kollidiert mit Tropensturm Bertha. Texas und Louisiana sind mit einer gefährlichen Kombination aus stürmischem Wetter und extremen Temperaturen konfrontiert, da der Tropensturm Bertha während einer Hitzewelle über die Golfküste fegt. Es wird erwartet, dass Bertha eine lebensgefährliche Sturmflut mit sich bringt und bis zu …",Texas Heat Wave Collides With Tropical Storm Bertha. Texas and Louisiana are facing a dangerous combination of stormy weather and extreme temperatures as Tropical Storm Bertha sweeps across the Gulf Coast during a heat wave. Bertha is expected to bring a life-threatening storm surge and as much as …,Texas Calor unda collidit cum Tropical Bertha. Texas et Louisiana contra periculosas compositiones tempestatum tempestatum et extremarum temperaturarum sicut Tropical Bertha per oram sinus per undam aestus rapit. Bertha expectatur afferre vitae imminens procellae et quantum aestu ...,2026-07-23 10:34:28+00:00
481c377eec30903cc66f7538367e0e67,2026-07-21T02:52:25Z,'tropical cyclone',www.nhc.noaa.gov,en,0.7,Tropical Storm Bertha Storm Surge Watch/Warning Map,"Storm Surge Watch/Warning Map last updated Tue, 21 Jul 2026 02:52:25 GMT",https://www.nhc.noaa.gov/refresh/graphics_at2+shtml/025240.shtml?wsurge,,,"About this product:
Product Description
For more official NWS tropical cyclone information, see hurricanes.gov. This graphic displays areas that are under a storm surge watch/warning. A storm surge… [+1432 chars]",,"Tropensturm Bertha Sturmflutüberwachungs-/Warnkarte. Sturmflut-Beobachtungs-/Warnkarte, zuletzt aktualisiert am Di, 21. Juli 2026, 02:52:25 GMT","Tropical Storm Bertha Storm Surge Watch/Warning Map. Storm Surge Watch/Warning Map last updated Tue, 21 Jul 2026 02:52:25 GMT","Tropical Bertha Storm Surge Watch/Monitum Map. Storm Surge Watch/Monitio Tabulae renovationis Tue, 21 Iul 2026 02:52:25 GMT",2026-07-23 16:02:18+00:00
185a1d3c0fadba9019857677b436605d,2026-07-17T14:23:17Z,'tropical cyclone',pypi.org,en,0.9,tctrack 0.3,A Python package for generating tropical cyclone tracks.,https://pypi.org/project/tctrack/0.3/,,,"A required part of this site couldnt load. This may be due to a browser
 extension, network issues, or browser settings. Please check your
 connection, disable any ad blockers, or try using a diffe… [+12 chars]",,tctrack 0.3. Ein Python-Paket zum Generieren tropischer Wirbelsturmspuren.,tctrack 0.3. A Python package for generating tropical cyclone tracks.,tctrack 0.3. Python involucrum tropicae cyclonis generandi vestigia.,2026-07-23 16:02:18+00:00
ee84a736641e0b7a1b85a27f8abe4e58,2026-07-19T14:41:03Z,'hurricane',biztoc.com,en,0.9,Hurricane Center Says High Chance Cyclone Will Form Near Four States,"A developing weather system in the Gulf's northeast has an 80 percent chance of becoming the next tropical cyclone of the Atlantic hurricane season, prompting forecasters to warn residents across four states to closely monitor its progress.
The National Hurri…",https://biztoc.com/x/7a8bdc1512035aa9,https://biztoc.com/cdn/7a8bdc1512035aa9_s.webp,,"A developing weather system in the Gulf's northeast has an 80 percent chance of becoming the next tropical cyclone of the Atlantic hurricane season, prompting forecasters to warn residents across fou… [+146 chars]",,"Laut Hurricane Center wird sich in der Nähe von vier Bundesstaaten mit hoher Wahrscheinlichkeit ein Zyklon bilden. Ein sich entwickelndes Wettersystem im Nordosten des Golfs hat eine 80-prozentige Chance, der nächste tropische Wirbelsturm der atlantischen Hurrikansaison zu werden, was Meteorologen dazu veranlasst, Bewohner in vier Bundesstaaten zu warnen, seine Entwicklung genau zu überwachen.
Die National Hurri…","Hurricane Center Says High Chance Cyclone Will Form Near Four States. A developing weather system in the Gulf's northeast has an 80 percent chance of becoming the next tropical cyclone of the Atlantic hurricane season, prompting forecasters to warn residents across four states to closely monitor its progress.
The National Hurri…","Hurricane Center Says High Chance Cyclone Will Form Near Four States. Systema tempestatum evolutionis in septentriones sinus septentrionalis 80 centesimas casuum efficiendi habet proximo cyclo tropico tempestatis Atlantici, suggerentes forecasters monent incolas per quattuor civitates ut suum progressum proxime monitor.
In National Hurri…",2026-07-23 16:02:18+00:00
18d8feef7a6d3942a46b966a7ab66e05,2026-07-20T13:48:52Z,'storm surge',www.foxweather.com,en,0.9,Depression expected to become Tropical Storm Bertha as rain targets the Southeast,"Additionally, the NHC warned that the storm surge along the immediate coast in this area could reach 1 to 3 feet.",https://www.foxweather.com/weather-news/tropical-depression-forms-tropical-storm-bertha-rain-southeast,https://nypost.com/wp-content/uploads/sites/2/2026/07/135001146.jpg?quality=75&strip=all&w=1200,http://web.archive.org/web/20260720220921/https://www.foxweather.com/weather-news/tropical-depression-forms-tropical-storm-bertha-rain-southeast,"Tropical Depression Two is expected to strengthen into Tropical Storm Bertha later Monday in the eastern Gulf, which would become the second named storm of the Atlantic hurricane season.
Tropical De… [+2354 chars]",,"Es wird erwartet, dass das Tiefdruckgebiet zum Tropensturm Bertha wird, da Regen auf den Südosten abzielt. Darüber hinaus warnte das NHC, dass die Sturmflut entlang der unmittelbaren Küste in diesem Gebiet eine Stärke von 1 bis 3 Fuß erreichen könnte.","Depression expected to become Tropical Storm Bertha as rain targets the Southeast. Additionally, the NHC warned that the storm surge along the immediate coast in this area could reach 1 to 3 feet.",Depressione expectatur ut Tropical Bertha tempestas fiet sicut pluviae scopae Southeast. Accedit NHC monuit procellam salo per proximam oram hac in area 1 ad 3 pedes pervenire posse.,2026-07-23 16:02:18+00:00
31e4cf1e42bcdb8380ddb1cb9fbc624a,2026-07-20T22:39:16Z,'storm surge',nypost.com,en,0.9,"‘Life-threatening’ tropical storm expected to batter Florida, Texas, Louisiana: forecasters","Forecasters also warned of 40 mph wind gusts, and possible “life threatening” storm surge along Alabama, Mississippi, and southeastern Louisiana coasts.",https://nypost.com/2026/07/20/us-news/life-threatening-tropical-storm-expected-to-batter-florida-texas-louisiana-forecasters/,https://nypost.com/wp-content/uploads/sites/2/2026/07/crop-40040183.jpg?quality=75&strip=all&w=1200,http://web.archive.org/web/20260721003809/https://nypost.com/2026/07/20/us-news/life-threatening-tropical-storm-expected-to-batter-florida-texas-louisiana-forecasters/,"A life-threatening storm is gathering along the Gulf Coast and is expected to batter states like Florida, Louisiana and Texas with flooding rains and whipping winds starting Monday, forecasters warne… [+1674 chars]",,"„Lebensbedrohlicher“ Tropensturm wird voraussichtlich Florida, Texas und Louisiana heimsuchen: Prognostiker. Meteorologen warnten außerdem vor Windböen von 40 Meilen pro Stunde und einer möglichen „lebensbedrohlichen“ Sturmflut entlang der Küsten von Alabama, Mississippi und Südost-Louisiana.","‘Life-threatening’ tropical storm expected to batter Florida, Texas, Louisiana: forecasters. Forecasters also warned of 40 mph wind gusts, and possible “life threatening” storm surge along Alabama, Mississippi, and southeastern Louisiana coasts.","`Tempestas vitae imminens tropicae expectatur ut quatere Florida, Texas, Louisiana: forecasters. Vates etiam 40 mph flatibus venti monuit, et fieri ""imminens vitae"" procellam in Alabama, Mississippi, et in oras Ludoviciana australi.",2026-07-23 16:02:18+00:00
a2e03a81969936dc60bcf5c86b6fe2b7,2026-07-22T15:28:39Z,'tropical cyclone',www.nhc.noaa.gov,en,0.7,Hurricane Fausto Graphics,"Wind Speed Probabilities last updated Wed, 22 Jul 2026 15:28:39 GMT",https://www.nhc.noaa.gov/refresh/graphics_ep1+shtml/152839.shtml?cone,,,"* If the storm is forecast to dissipate within 3 days, the ""Full Forecast"" and ""3 day"" graphic will be identical
Click Here for a 5-day Cone Printer Friendly GraphicHow to use the cone graphic (vide… [+2695 chars]",,"Hurrikan Fausto Grafiken. Die Windgeschwindigkeitswahrscheinlichkeiten wurden zuletzt am Mittwoch, 22. Juli 2026 um 15:28:39 Uhr GMT aktualisiert","Hurricane Fausto Graphics. Wind Speed Probabilities last updated Wed, 22 Jul 2026 15:28:39 GMT","Procellae Fausto Graphics. Ventus Speed ​​Probabilitates renovatio Sat, 22 Jul 2026 15:28:39 GMT",2026-07-23 21:18:22+00:00
97cf6df268b9438abfc542ab4631b4f8,2026-07-21T17:21:16Z,'tropical depression',abcnews.com,en,0.9,Tropical Storm Bertha strengthening off the Florida coast,"A tropical depression in the Gulf strengthened into Tropical Storm Bertha on Monday, according to the National Hurricane Center.",https://abcnews.com/US/tropical-storm-bertha-takes-shape-off-florida-coast/story?id=134917136,https://i.abcnewsfe.com/a/421861e2-6058-48f1-8f71-edb8539a465b/bertha-1-ht-gmh-260721_1784644481229_hpMain_16x9.jpg?w=1600,http://web.archive.org/web/20260722001328/https://abcnews.com/US/tropical-storm-bertha-takes-shape-off-florida-coast/story?id=134917136,"Tropical Storm Bertha was churning Tuesday about 70 miles south-southwest of Panama City, Florida, skirting the Gulf Coast on a path expected to take it to the shores of southeastern Louisiana.
Arou… [+2317 chars]",,Tropensturm Bertha verstärkt sich vor der Küste Floridas. Nach Angaben des National Hurricane Center hat sich am Montag ein tropisches Tiefdruckgebiet im Golf zum Tropensturm Bertha verstärkt.,"Tropical Storm Bertha strengthening off the Florida coast. A tropical depression in the Gulf strengthened into Tropical Storm Bertha on Monday, according to the National Hurricane Center.","Tropical Storm Bertha off Florida oram roborans. Depressio tropica in Sinu confirmata in Tropical Bertha die Lunae, secundum Centrum Nationalis Hurricane.",2026-07-23 21:18:22+00:00
e29709dbae231ac362a38fdbd29ffb8a,2026-07-14T00:03:23Z,'typhoon',rpnradio.com,en,0.9,Bacolod: Typhoon Inday displaces thousands as monsoon batters Negros,"BACOLOD CITY — The southwest monsoon enhanced by Typhoon Inday displaced 1,115 families comprising 3,349 individuals across 42 barangays in Negros Occidental. The Philippines experiences an average of 20 typhoons annually, making the region highly susceptible…",https://rpnradio.com/bacolod-typhoon-inday-displaces-thousands-as-monsoon-batters-negros/,https://rpnradio.com/wp-content/uploads/2023/07/rpn-news-featured.png,http://web.archive.org/web/20260724071805/https://rpnradio.com/bacolod-typhoon-inday-displaces-thousands-as-monsoon-batters-negros/,"BACOLOD CITY The southwest monsoon enhanced by Typhoon Inday displaced 1,115 families comprising 3,349 individuals across 42 barangays in Negros Occidental.
The Philippines experiences an average of… [+3714 chars]",,"Bacolod: Taifun Inday vertreibt Tausende, während der Monsun Negros heimsucht. BACOLOD CITY – Der durch den Taifun Inday verstärkte Südwestmonsun hat 1.115 Familien, darunter 3.349 Personen, in 42 Barangays in Negros Occidental vertrieben. Auf den Philippinen kommt es jährlich durchschnittlich 20 Taifune, was die Region sehr anfällig macht.","Bacolod: Typhoon Inday displaces thousands as monsoon batters Negros. BACOLOD CITY — The southwest monsoon enhanced by Typhoon Inday displaced 1,115 families comprising 3,349 individuals across 42 barangays in Negros Occidental. The Philippines experiences an average of 20 typhoons annually, making the region highly susceptible…","Bacolod: Typhoon Inday mille milia sicut monsoon batters Negros ponit. BACOLOD CITY - Monsoon meridiem occidentale a Typhoon Inday auctum deponitur 1,115 familias quae 3,349 singulas per 42 barangays in Negros Occidentali complectuntur. Philippinae mediocris 20 typhonum annuatim percipit, regionem valde obnoxiam faciens…",2026-07-24 10:28:21+00:00
606f02192575121113493812558ce804,2026-07-23T00:15:20Z,'hurricane',www.foxnews.com,en,0.9,EXCLUSIVE: Woman who stole $1.7M meant for hurricane victims gets prison time as DHS cracks down on FEMA fraud,"Jasmine Williams submitted fraudulent documents for nearly 200 people after Hurricane Ida, demanding half of each FEMA payout in a $1.7 million scheme.",https://www.foxnews.com/us/exclusive-woman-stole-1-7m-hurricane-victims-prison-dhs-cracks-down-fema-fraud,https://static.foxnews.com/foxnews.com/content/uploads/2026/07/Hurricane-Irma-USVI-2017.jpg,http://web.archive.org/web/20260724071822/https://www.foxnews.com/us/exclusive-woman-stole-1-7m-hurricane-victims-prison-dhs-cracks-down-fema-fraud,FIRST ON FOX: A Pennsylvania woman who defrauded the federal government out of $1.7 million in Federal Emergency Management Agency (FEMA) funds in the wake of Hurricane Ida was sentenced to five year… [+2225 chars],,"EXKLUSIV: Frau, die 1,7 Millionen US-Dollar gestohlen hat, die für Hurrikan-Opfer bestimmt waren, wird zu Gefängnisstrafe verurteilt, während das DHS gegen FEMA-Betrug vorgeht. Jasmine Williams reichte nach dem Hurrikan Ida gefälschte Dokumente für fast 200 Menschen ein und forderte die Hälfte jeder FEMA-Auszahlung im Rahmen eines 1,7-Millionen-Dollar-Programms.","EXCLUSIVE: Woman who stole $1.7M meant for hurricane victims gets prison time as DHS cracks down on FEMA fraud. Jasmine Williams submitted fraudulent documents for nearly 200 people after Hurricane Ida, demanding half of each FEMA payout in a $1.7 million scheme.","PRAECIPUUS: Mulier quae furatus est $1.7M victimas tempestatis destinata accipit tempus carceris sicut DHS rimis in FEMA dolum. Aenean Williams documenta dolosa subdiderunt circiter CC homines post Hurricane Ida, dimidium uniuscuiusque FEMA exsolvere flagitantes in schemate $1.7 decies centena millia.",2026-07-24 15:40:13+00:00
4a78729dc13c95697dbe8f7089b5c709,2026-07-05T17:22:55Z,'typhoon',www.npr.org,en,0.7,Guam and surrounding Pacific islands brace for impact of Super Typhoon Bavi,"People in the Northern Mariana Islands – remote U.S. territories in the Pacific Ocean – are preparing for Super Typhoon Bavi, which experts say could bring winds of over 180 miles per hour.",https://www.npr.org/2026/07/05/g-s1-132052/guam-pacific-islands-brace-super-typhoon-bavi,https://npr.brightspotcdn.com/dims3/default/strip/false/crop/2526x1421+0+53/resize/1400/quality/85/format/jpeg/?url=http%3A%2F%2Fnpr-brightspot.s3.amazonaws.com%2Fef%2Fa3%2F4669d0ef4e9dbf629ac2c94df78b%2Fap26184037335112.jpg,,"Residents of the remote U.S. territories of Guam and the other Northern Mariana Islands are preparing for the arrival of Super Typhoon Bavi, which is forecast to cause severe damage.
The rapidly int… [+3532 chars]",,"Guam und die umliegenden pazifischen Inseln bereiten sich auf die Auswirkungen des Supertaifuns Bavi vor. Die Menschen auf den Nördlichen Marianen – abgelegenen US-Territorien im Pazifischen Ozean – bereiten sich auf den Supertaifun Bavi vor, der laut Experten Windgeschwindigkeiten von über 180 Meilen pro Stunde bringen könnte.","Guam and surrounding Pacific islands brace for impact of Super Typhoon Bavi. People in the Northern Mariana Islands – remote U.S. territories in the Pacific Ocean – are preparing for Super Typhoon Bavi, which experts say could bring winds of over 180 miles per hour.","Guam et insulas Pacificas circumiacentes ue ad impulsum Super Typhonis Bavi. Homines in insulis Marianis septentrionalibus - US fines remoti in Oceano Pacifico - parant Super Typhoon Bavi, quod periti dicunt ventos plus centum milia passuum per hora efficere posse.",2026-07-25 09:59:17+00:00
cb96b4d5772f24c9d4c3dd1f6f9f5fe5,2026-07-06T08:53:48Z,'typhoon',consent.yahoo.com,en,0.7,China's Nanning on top alert as Typhoon Maysak triggers catastrophic flooding,,https://consent.yahoo.com/v2/collectConsent?sessionId=1_cc-session_1d49de71-e0f1-4357-85c7-97b1651838a6,,,"If you click 'Accept all', we and our partners, including 249 who are part of the IAB Transparency &amp; Consent Framework, will also store and / or access information on a device (in other words, us… [+1046 chars]",,"Chinas Nanning ist in höchster Alarmbereitschaft, da Taifun Maysak katastrophale Überschwemmungen auslöst. Keiner",China's Nanning on top alert as Typhoon Maysak triggers catastrophic flooding. None,Sinarum Nanning in summo vigilabat ut Typhoon Maysak triggers catastrophicas inundationes. Nullus,2026-07-25 09:59:17+00:00
479c67fa8ecbc96c433d757e227fe010,2026-07-07T23:44:05Z,'typhoon',www.bbc.co.uk,en,0.7,'The water just came so fast': Typhoon triggers floods and rare tornadoes in China,Villagers whose families have been stranded told the BBC they are struggling to get food and help.,https://www.bbc.co.uk/news/articles/c79ygnv9e93o,https://ichef.bbci.co.uk/ace/branded_news/1200/cpsprodpb/c16e/live/c1b8aea0-79ba-11f1-8257-1765759c449e.jpg,http://web.archive.org/web/20260708012106/https://www.bbc.co.uk/news/articles/c79ygnv9e93o,"On Sunday, heavy rain began falling on Renhe village in the southern Chinese province of Guangxi.
The villagers were used to it. But the rain didn't stop - and the water suddenly rose. 
By the earl… [+1507 chars]",,"„Das Wasser kam einfach so schnell“: Taifun löst in China Überschwemmungen und seltene Tornados aus. Dorfbewohner, deren Familien gestrandet sind, sagten der BBC, dass sie Schwierigkeiten hätten, Nahrung und Hilfe zu bekommen.",'The water just came so fast': Typhoon triggers floods and rare tornadoes in China. Villagers whose families have been stranded told the BBC they are struggling to get food and help.,"""Aquae modo tam celeriter venit"": Typhoon triggers inundationes et turbines rara in Sinis. Vicani quorum familiae destitutus BBC nuntiavit se laborantes ut cibum et auxilium acciperent.",2026-07-25 09:59:17+00:00
515c78ef04502a6020224ddae87f17eb,2026-07-10T01:24:09Z,'typhoon',consent.yahoo.com,en,0.7,Japan's southwestern islands on high alert as powerful Typhoon Bavi approaches,,https://consent.yahoo.com/v2/collectConsent?sessionId=1_cc-session_e6396631-d2ad-44cc-bda0-221e85c43c81,,,"If you click 'Accept all', we and our partners, including 249 who are part of the IAB Transparency &amp; Consent Framework, will also store and / or access information on a device (in other words, us… [+1046 chars]",,"Japans südwestliche Inseln sind in höchster Alarmbereitschaft, da sich der mächtige Taifun Bavi nähert. Keiner",Japan's southwestern islands on high alert as powerful Typhoon Bavi approaches. None,Insulae Iaponiae meridiem occidentalem in altum erectae Typhonis Bavi potentes appropinquant. Nullus,2026-07-25 09:59:17+00:00
ad45677228fb764bbd9df2d40f42cdac,2026-07-10T04:49:24Z,'typhoon',consent.yahoo.com,en,0.7,Typhoon Bavi takes aim at China as Taiwan's capital shuts schools,,https://consent.yahoo.com/v2/collectConsent?sessionId=1_cc-session_0d2140cc-f3b8-4672-be08-7a6f83dcccb4,,,"If you click 'Accept all', we and our partners, including 249 who are part of the IAB Transparency &amp; Consent Framework, will also store and / or access information on a device (in other words, us… [+1046 chars]",,"Taifun Bavi nimmt China ins Visier, während Taiwans Hauptstadt Schulen schließt. Keiner",Typhoon Bavi takes aim at China as Taiwan's capital shuts schools. None,Typhoon Bavi intendit Sinas ut caput Taiwan scholas claudit. Nullus,2026-07-25 09:59:17+00:00
602c44ed70c9f2a52b6d1b51b8df3354,2026-07-10T13:40:19Z,'typhoon',www.bbc.co.uk,en,0.7,"Watch: Typhoon Bavi forecast to bring heavy rains and floods to Taiwan, Japan and China",See how the powerful storm is expected to move across east Asia on Saturday.,https://www.bbc.co.uk/news/videos/c0myengg8nzo,https://ichef.bbci.co.uk/news/1024/branded_news/52f3/live/328e7740-7c63-11f1-802c-e767a91f6051.jpg,http://web.archive.org/web/20260711093617/https://www.bbc.co.uk/news/videos/c0myengg8nzo,"Watch: Typhoon Bavi forecast to bring heavy rains and floods to Taiwan, Japan and China. Video, 00:00:56Watch: Typhoon Bavi forecast to bring heavy rains and floods to Taiwan, Japan and China",,"Anschauen: Der Taifun Bavi wird voraussichtlich starke Regenfälle und Überschwemmungen nach Taiwan, Japan und China bringen. Sehen Sie, wie sich der starke Sturm voraussichtlich am Samstag über Ostasien bewegen wird.","Watch: Typhoon Bavi forecast to bring heavy rains and floods to Taiwan, Japan and China. See how the powerful storm is expected to move across east Asia on Saturday.","Vide: Typhoon Bavi praesagio pluvias et flumina ad Taiwan, Iaponiam et Sinas adducere. Vide quomodo tempestas valida die Saturni trans Asiam orientalem expectatur movere.",2026-07-25 09:59:17+00:00
40b1f99b11f7420d5750184fff137aa3,2026-07-11T01:52:52Z,'typhoon',consent.yahoo.com,en,0.7,"Typhoon Bavi lashes Japan's southern islands, Taiwan evacuates thousands",,https://consent.yahoo.com/v2/collectConsent?sessionId=1_cc-session_2e44f242-631d-44f6-a4d5-49947abe47ad,,,"If you click 'Accept all', we and our partners, including 249 who are part of the IAB Transparency &amp; Consent Framework, will also store and / or access information on a device (in other words, us… [+1046 chars]",,"Taifun Bavi wütet auf Japans südlichen Inseln, Taiwan evakuiert Tausende. Keiner","Typhoon Bavi lashes Japan's southern islands, Taiwan evacuates thousands. None","Typhoon Bavi verberat insulas Iaponiae meridionales, Taiwan milia evacuat. Nullus",2026-07-25 09:59:17+00:00
24e955846f8efcf79b66f1e5264d9737,2026-07-11T09:32:57Z,'typhoon',www.aljazeera.com,en,0.7,Hundreds of thousands evacuated as Typhoon Bavi barrels towards China,"Super Typhoon Bavi has been downgraded but is still dangerous, meteorologists say.",https://www.aljazeera.com/news/2026/7/11/hundreds-of-thousands-evacuated-as-typhoon-bavi-barrels-towards-china,https://www.aljazeera.com/wp-content/uploads/2026/07/afp_6a4a7e69900b-1783266921.jpg?resize=1920%2C1440,http://web.archive.org/web/20260712040754/https://www.aljazeera.com/news/2026/7/11/hundreds-of-thousands-evacuated-as-typhoon-bavi-barrels-towards-china,"More than 600,000 people have been evacuated from their homes in China as Typhoon Bavi barrels towards the country after hitting Japans Sakishima islands and grazing northern Taiwan.
Chinese authori… [+2609 chars]",,"Hunderttausende wurden evakuiert, als der Taifun Bavi auf China zuraste. Der Supertaifun Bavi wurde herabgestuft, ist aber immer noch gefährlich, sagen Meteorologen.","Hundreds of thousands evacuated as Typhoon Bavi barrels towards China. Super Typhoon Bavi has been downgraded but is still dangerous, meteorologists say.","Centum millium cadi Bavi versus Sinas cessere ut Typhoon. Super Typhoon Bavi inclinatum est, sed adhuc periculosum est, astrologi dicunt.",2026-07-25 09:59:17+00:00
a1ca7cd05655939a04df6e2ddd185e79,2026-07-11T12:17:45Z,'typhoon',www.aljazeera.com,en,0.7,China prepares as Typhoon Bavi leaves Taiwan,China prepares as Typhoon Bavi leaves Taiwan,https://www.aljazeera.com/video/newsfeed/2026/7/11/china-prepares-as-typhoon-bavi-leaves-taiwan,https://www.aljazeera.com/wp-content/uploads/2026/07/image-1783772239.jpg?resize=1920%2C1080&quality=80,http://web.archive.org/web/20260712053236/https://www.aljazeera.com/video/newsfeed/2026/7/11/china-prepares-as-typhoon-bavi-leaves-taiwan,"NewsFeed
Typhoon Bavi brought heavy rain and powerful winds to Japans southern islands while skirting Taiwan, where rough seas, fallen trees and localized damage were reported.
Despite the storm, r… [+138 chars]",,"China bereitet sich darauf vor, dass der Taifun Bavi Taiwan verlässt. China bereitet sich darauf vor, dass der Taifun Bavi Taiwan verlässt",China prepares as Typhoon Bavi leaves Taiwan. China prepares as Typhoon Bavi leaves Taiwan,Sina praeparat ut Typhoon Bavi Taiwan relinquit. Sina praeparat ut Typhoon Bavi relinquit Taiwan,2026-07-25 09:59:17+00:00
451eeaf49718b7989ae1c9956b98b1d1,2026-07-11T16:35:17Z,'typhoon',consent.yahoo.com,en,0.7,Typhoon Bavi makes landfall in eastern China's Taizhou after nearly 2 million evacuated,,https://consent.yahoo.com/v2/collectConsent?sessionId=1_cc-session_d690b56c-8fdb-4ad4-9cfe-cfd84b3a24a5,,,"If you click 'Accept all', we and our partners, including 249 who are part of the IAB Transparency &amp; Consent Framework, will also store and / or access information on a device (in other words, us… [+1046 chars]",,"Der Taifun Bavi erreicht das ostchinesische Taizhou, nachdem fast zwei Millionen Menschen evakuiert wurden. Keiner",Typhoon Bavi makes landfall in eastern China's Taizhou after nearly 2 million evacuated. None,Typhoon Bavi traham facit in Taizhou Sinarum orientalium postquam 2 fere decies centena milia excesserint. Nullus,2026-07-25 09:59:17+00:00
e3ced72ffa8c8e0e24cf7581687aeee9,2026-07-13T08:53:41Z,'typhoon',www.aljazeera.com,en,0.7,Typhoon Bavi pummels China’s eastern coast,Dramatic video captured the moment waves caused by Typhoon Bavi slammed into a house in China’s Zhejiang province.,https://www.aljazeera.com/video/newsfeed/2026/7/13/typhoon-bavi-pummels-chinas-eastern-coast,https://www.aljazeera.com/wp-content/uploads/2026/07/clean-wide-thumb-1783932782.png?resize=1920%2C1080&quality=80,http://web.archive.org/web/20260714011723/https://www.aljazeera.com/video/newsfeed/2026/7/13/typhoon-bavi-pummels-chinas-eastern-coast,"NewsFeed
Dramatic video captured the moment waves caused by Typhoon Bavi slammed into a house in Chinas eastern Zhejiang province. The storm caused widespread power and phone service outages. Author… [+51 chars]",,"Taifun Bavi verwüstet Chinas Ostküste. Ein dramatisches Video hielt den Moment fest, als die vom Taifun Bavi verursachten Wellen ein Haus in der chinesischen Provinz Zhejiang trafen.",Typhoon Bavi pummels China’s eastern coast. Dramatic video captured the moment waves caused by Typhoon Bavi slammed into a house in China’s Zhejiang province.,Typhoon Bavi pummels Sinarum orientalis orae. Dramatic video momentum cepit fluctus a Typhoon Bavi impulit domum in provincia Zhejiang Sinarum.,2026-07-25 09:59:17+00:00
da6942c478428beec4671e99b11f784c,2026-07-14T04:00:35Z,'typhoon',consent.yahoo.com,en,0.7,"More than 260,000 evacuated as Typhoon Bavi brings severe floods",,https://consent.yahoo.com/v2/collectConsent?sessionId=1_cc-session_b1e4e643-57f8-49ca-83fe-859e46331a28,,,"If you click 'Accept all', we and our partners, including 250 who are part of the IAB Transparency &amp; Consent Framework, will also store and / or access information on a device (in other words, us… [+1046 chars]",,"Mehr als 260.000 Menschen wurden evakuiert, da der Taifun Bavi schwere Überschwemmungen mit sich brachte. Keiner","More than 260,000 evacuated as Typhoon Bavi brings severe floods. None","Plus quam 260,000 millia emissus Typhoon Bavi graves inundationes affert. Nullus",2026-07-25 09:59:17+00:00
f43af471e059b84e19d490964e49b6d9,2026-07-05T09:27:00Z,'typhoon',consent.yahoo.com,en,0.9,Evacuations in Guam as super typhoon Bavi approaches,,https://consent.yahoo.com/v2/collectConsent?sessionId=1_cc-session_e42f7a62-382f-4dd8-92fa-55a4fe5f736e,,,"If you click 'Accept all', we and our partners, including 249 who are part of the IAB Transparency &amp; Consent Framework, will also store and / or access information on a device (in other words, us… [+1046 chars]",,"Evakuierungen in Guam, da sich der Supertaifun Bavi nähert. Keiner",Evacuations in Guam as super typhoon Bavi approaches. None,Vacationes in Guam sicut super typhonium Bavi accedit. Nullus,2026-07-25 09:59:17+00:00
fc02d39c8db85455869be564531044bc,2026-07-10T09:46:04Z,'typhoon',consent.yahoo.com,en,0.9,Chinese zoo locked animals in cages to prevent escape as typhoon-related floodwaters rose,,https://consent.yahoo.com/v2/collectConsent?sessionId=1_cc-session_d58856bd-db67-402d-b7fe-04aa00aa4789,,,"If you click 'Accept all', we and our partners, including 249 who are part of the IAB Transparency &amp; Consent Framework, will also store and / or access information on a device (in other words, us… [+1046 chars]",,"Chinesischer Zoo sperrte Tiere in Käfige ein, um ein Entkommen zu verhindern, als die Überschwemmungen infolge des Taifuns anstiegen. Keiner",Chinese zoo locked animals in cages to prevent escape as typhoon-related floodwaters rose. None,Sinenses bestiae saepti clausae caveis ne effugium aquae diluvii typhoni relatae surrexerunt. Nullus,2026-07-25 09:59:17+00:00
e9840a06314bb37b68664f269d5e842f,2026-07-10T10:42:13Z,'typhoon',www.bbc.co.uk,en,0.9,East Asia braces for destructive typhoon as landslides kill 15 in Philippines,"Headed for Taiwan and south-eastern China, the 1,000 km-wide Bavi is forecast to be one of the strongest storms in decades.",https://www.bbc.co.uk/news/articles/c04y6wr03gxo,https://ichef.bbci.co.uk/ace/branded_news/1200/cpsprodpb/fe89/live/7d209130-7c45-11f1-8ccc-df652c9169a7.jpg,,"Landslides triggered by one of the strongest storms in decades have killed at least 15 people in southern Philippines, as parts of East Asia brace themselves for the looming storm.
Typhoon Bavi, whi… [+2095 chars]",,"Ostasien bereitet sich auf einen zerstörerischen Taifun vor, da Erdrutsche auf den Philippinen 15 Menschen töten. Der 1.000 km breite Bavi, der auf Taiwan und den Südosten Chinas zusteuert, wird voraussichtlich einer der stärksten Stürme seit Jahrzehnten sein.","East Asia braces for destructive typhoon as landslides kill 15 in Philippines. Headed for Taiwan and south-eastern China, the 1,000 km-wide Bavi is forecast to be one of the strongest storms in decades.","Asia orientalis adstringit ad typhonas perniciosas sicut ruinas 15 in Philippinis necant. Taiwan et meridiem-orientales Sinas petiere, 1,000 km-latae Bavi praenuntientur unum esse ex vehementissimis decenniis tempestatum.",2026-07-25 09:59:17+00:00
f5821a7702df6c6cf0ca77eec8777943,2026-07-11T12:06:47Z,'typhoon',www.bbc.co.uk,en,0.9,China braced for second typhoon in a week as Bavi approaches landfall,"Hundreds of thousands of people are evacuated from eastern Zhejiang province, with the city of Wenzhou close to the path of the storm.",https://www.bbc.co.uk/news/articles/cdxd3wkp2rzo,https://ichef.bbci.co.uk/ace/branded_news/1200/cpsprodpb/5dd5/live/0a1f8470-7d1c-11f1-926f-c90d1bcfbc84.jpg,http://web.archive.org/web/20260712040759/https://www.bbc.co.uk/news/articles/cdxd3wkp2rzo,"Hundreds of thousands of people have been evacuated from areas of eastern China as a powerful typhoon - the country's second in a week - barrels towards the coast.
Typhoon Bavi, which spans 1,000km … [+1390 chars]",,"China bereitet sich auf den zweiten Taifun in einer Woche vor, als Bavi sich dem Land nähert. Hunderttausende Menschen werden aus der östlichen Provinz Zhejiang evakuiert, wobei die Stadt Wenzhou in der Nähe der Sturmbahn liegt.","China braced for second typhoon in a week as Bavi approaches landfall. Hundreds of thousands of people are evacuated from eastern Zhejiang province, with the city of Wenzhou close to the path of the storm.","Sina ad alterum typhonium in septimana adstricta ut Bavi trahendi appropinquat. Centum milia hominum ex provincia orientali Zhejiang emittuntur, cum urbe Wenzhou prope viam tempestatis.",2026-07-25 09:59:17+00:00
bf9c36dd2af53207d146d3cb1e6becae,2026-07-13T14:25:45Z,'typhoon',petapixel.com,en,0.9,Apocalyptic Videos Show Snakes Roaming in Floodwaters in China,"After a reptile breeding facility in the Chinese province of Guangxi was swept away by floodwaters triggered by typhoon Maysak, hair-raising videos of snakes have surfaced across social media.
[Read More]",https://petapixel.com/2026/07/13/apocalyptic-videos-show-snakes-roaming-in-floodwaters-in-china/,https://petapixel.com/assets/uploads/2026/07/Snakes-Floods-China.jpg,http://web.archive.org/web/20260714043256/https://petapixel.com/2026/07/13/apocalyptic-videos-show-snakes-roaming-in-floodwaters-in-china/,"Videos taken in southern China show hundreds of snakes — some of them venomous — roaming in the floodwaters.
After a reptile breeding facility in the Chinese province of Guangxi was swept away by fl… [+2823 chars]",,"Apokalyptische Videos zeigen Schlangen, die in Überschwemmungsgewässern in China umherstreifen. Nachdem eine Reptilienzuchtanlage in der chinesischen Provinz Guangxi von den durch den Taifun Maysak ausgelösten Überschwemmungen überschwemmt wurde, sind in den sozialen Medien haarsträubende Videos von Schlangen aufgetaucht.
[Mehr lesen]","Apocalyptic Videos Show Snakes Roaming in Floodwaters in China. After a reptile breeding facility in the Chinese province of Guangxi was swept away by floodwaters triggered by typhoon Maysak, hair-raising videos of snakes have surfaced across social media.
[Read More]","Apocalyptic Videos monstrare angues vagantes in diluviis in Sinis. Post reptilium generandi facilitas in provincia Sinensi Guangxi ab aquis diluvii Urguet typhon Maysak abreptus, capillorum excitandorum viperarum serpentium per media socialia exsurrexisse.
[Read More]",2026-07-25 09:59:17+00:00
c59ea7e65210be2940c8a5dc2a0d2537,2026-07-20T15:10:00Z,'hurricane victims',www.scientificamerican.com,en,0.2,Inside the race to spot wildfires before they spiral out of control,Finding wildfires before they explode in size could save countless lives each year. Decades of technology development may finally make that possible,https://www.scientificamerican.com/article/inside-the-race-to-spot-wildfires-before-they-spiral-out-of-control/,https://static.scientificamerican.com/dam/asset/41e080c5-d510-4ac2-8e23-cd7fcdbb515e/GettyImages-1442285471_web.jpeg?m=1784557766.332&w=1200,http://web.archive.org/web/20260720221459/https://www.scientificamerican.com/article/inside-the-race-to-spot-wildfires-before-they-spiral-out-of-control/,"At the end of the particularly hot and dry summer of 1910, a series of lightning storms and human-caused sparks set 1,736 small fires across the northwestern U.S. Hurricane-force winds fanned the fla… [+8748 chars]",,"Im Rennen darum, Waldbrände zu erkennen, bevor sie außer Kontrolle geraten. Das Aufspüren von Waldbränden, bevor sie sich in ihrer Größe ausbreiten, könnte jedes Jahr unzählige Leben retten. Jahrzehntelange Technologieentwicklung könnte dies endlich ermöglichen",Inside the race to spot wildfires before they spiral out of control. Finding wildfires before they explode in size could save countless lives each year. Decades of technology development may finally make that possible,Intus genus est maculae wildfires antequam spiras extra imperium. Inventi incendia ignium antequam vastitatem explodant innumeras vitas unoquoque anno servare potuerunt. Decennium technologiae evolutionis tandem facere potest,2026-07-25 15:16:32+00:00
40236cda15eea7ed558102f6c8778eeb,2026-07-17T01:02:21Z,'hurricane victims',nypost.com,en,0.3,Intensifying Tropical Storm Elida to bring turbulent ocean swells to SoCal,"Though Elida will stay offshore, forecasters warn its growing strength means dangerous surf and choppy seas.",https://nypost.com/2026/07/16/us-news/tropical-storm-elida-to-bring-large-ocean-swells-to-socal/,https://nypost.com/wp-content/uploads/sites/2/2026/07/newspress-collage-5o35t6xr5-1784248954090.jpg?quality=75&strip=all&1784235092&w=1200,http://web.archive.org/web/20260718092931/https://nypost.com/2026/07/16/us-news/tropical-storm-elida-to-bring-large-ocean-swells-to-socal/,"Southern California beachgoers could be in for a rough ride as strengthening Tropical Storm Elida churns toward hurricane status, whipping up powerful ocean swells expected to slam the region’s coast… [+1744 chars]",,"Der sich verstärkende Tropensturm Elida bringt turbulente Meereswellen nach Südkalifornien. Obwohl Elida vor der Küste bleiben wird, warnen Meteorologen, dass seine zunehmende Stärke gefährliche Brandung und unruhige See mit sich bringt.","Intensifying Tropical Storm Elida to bring turbulent ocean swells to SoCal. Though Elida will stay offshore, forecasters warn its growing strength means dangerous surf and choppy seas.","Exaggerare Tropical Elida ut turbidus Oceanus intumescit ad SoCal. Quamvis Elida littus steterit, vatem suam augere vim monent periculosam salo et vertices aequora.",2026-07-25 15:16:32+00:00
9bb09e82c4056e7e1671001305118ee1,2026-07-01T20:23:26Z,'hurricane',bringatrailer.com,en,0.7,Mercury Hurricane Super 10 & Evinrude Sportwin Outboards at No Reserve,"This pair of outboards, a Mercury Hurricane Super 10 and an Evinrude Sportwin, were purchased by the seller in 2025 following cosmetic refurbishments that were completed circa 2023. The 10-horsepower Mercury was refinished in green, and the 3.3-horsepower Evi…",https://bringatrailer.com/listing/pair-of-outboards/,https://bringatrailer.com/wp-content/uploads/2026/06/1950_mercury_super-10-hurricane_horiz-35271.png,,"This pair of outboards, a Mercury Hurricane Super 10 and an Evinrude Sportwin, were purchased by the seller in 2025 following cosmetic refurbishments that were completed circa 2023. The 10-horsepower… [+1580 chars]",,"Mercury Hurricane Super 10 & Evinrude Sportwin Außenbordmotoren ohne Reserve. Dieses Paar Außenbordmotoren, ein Mercury Hurricane Super 10 und ein Evinrude Sportwin, wurden vom Verkäufer im Jahr 2025 nach kosmetischen Renovierungen gekauft, die etwa 2023 abgeschlossen wurden. Der 10-PS-Mercury wurde in Grün neu lackiert, und der 3,3-PS-Evi…","Mercury Hurricane Super 10 & Evinrude Sportwin Outboards at No Reserve. This pair of outboards, a Mercury Hurricane Super 10 and an Evinrude Sportwin, were purchased by the seller in 2025 following cosmetic refurbishments that were completed circa 2023. The 10-horsepower Mercury was refinished in green, and the 3.3-horsepower Evi…","Mercurius Procellae Super X & Evinrude Sportwin Outboards ad No Subsidium. Hoc par tabularum, Mercurius Hurricane Super X et Evinrude Sportwin, a venditore empti sunt anno 2025 sequentes refurbishationes medicamine, quae circa 2023. X-horsepower Mercurius in viridi refulsit, et 3.3-horsepower Evi…",2026-07-25 15:16:32+00:00
91354d6c2178fe885bed8d5847af33c7,2026-07-11T21:40:00Z,'hurricane',finance.yahoo.com,en,0.7,Florida man paid off his house 2 months before Hurricane Milton tore off his roof — and he had no home insurance,Inside this alarming trend where Americans risk it all by not renewing their coverage once their mortgage is paid.,https://finance.yahoo.com/real-estate/articles/florida-man-paid-off-house-214000740.html,https://s.yimg.com/lo/mysterio/api/8F5BE579B2A7991CBE55A1D038363BC6CDE2C79F7C731CB9EE11CF8F2B2BC2F4/subgraphmysterio/resizefill_w1200_h675;quality_80;format_webp/https:%2F%2Fmedia.zenfs.com%2Fen%2Fmoneywise_327%2F4ed2bbe3b5ff24d495fe29b3555a28a2,http://web.archive.org/web/20260712070907/https://finance.yahoo.com/real-estate/articles/florida-man-paid-off-house-214000740.html,"Miguel J. Rodriguez Carrillo/Getty Images
It might sound like the fate of a character in a fable, or a line from Alanis Morissette's famous 1990s hit ""Ironic"": Man pays off his house, then the roof … [+4151 chars]",,"Ein Mann aus Florida zahlte sein Haus zwei Monate bevor Hurrikan Milton sein Dach abriss – und er hatte keine Hausratversicherung. In diesem alarmierenden Trend riskieren Amerikaner alles, indem sie ihren Versicherungsschutz nicht verlängern, sobald ihre Hypothek abbezahlt ist.",Florida man paid off his house 2 months before Hurricane Milton tore off his roof — and he had no home insurance. Inside this alarming trend where Americans risk it all by not renewing their coverage once their mortgage is paid.,"Florida homo solvit domum suam ante 2 menses ante Turbo Milton tectum suum avulsit, et nullam domum assecurationis habuit. Intra hanc fossam atrox ubi Americani omnia periclitantur, non renovando coverage semel hypothecam suam solvit.",2026-07-25 15:16:32+00:00
3e00433cbbc06940443bb621e20723cc,2026-07-15T19:20:13Z,'hurricane',bringatrailer.com,en,0.7,Buzz Walneck’s 1973 Triumph X75 Hurricane,"This 1973 Triumph X75 Hurricane was purchased by Motorcycle Hall of Fame member and Walneck's Classic Cycle Trader founder Buzz Walneck in 2001, and its fuel tank was signed by bodywork designer Craig Vetter in 2005. It is powered by a 744cc triple paired wit…",https://bringatrailer.com/listing/1973-triumph-x75-hurricane-7/,https://bringatrailer.com/wp-content/uploads/2026/07/IMG_5257-scaled-copy-2026-07-09-bjp-08771.jpeg,http://web.archive.org/web/20260722175858/https://bringatrailer.com/listing/1973-triumph-x75-hurricane-7/,"This 1973 Triumph X75 Hurricane was purchased by Motorcycle Hall of Fame member and Walneck’s Classic Cycle Trader founder Buzz Walneck in 2001, and its fuel tank was signed by bodywork designer Crai… [+2299 chars]",,"Buzz Walnecks Triumph X75 Hurricane von 1973. Diese Triumph X75 Hurricane aus dem Jahr 1973 wurde 2001 von Buzz Walneck, Mitglied der Motorcycle Hall of Fame und Gründer von Walneck's Classic Cycle Trader, gekauft, und ihr Kraftstofftank wurde 2005 vom Karosseriedesigner Craig Vetter signiert. Angetrieben wird sie von einem 744-cm³-Dreifachmotor, gepaart mit…","Buzz Walneck’s 1973 Triumph X75 Hurricane. This 1973 Triumph X75 Hurricane was purchased by Motorcycle Hall of Fame member and Walneck's Classic Cycle Trader founder Buzz Walneck in 2001, and its fuel tank was signed by bodywork designer Craig Vetter in 2005. It is powered by a 744cc triple paired wit…","Buzz Walneck scriptor 1973 Triumphus X75 Procellae. Hoc anno 1973 Triumphus X75 Turbo emptus est ab Motorcycle Hall de Fame socius et Walneck scriptor Classic Cycle Mercator fundator Buzz Walneck in 2001, et cibus eius cisternina ab excogitatore Craig Vetter anno 2005 signata est. Potitur per 744cc triplum par ingenium…",2026-07-25 15:16:32+00:00
e8a12e93d3b7978e01701fec3f302142,2026-07-17T16:40:35Z,'hurricane',www.fark.com,en,0.7,"Florida Homeowner stunned by $12,000 garage door repair bill, apparently unaware of how much Hurricane-proof springs might cost if they actually existed [Florida]","Florida Homeowner stunned by $12,000 garage door repair bill, apparently unaware of how much Hurricane-proof springs might cost if they actually existed",https://www.fark.com/comments/14134124/Florida-Homeowner-stunned-by-$12000-garage-door-repair-bill-apparently-unaware-of-how-much-Hurricane-proof-springs-might-cost-if-they-actually-existed,https://img.fark.net/images/2013/site/farkLogo2Big.gif,http://web.archive.org/web/20260718014700/https://www.fark.com/comments/14134124/Florida-Homeowner-stunned-by-$12000-garage-door-repair-bill-apparently-unaware-of-how-much-Hurricane-proof-springs-might-cost-if-they-actually-existed,"<li>Links are submitted by members of the Fark community.
</li><li>When community members submit a link, they also write a custom headline for the story.
</li><li>Other Farkers comment on the links… [+177 chars]",,"Ein Hausbesitzer in Florida war verblüfft über die Reparaturrechnung für Garagentore in Höhe von 12.000 US-Dollar und wusste offenbar nicht, wie viel Hurrikan-sichere Federn kosten könnten, wenn es sie tatsächlich gäbe [Florida]. Ein Hausbesitzer in Florida war verblüfft über die Reparaturrechnung für Garagentore in Höhe von 12.000 US-Dollar und wusste offenbar nicht, wie viel Hurrikan-sichere Federn kosten würden, wenn es sie tatsächlich gäbe","Florida Homeowner stunned by $12,000 garage door repair bill, apparently unaware of how much Hurricane-proof springs might cost if they actually existed [Florida]. Florida Homeowner stunned by $12,000 garage door repair bill, apparently unaware of how much Hurricane-proof springs might cost if they actually existed","Florida Homeowner obstipuerunt $12000 garage ostium libellum reparationis, ut videtur nescius quanti fontes Procellae constarent si actu essent. Florida Homeowner obstipuerunt $12000 garage portae libellum reparationis, ut videtur nescire quanti fontes Procellae constarent si actualiter essent",2026-07-25 15:16:32+00:00
508e171bfdd153bad723055e5b571925,2026-07-22T13:23:10Z,'hurricane',www.spinmagazine.com,en,0.7,AVL Sounds Fest Returns to Asheville with Headliners  Dr. Dog,"AVL Sounds Fest is returning to Asheville, North Carolina this August 6–9 after a hiatus in 2025. The newly rebranded event, formerly known as AVLfest, was forced to take a year off as a result of significant impacts to the area following Hurricane Helene.  L…",https://www.spinmagazine.com/2026/07/avl-sounds-fest-returns-to-asheville-with-headliners-dr-dog/,https://static.spinmagazine.com/files/2026/07/Fiasco-Media-AVLFest-2023-Cedric-Burnside-Salvage-Station-6-1-scaled.jpg,http://web.archive.org/web/20260723083653/https://www.spinmagazine.com/2026/07/avl-sounds-fest-returns-to-asheville-with-headliners-dr-dog/,"AVL Sounds Fest is returning to Asheville, North Carolina this August 6–9 after a hiatus in 2025. The newly rebranded event, formerly known as AVLfest, was forced to take a year off as a result of si… [+3824 chars]",,"AVL Sounds Fest kehrt mit Headlinern Dr. Dog nach Asheville zurück. Das AVL Sounds Fest kehrt vom 6. bis 9. August nach einer Pause im Jahr 2025 nach Asheville, North Carolina, zurück. Die neu umbenannte Veranstaltung, die früher als AVLfest bekannt war, musste aufgrund erheblicher Auswirkungen auf die Region nach Hurrikan Helene ein Jahr pausieren.  L…","AVL Sounds Fest Returns to Asheville with Headliners  Dr. Dog. AVL Sounds Fest is returning to Asheville, North Carolina this August 6–9 after a hiatus in 2025. The newly rebranded event, formerly known as AVLfest, was forced to take a year off as a result of significant impacts to the area following Hurricane Helene.  L…","AVL Festum sonorum redit in Asheville cum Headliners Dr. Canis. AVL Sounds Festum ad Asheville revertitur, Carolina Septentrionali hoc Augusto 6-9 post hiatum anno 2025. Novus eventus rebrandus, olim ut AVLfest notus, annum auferre coactus est propter impulsus significantes aream sequentem Hurricane Helene.  L…",2026-07-25 15:16:32+00:00
6a15bac385e6dd685cee41fd2a9a7d22,2026-07-23T03:57:42Z,'hurricane',thoughtcatalog.com,en,0.7,“Hurricane Huda” Is In Her Erewhon Era After the TMZ Footage of Her Sneaking into Her Ex’s Baby Momma’s Apartment,"Huda Mustafa got papped on a smoothie run at Erewhon in West Hollywood on Tuesday, dressed in a cropped “MARGIELA 6 EST 1997” tee and low-rise flared jeans, cup in one hand and phone in the other.",https://thoughtcatalog.com/nadia-santiago/2026/07/hurricane-huda-is-in-her-erewhon-era-after-the-tmz-footage-of-her-sneaking-into-her-exs-baby-mommas-apartment/,https://thoughtcatalog.com/wp-content/uploads/2026/07/hurricane-huda-is-in-her-erewhon-era-after-the-tmz-footage-of-her-sneaking-into.jpg?w=1536&h=768&crop=1,http://web.archive.org/web/20260724054804/https://thoughtcatalog.com/nadia-santiago/2026/07/hurricane-huda-is-in-her-erewhon-era-after-the-tmz-footage-of-her-sneaking-into-her-exs-baby-mommas-apartment/,"Huda Mustafa got papped on a smoothie run at Erewhon in West Hollywood on Tuesday, dressed in a cropped “MARGIELA 6 EST 1997” tee and low-rise flared jeans, cup in one hand and phone in the other.
I… [+1832 chars]",,"„Hurricane Huda“ befindet sich in ihrer Erewhon-Ära, nachdem TMZ-Aufnahmen gezeigt haben, wie sie sich in die Wohnung der Baby-Mama ihrer Ex schleicht. Huda Mustafa ließ sich am Dienstag bei einem Smoothie-Lauf bei Erewhon in West Hollywood verwöhnen. Er trug ein kurzes „MARGIELA 6 EST 1997“-T-Shirt und tiefsitzende Schlagjeans, in der einen Hand eine Tasse und in der anderen ein Telefon.","“Hurricane Huda” Is In Her Erewhon Era After the TMZ Footage of Her Sneaking into Her Ex’s Baby Momma’s Apartment. Huda Mustafa got papped on a smoothie run at Erewhon in West Hollywood on Tuesday, dressed in a cropped “MARGIELA 6 EST 1997” tee and low-rise flared jeans, cup in one hand and phone in the other.","""Hurricane Huda"" Is In Her Erewhon Era After TMZ Footage of her Sneaking in Her Ex's Baby Momms Apartment. Huda Mustafa papillatum in cursu venuste obtinuit apud Erewhon in West Hollywood die Martis, vestitus ""MARGIELA 6 EST 1997"" t et jeans humilis ortus excanduit, poculum in una manu et phone in altera.",2026-07-25 15:16:32+00:00
708ef0925a71f9b37ca4a7115c86c34b,2026-07-11T19:50:53Z,'hurricane',www.fark.com,en,0.9,New Orleans PD decides against equipping drones with weapons. Should consider ones that fire hurricane shots [Interesting],New Orleans PD decides against equipping drones with weapons. Should consider ones that fire hurricane shots,https://www.fark.com/comments/14127590/New-Orleans-PD-decides-against-equipping-drones-with-weapons-Should-consider-ones-that-fire-hurricane-shots,https://usrimg-850.fark.net/z/zd/fark_zd9UGmf0m84DStR-ErtX-a7YqTI.jpg?AWSAccessKeyId=JO3ELGV4BGLFW7Y3EZXN&Expires=1783915200&Signature=UQezdlLZu%2F3fOlRp5wTweXErvBc%3D,http://web.archive.org/web/20260711213549/https://www.fark.com/comments/14127590/New-Orleans-PD-decides-against-equipping-drones-with-weapons-Should-consider-ones-that-fire-hurricane-shots,"<li>Links are submitted by members of the Fark community.
</li><li>When community members submit a link, they also write a custom headline for the story.
</li><li>Other Farkers comment on the links… [+177 chars]",,"New Orleans PD entscheidet sich gegen die Ausrüstung von Drohnen mit Waffen. Sollten diejenigen in Betracht ziehen, die Hurrikanschüsse abfeuern [Interessant]. New Orleans PD entscheidet sich gegen die Ausrüstung von Drohnen mit Waffen. Man sollte solche in Betracht ziehen, die Hurrikanschüsse abfeuern",New Orleans PD decides against equipping drones with weapons. Should consider ones that fire hurricane shots [Interesting]. New Orleans PD decides against equipping drones with weapons. Should consider ones that fire hurricane shots,Novus Orleans PD contra fucos armandos statuit. Ictus ventorum ictus considerare debet [Interest]. Novus Orleans PD contra fucos armandos statuit. Considerandum est quod ignis turbo ictibus exactis,2026-07-25 15:16:32+00:00
5a04b1f0086e8f01cee6d0c1865ce3c9,2026-07-20T21:14:07Z,'hurricane',whatever.scalzi.com,en,0.9,"Back Home, 7/20/26","Left North Carolina early in the morning, made it back home to Ohio a little after 2pm, and along the way drove through just about every summer weather pattern short of an actual hurricane or tornado. One does forget how immensely large this country is, and a…",https://whatever.scalzi.com/2026/07/20/back-home-7-20-26/,https://whatever.scalzi.com/wp-content/uploads/2026/07/PXL_20260720_111802007.jpg,,"Posted onJuly 20, 2026
  
Posted byJohn Scalzi  
  
Leave a Comment
Left North Carolina early in the morning, made it back home to Ohio a little after 2pm, and along the way drove through just a… [+332 chars]",,"Zurück zu Hause, 20.07.26. Ich verließ North Carolina am frühen Morgen, kehrte kurz nach 14 Uhr nach Ohio zurück und durchquerte auf dem Weg nahezu jedes Wettermuster im Sommer, außer einem echten Hurrikan oder Tornado. Man vergisst, wie riesig dieses Land ist, und…","Back Home, 7/20/26. Left North Carolina early in the morning, made it back home to Ohio a little after 2pm, and along the way drove through just about every summer weather pattern short of an actual hurricane or tornado. One does forget how immensely large this country is, and a…","Home, 7/20/26. Carolina Septentrionalis primo mane discessit, Ohio paulo post 2pm domum reduxit, et in via per singulas fere tempestates aestatis exemplum brevem actualis turbinis vel turbinis. Obliviscitur quam immensum sit haec terra et ...",2026-07-25 15:16:32+00:00
a7c4e666d13b0c6699be76583c19183c,2026-07-24T14:31:43Z,'hurricane',www.dailymail.com,en,0.7,"Hurricane Fausto will make direct hit on US, spaghetti models predict","Hurricane Fausto is taking aim at over one million people in the peak of the summer travel season, with projections showing a rare direct hit within days.",https://www.dailymail.com/sciencetech/article-16002685/hurricane-fausto-hawaii-direct-hit.html,https://i.dailymail.com/1s/2026/07/24/14/110230467-0-image-m-13_1784898009799.jpg,http://web.archive.org/web/20260724165643/https://www.dailymail.com/sciencetech/article-16002685/hurricane-fausto-hawaii-direct-hit.html,"Hurricane Fausto's course is now expected to head straight for Hawaii in a rare weather event that may score a direct hit on the islands.
New spaghetti models of the Category 2 hurricane project tha… [+4652 chars]",,"Hurrikan Fausto wird die USA direkt treffen, sagen Spaghetti-Modelle voraus. Hurrikan Fausto hat auf dem Höhepunkt der Sommerreisesaison mehr als eine Million Menschen im Visier und Prognosen gehen von einem seltenen direkten Treffer innerhalb weniger Tage aus.","Hurricane Fausto will make direct hit on US, spaghetti models predict. Hurricane Fausto is taking aim at over one million people in the peak of the summer travel season, with projections showing a rare direct hit within days.","Procellae Fausto directam hit in US faciet, exempla spaghetti praedicunt. Procellae Fausto intendit unum milium hominum in ipso aestatis tempore peregrinationem, cum proiectionibus intra dies raros directos ictus ostendens.",2026-07-26 15:15:55+00:00
b5f134c96cfb36f28defc5d914c1ac31,2026-07-19T13:41:57Z,'tropical depression',consent.yahoo.com,en,0.7,Tropical depression likely to form later today or Monday in the Gulf,,https://consent.yahoo.com/v2/collectConsent?sessionId=1_cc-session_bcba818f-3d2d-408a-ab0a-51ec5585479a,,,"If you click 'Accept all', we and our partners, including 250 who are part of the IAB Transparency &amp; Consent Framework, will also store and / or access information on a device (in other words, us… [+1046 chars]",,Tropisches Tiefdruckgebiet dürfte sich im Laufe des Tages oder Montags im Golf bilden. Keiner,Tropical depression likely to form later today or Monday in the Gulf. None,Tristitia tropica verisimile est hodie vel Lunae in Sinu serius formare. Nullus,2026-07-27 06:39:04+00:00
26c7723202470cefde6f777958c80d7b,2026-07-20T20:48:56Z,'tropical depression',www.nhc.noaa.gov,en,0.7,Tropical Depression Two Storm Surge Watch/Warning Map,"Storm Surge Watch/Warning Map last updated Mon, 20 Jul 2026 20:48:56 GMT",https://www.nhc.noaa.gov/refresh/graphics_at2+shtml/212513.shtml?wsurge,,,"About this product:
Product Description
For more official NWS tropical cyclone information, see hurricanes.gov. This graphic displays areas that are under a storm surge watch/warning. A storm surge… [+1432 chars]",,"Tropical Depression Two Storm Surge Watch/Warnkarte. Sturmflut-Beobachtungs-/Warnkarte, zuletzt aktualisiert am Montag, 20. Juli 2026 um 20:48:56 Uhr GMT","Tropical Depression Two Storm Surge Watch/Warning Map. Storm Surge Watch/Warning Map last updated Mon, 20 Jul 2026 20:48:56 GMT","Tropical Depressione duae Storm Surge Watch/Monitum Map. Storm Surge Watch/Monitio Tabula renovationis renovationis Mon, 20 Iul 2026 20:48:56 GMT",2026-07-27 06:39:04+00:00
bd7a3957e031945da137c9b733df2e5e,2026-07-19T16:45:46Z,'tropical depression',www.usatoday.com,en,0.9,"Tropical depression forms in Gulf, National Hurricane Center says",The National Hurricane Center said a tropical depression formed as thunderstorms and rain increase along the Gulf Coast.,https://www.usatoday.com/story/news/weather/2026/07/19/tropical-depression-florida-gulf-national-hurricane-center-storm-watch/90973407007/,https://s.yimg.com/lo/mysterio/api/fc8e47c93348f05dd15b73f395260400da94f50d1595ef4390de31aa56109e81/lightyear_networkapi/resizefill_w1200;quality_80;format_webp/https:%2F%2Fmedia.zenfs.com%2Fen%2Fusa_today_news_641%2F69dae37ebb47314513db956a77fb4122,http://web.archive.org/web/20260720023337/https://www.usatoday.com/story/news/weather/2026/07/19/tropical-depression-florida-gulf-national-hurricane-center-storm-watch/90973407007/,"A tropical depression has formed along the Gulf Coast off Florida, according to the National Hurricane Center, as an area of low pressure becomes more defined and thunderstorms and rain increase.
On… [+2859 chars]",,"Laut National Hurricane Center bildet sich im Golf ein tropisches Tiefdruckgebiet. Das National Hurricane Center sagte, dass sich entlang der Golfküste ein tropisches Tiefdruckgebiet gebildet habe, als Gewitter und Regen zunahmen.","Tropical depression forms in Gulf, National Hurricane Center says. The National Hurricane Center said a tropical depression formed as thunderstorms and rain increase along the Gulf Coast.","Depressione tropicae formae in Sinus, Centro National Hurricane dicit. National Hurricane Centrum dixit depressionem tropicam sicut tonitrua formatam et pluviam per Coast sinus augere.",2026-07-27 06:39:04+00:00
96b752f40744f19f1c48b4a449581ef6,2026-07-20T19:28:09Z,'tropical depression',www.usatoday.com,en,0.9,"South Florida to see wind, rain as tropical depression moves through Gulf","No direct impacts from TD2 are expected in South Florida, though ""scattered showers"" and storms will be possible this afternoon, according to the NWS.",https://www.usatoday.com/story/news/state/florida/miami/2026/07/20/south-florida-weather-forecast-td2-bertha-wind-rain-heat/90984638007/,https://s.yimg.com/lo/mysterio/api/8a21ca0e6f1c441f0d46b2cd538694ee6c33788cecc6a547de0144f2c4b041f4/lightyear_networkapi/resizefill_w632_h355;quality_80;format_webp/https:%2F%2Fmedia.zenfs.com%2Fen%2Fusa_today_news_641%2F5155704a7926672ba026710fbc4fc03c,http://web.archive.org/web/20260720233230/https://www.usatoday.com/story/news/state/florida/miami/2026/07/20/south-florida-weather-forecast-td2-bertha-wind-rain-heat/90984638007/,"Tropical Depression Two is moving erratically toward the northwest, according to the afternoon update from the National Hurricane Center, but it is still expected to become Tropical Storm Bertha late… [+3929 chars]",,"Südflorida sieht Wind und Regen, während sich tropische Tiefdruckgebiete durch den Golf bewegen. In Südflorida werden keine direkten Auswirkungen von TD2 erwartet, obwohl laut NWS heute Nachmittag „vereinzelte Schauer“ und Stürme möglich sein werden.","South Florida to see wind, rain as tropical depression moves through Gulf. No direct impacts from TD2 are expected in South Florida, though ""scattered showers"" and storms will be possible this afternoon, according to the NWS.","South Florida ad videndum ventum, pluvia tropica depressio per sinus movetur. Nullae impulsus directi ab TD2 in Florida Australi exspectantur, quamquam ""pluviae imbres"" et tempestates hac post meridiem possibilia erunt, secundum NWS.",2026-07-27 06:39:04+00:00
8daf8298905339cc73ec211237a59e1d,2026-07-24T02:54:00Z,'tropical depression',www.nhc.noaa.gov,en,0.7,Hurricane Fausto Graphics,"Wind Speed Probabilities last updated Fri, 24 Jul 2026 02:54:00 GMT",https://www.nhc.noaa.gov/refresh/graphics_ep1+shtml/025400.shtml?cone,,,"* If the storm is forecast to dissipate within 3 days, the ""Full Forecast"" and ""3 day"" graphic will be identical
Click Here for a 5-day Cone Printer Friendly GraphicHow to use the cone graphic (vide… [+2695 chars]",,"Hurrikan Fausto Grafiken. Die Windgeschwindigkeitswahrscheinlichkeiten wurden zuletzt am Freitag, den 24. Juli 2026 um 02:54:00 Uhr GMT aktualisiert","Hurricane Fausto Graphics. Wind Speed Probabilities last updated Fri, 24 Jul 2026 02:54:00 GMT","Procellae Fausto Graphics. Ventus Speed ​​Probabilitates renovatio Fri, 24 Jul 2026 02:54:00 GMT",2026-07-27 11:36:01+00:00
a60b8284b99188ed538f3b9aca22457d,2026-07-24T14:39:43Z,'tropical depression',www.nhc.noaa.gov,en,0.7,Tropical Depression Seven-E Graphics,"Wind Speed Probabilities last updated Fri, 24 Jul 2026 14:39:43 GMT",https://www.nhc.noaa.gov/refresh/graphics_ep2+shtml/143943.shtml?cone,,,"* If the storm is forecast to dissipate within 3 days, the ""Full Forecast"" and ""3 day"" graphic will be identical
Click Here for a 5-day Cone Printer Friendly GraphicHow to use the cone graphic (vide… [+2695 chars]",,"Tropische Depression Seven-E-Grafiken. Die Windgeschwindigkeitswahrscheinlichkeiten wurden zuletzt am Freitag, 24. Juli 2026 um 14:39:43 Uhr GMT aktualisiert","Tropical Depression Seven-E Graphics. Wind Speed Probabilities last updated Fri, 24 Jul 2026 14:39:43 GMT","Tropical Depressione Septem-E Graphics. Ventus Speed ​​Probabilitates renovatio Fri, 24 Jul 2026 14:39:43 GMT",2026-07-27 11:36:01+00:00
7ab374b3007b8edabceb8c45722ec2d3,2026-07-23T22:39:49Z,'typhoon',newsonjapan.com,en,0.9,Typhoon No. 12 Expected to Impact Okinawa,"Typhoon No. 12 (Noul) formed east of the Philippines at 3 a.m. on Friday, July 24, becoming the fourth typhoon to develop this month as this year's storm season continues at a faster pace than usual. (News On Japan)",https://newsonjapan.com/article/150097.php,https://i2.ytimg.com/vi/xZAbORo7ims/maxresdefault.jpg,,"NAHA -
 Typhoon No. 12 (Noul) formed east of the Philippines at 3 a.m. on Friday, July 24, becoming the fourth typhoon to develop this month as this year's storm season continues at a faster pace th… [+1073 chars]",,"Taifun Nr. 12 wird voraussichtlich Okinawa treffen. Taifun Nr. 12 (Noul) bildete sich am Freitag, dem 24. Juli, um 3 Uhr morgens östlich der Philippinen und war damit der vierte Taifun, der sich in diesem Monat entwickelte, da die diesjährige Sturmsaison schneller als gewöhnlich verläuft. (Neuigkeiten über Japan)","Typhoon No. 12 Expected to Impact Okinawa. Typhoon No. 12 (Noul) formed east of the Philippines at 3 a.m. on Friday, July 24, becoming the fourth typhoon to develop this month as this year's storm season continues at a faster pace than usual. (News On Japan)","Typhoon No. XII Expectatur Impact Okinawa. Typhoon No. 12 (Noul) orientalis Philippinarum hora 3 a.m. die Veneris, die 24 mensis Iulii, factus est quartus typhon ut hoc mense evolveret, sicut tempestas huius anni tempore celeriore solito solito pergit. (News On Japan)",2026-07-27 11:36:01+00:00
c1823b0b75839d55673777fa89ca22c5,2026-07-24T01:58:30Z,'tropical depression',www.foxweather.com,en,0.9,"Tropical Storm Bertha weakens to tropical depression as all watches, warnings scrapped","Tropical Storm Bertha weakened to a tropical depression with 35 mph winds as it moved inland over Texas, ending all coastal storm warnings.",https://www.foxweather.com/weather-news/tropical-storm-bertha-gulf-coast-louisiana,https://nypost.com/wp-content/uploads/sites/2/2026/07/battered-bruised-bertha-weakens-tropical-135326258.jpg?quality=75&strip=all&w=1200,http://web.archive.org/web/20260724081510/https://www.foxweather.com/weather-news/tropical-storm-bertha-gulf-coast-louisiana,"Bertha officially weakened to a tropical depression Thursday evening after moving inland across Texas, signaling the end of the system’s brief tropical run as all coastal watches and warnings were li… [+2999 chars]",,"Der Tropensturm Bertha schwächt sich zu einem tropischen Tiefdruckgebiet ab, da alle Wachen und Warnungen aufgehoben wurden. Der Tropensturm Bertha schwächte sich zu einem tropischen Tiefdruckgebiet mit Windgeschwindigkeiten von 35 Meilen pro Stunde ab, als er sich landeinwärts über Texas bewegte und alle Sturmwarnungen an der Küste beendete.","Tropical Storm Bertha weakens to tropical depression as all watches, warnings scrapped. Tropical Storm Bertha weakened to a tropical depression with 35 mph winds as it moved inland over Texas, ending all coastal storm warnings.","Tropical Storm Bertha to tropical depression to hebetat, sicut omnes vigiliae, admonitiones abraduntur. Tempestas Tropical Bertha ad depressionem tropicam debilitavit cum 35 mph ventis in mediterraneis super Texas moventibus, omnia monita tempestatis maritima finiens.",2026-07-27 11:36:01+00:00
2a7d8d5a99bcb15911a596421c2ad75c,2026-07-23T02:38:23Z,'hurricane',www.nhc.noaa.gov,en,0.7,Hurricane Fausto Graphics,"Wind Speed Probabilities last updated Thu, 23 Jul 2026 02:38:23 GMT",https://www.nhc.noaa.gov/refresh/graphics_ep1+shtml/023823.shtml?cone,,,"* If the storm is forecast to dissipate within 3 days, the ""Full Forecast"" and ""3 day"" graphic will be identical
Click Here for a 5-day Cone Printer Friendly GraphicHow to use the cone graphic (vide… [+2695 chars]",,"Hurrikan Fausto Grafiken. Die Windgeschwindigkeitswahrscheinlichkeiten wurden zuletzt am Do, 23. Juli 2026 um 02:38:23 GMT aktualisiert","Hurricane Fausto Graphics. Wind Speed Probabilities last updated Thu, 23 Jul 2026 02:38:23 GMT","Procellae Fausto Graphics. Ventus Speed ​​Probabilitates renovatio Thu, 23 Jul 2026 02:38:23 GMT",2026-07-27 16:31:23+00:00
4f208f8d2176288df17d9977d2379d72,2026-07-13T22:50:22Z,'typhoon',bringatrailer.com,en,0.7,5k-Mile 1993 GMC Typhoon,"This 1993 GMC Typhoon has spent time in West Virginia, Ohio, and Puerto Rico and now shows 5k miles. It is finished in Apple Red over Charcoal leather and powered by a turbocharged 4.3-liter V6 that drives all four wheels through a four-speed automatic transm…",https://bringatrailer.com/listing/1993-gmc-typhoon-40/,https://bringatrailer.com/wp-content/uploads/2026/06/IMG_8048-scaled-copy-2026-07-06-6we-70558.jpeg,,"This 1993 GMC Typhoon has spent time in West Virginia, Ohio, and Puerto Rico and now shows 5k miles. It is finished in Apple Red over Charcoal leather and powered by a turbocharged 4.3-liter V6 that … [+2701 chars]",,"5 km-Meile 1993 GMC Typhoon. Dieser GMC Typhoon aus dem Jahr 1993 hat einige Zeit in West Virginia, Ohio und Puerto Rico verbracht und weist nun eine Laufleistung von 5.000 Meilen auf. Er ist in Apfelrot über anthrazitfarbenem Leder gehalten und wird von einem 4,3-Liter-V6 mit Turbolader angetrieben, der über ein Viergang-Automatikgetriebe alle vier Räder antreibt …","5k-Mile 1993 GMC Typhoon. This 1993 GMC Typhoon has spent time in West Virginia, Ohio, and Puerto Rico and now shows 5k miles. It is finished in Apple Red over Charcoal leather and powered by a turbocharged 4.3-liter V6 that drives all four wheels through a four-speed automatic transm…","5k-Mile 1993 GMC Typhoon. Hoc 1993 GMC Typhoon in Virginia, Ohio, et Puerto Rico tempus occubuit et nunc 5k milia ostendit. Consummatum est in Apple Rubro super corium carbone et a turbocharged 4.3-liter V6, quod omnes quattuor rotas impellit per transm autocinetum.",2026-07-27 21:21:20+00:00
d4d5cc81e9b0392f2e26eb92e9e4d363,2026-07-07T21:20:07Z,'hurricane death',www.thegatewaypundit.com,en,0.2,UPDATE: Rep. Tim Burchett Issues Official Letter to FBI Requesting Release of ALL RECORDS Related to Death of Seth Rich,"Republican Congressman Tim Burchett (R-TN) just fired off a letter to FBI Director Kash Patel demanding the full release of every FBI record related to the 2016 murder of DNC staffer Seth Rich.
The post UPDATE: Rep. Tim Burchett Issues Official Letter to FBI …",https://www.thegatewaypundit.com/2026/07/update-rep-tim-burchett-issues-official-letter-fbi/,https://www.thegatewaypundit.com/wp-content/uploads/2026/07/Seth-Rich-Red-White-and-Blue-1-1200x630.jpg,,"Republican Congressman Tim Burchett (R-TN) just fired off a letter to FBI Director Kash Patel demanding the full release of every FBI record related to the 2016 murder of DNC staffer Seth Rich.
Burc… [+1976 chars]",,"UPDATE: Rep. Tim Burchett sendet einen offiziellen Brief an das FBI, in dem er die Veröffentlichung ALLER AUFZEICHNUNGEN im Zusammenhang mit dem Tod von Seth Rich fordert. Der republikanische Kongressabgeordnete Tim Burchett (R-TN) hat gerade einen Brief an FBI-Direktor Kash Patel verschickt, in dem er die vollständige Veröffentlichung aller FBI-Unterlagen im Zusammenhang mit der Ermordung des DNC-Mitarbeiters Seth Rich im Jahr 2016 fordert.
Der Beitrag UPDATE: Rep. Tim Burchett gibt offiziellen Brief an das FBI heraus …","UPDATE: Rep. Tim Burchett Issues Official Letter to FBI Requesting Release of ALL RECORDS Related to Death of Seth Rich. Republican Congressman Tim Burchett (R-TN) just fired off a letter to FBI Director Kash Patel demanding the full release of every FBI record related to the 2016 murder of DNC staffer Seth Rich.
The post UPDATE: Rep. Tim Burchett Issues Official Letter to FBI …","UPDATE: Rep. Tim Burchett Exitus Officialis Epistula ad FBI Postulantes remissionem omnium monumentorum ad Mortem Seth Rich. Congressus republicanus Tim Burchett (R-TN) litteras ad FBI Directorem Kash Patel iustam accensus petivit plenam remissionem omnium recordum FBI ad MMXVI caedem DNC staffer Seth Rich relatam.
Post UPDATE: Rep. Tim Burchett Exitus officialis Epistula ad FBI ...",2026-07-28 21:18:16+00:00
d9aab24bebbc5a17e6dddd3d47e810d3,2026-07-25T15:00:00Z,'hurricane death',allthatsinteresting.com,en,0.2,How Eight Climbers Perished In A Blizzard While Descending Mt. Everest In 1996,"On May 10, 1996, dozens of climbers were delayed while attempting to summit Mt. Everest and failed to turn back by the appointed time — leaving them stranded in the Death Zone for hours.
The post How Eight Climbers Perished In A Blizzard While Descending Mt. …",https://allthatsinteresting.com/1996-everest-disaster,https://allthatsinteresting.com/wordpress/wp-content/uploads/2026/07/anatoli-boukreev-climbing-mt-everest-featured.jpg,,"On May 10, 1996, dozens of climbers were delayed while attempting to summit Mt. Everest and failed to turn back by the appointed time leaving them stranded in the Death Zone for hours.
Rdevany/Wikim… [+9099 chars]",,"Wie acht Bergsteiger 1996 beim Abstieg auf den Mount Everest in einem Schneesturm ums Leben kamen. Am 10. Mai 1996 wurden Dutzende Bergsteiger beim Versuch, den Mount Everest zu besteigen, aufgehalten und schafften es nicht, rechtzeitig umzukehren – so dass sie stundenlang in der Todeszone festsaßen.
Der Beitrag Wie acht Bergsteiger beim Abstieg vom Berg in einem Schneesturm ums Leben kamen …","How Eight Climbers Perished In A Blizzard While Descending Mt. Everest In 1996. On May 10, 1996, dozens of climbers were delayed while attempting to summit Mt. Everest and failed to turn back by the appointed time — leaving them stranded in the Death Zone for hours.
The post How Eight Climbers Perished In A Blizzard While Descending Mt. …","Quomodo octo Climber perierunt in Blizzard Dum Descendens Matthaeum Everestium Anno 1996. Die 10 Maii 1996, justo viverra tellus distulerunt dum conarentur ad culmen Matthaeum Everest et statuto tempore reverti non potuerunt - relictis in Zona Mortis per horas destitutas.
Post Quam Octo Climber perierunt in Blizzard Dum Descendens Mt.",2026-07-28 21:18:16+00:00
35150baa88846435a919cf765d4096a2,2026-07-13T15:51:56Z,'hurricane death',military.com,en,0.3,Donald Trump Orders Flags To Half-Staff for Lindsey Graham: 'Truly Great',"Graham, who had been a senator from South Carolina since 2002, died on Saturday at age 71.",https://military.com/donald-trump-orders-flags-to-half-staff-for-lindsey-graham-truly-great,https://static0.mltimages.com/wordpresshttps://static0.mltimages.com/wordpress/wp-content/uploads/2026/07/ap26193248081266.jpg?w=1600&h=900&fit=crop,,"U.S. President Donald Trump has ordered the U.S. to fly flags at half-staff after the death of U.S. Sen. Lindsey Graham.
Trump took to Truth Social to praise Graham, a South Carolina Republican sena… [+4696 chars]",,"Donald Trump befiehlt für Lindsey Graham, die Flaggen halb zu schwenken: „Wirklich großartig“. Graham, der seit 2002 Senator aus South Carolina war, starb am Samstag im Alter von 71 Jahren.","Donald Trump Orders Flags To Half-Staff for Lindsey Graham: 'Truly Great'. Graham, who had been a senator from South Carolina since 2002, died on Saturday at age 71.","Donald BUCINUM Ordines Vexilla ad Half-Staff pro Lindsey Graham: 'Vere Magnus'. Graham, qui senator ex Carolina Meridiana post 2002 fuerat, die Sabbati aetatis suae anno LXX mortuus est.",2026-07-28 21:18:16+00:00
cdbf0d603aba0b2907fa0b6cf350af51,2026-07-27T18:46:10Z,'hurricane death',www.medicaldaily.com,en,0.3,Florida Confirms Its First Vibrio Vulnificus Death Of 2026 After Eleven Confirmed Infections Reported Across The State,"Florida reports its first 2026 Vibrio vulnificus death and 11 confirmed cases. See the county breakdown, who is at risk and what officials advise.",https://www.medicaldaily.com/florida-first-vibrio-vulnificus-death-2026-eleven-cases-476422,https://d.medicaldaily.com/en/full/483538/jeff-pachoud-afp-via-getty-images.jpg,http://web.archive.org/web/20260727193723/https://www.medicaldaily.com/florida-first-vibrio-vulnificus-death-2026-eleven-cases-476422,"The First Death of the Season Is Confirmed
Florida has recorded its first death of 2026 from Vibrio vulnificus, the bacterium commonly described as flesh-eating, according to the Florida Department … [+7741 chars]",,"Florida bestätigt seinen ersten Vibrio Vulnificus-Todesfall im Jahr 2026, nachdem im ganzen Bundesstaat elf bestätigte Infektionen gemeldet wurden. Florida meldet seinen ersten Vibrio vulnificus-Todesfall im Jahr 2026 und 11 bestätigte Fälle. Sehen Sie sich die Aufschlüsselung nach Landkreisen an, wer gefährdet ist und was die Beamten raten.","Florida Confirms Its First Vibrio Vulnificus Death Of 2026 After Eleven Confirmed Infections Reported Across The State. Florida reports its first 2026 Vibrio vulnificus death and 11 confirmed cases. See the county breakdown, who is at risk and what officials advise.","Florida confirmat Primam Vibrio Vulnificus Mortem Of 2026 Post Undecim Confirmat Infectiones Nuntiata Trans Rei Publicam. Florida mortem suam tradit primam 2026 Vibrio vulnificus et 11 casus confirmati. Vide comitatum naufragii, quis sit in periculo et quid magistratus moneant.",2026-07-28 21:18:16+00:00
0bbde5673591c7146acfa61eaf13d3d8,2026-07-10T03:25:34Z,'hurricane death',www.medicaldaily.com,en,0.6,"Extreme Heat Kills More Americans Than Any Weather Disaster, but It Has Never Received a Federal Disaster Declaration","Extreme heat kills 2,394+ Americans annually but has never qualified for a federal disaster declaration. Here's what that means for your community.",https://www.medicaldaily.com/extreme-heat-federal-disaster-declaration-gap-2026-476027,https://d.medicaldaily.com/en/full/483119/extreme-heat.jpg,http://web.archive.org/web/20260710080333/https://www.medicaldaily.com/extreme-heat-federal-disaster-declaration-gap-2026-476027,"Extreme heat kills more Americans each year than hurricanes, floods, and tornadoes combined. In 2024 alone, heat-related deaths reached 2,394 — nearly double the toll recorded in 1999. Yet as a heat … [+11367 chars]",,"Extreme Hitze tötet mehr Amerikaner als jede Wetterkatastrophe, hat aber noch nie eine Bundeskatastrophenerklärung erhalten. Extreme Hitze tötet jedes Jahr mehr als 2.394 US-Amerikaner, hat jedoch nie die Voraussetzungen für eine bundesstaatliche Katastrophenerklärung erfüllt. Hier erfahren Sie, was das für Ihre Community bedeutet.","Extreme Heat Kills More Americans Than Any Weather Disaster, but It Has Never Received a Federal Disaster Declaration. Extreme heat kills 2,394+ Americans annually but has never qualified for a federal disaster declaration. Here's what that means for your community.","Extremus calor plures Americanos quam omnem tempestatem calamitatem necat, sed numquam calamitatem foederalem Declarationem accepit. Extremus calor 2,394+ quotannis Americanos necat sed numquam declarationem calamitatis foederatae idoneus est. Ecce id quod per vestram civitatem.",2026-07-28 21:18:16+00:00
28af76c0b0924ec42153ce5365ad7dd9,2026-07-07T14:00:00Z,'hurricane',www.stateoftheu.com,en,0.7,2026 Game Preview: Miami Hurricanes at Clemson Tigers,The Canes will look to start the month of October with a win over the former kings of the ACC.,https://www.stateoftheu.com/football-news/86957/2026-game-preview-miami-hurricanes-at-clemson-tigers,https://s.yimg.com/lo/mysterio/api/6ea5f23c6488973003c873a1b4d935f8deb95ef1730a0df6832c6e307464a437/lightyear_networkapi/resizefill_w1200;quality_80;format_webp/https:%2F%2Fmedia.zenfs.com%2Fen%2Fsb_nation_articles_115%2F377e63f17db105149962efb90f088c21,http://web.archive.org/web/20260708022522/https://www.stateoftheu.com/football-news/86957/2026-game-preview-miami-hurricanes-at-clemson-tigers,"The Miami Hurricanes head to Death Valley Lite to take on the Clemson Tigers on October 3rd, 2026, kickoff time TBD. I was actually planning on attending this game. I even booked a hotel room a few m… [+4170 chars]",,"Spielvorschau 2026: Miami Hurricanes bei Clemson Tigers. Die Canes werden versuchen, den Monat Oktober mit einem Sieg über die ehemaligen Könige der ACC zu beginnen.",2026 Game Preview: Miami Hurricanes at Clemson Tigers. The Canes will look to start the month of October with a win over the former kings of the ACC.,2026 Ludus Praevius: Miami Turbinum apud Clemson Tigres. Canes incipient mense Octobri cum conciliare reges priores ACC.,2026-07-28 21:18:16+00:00
411e8116b184eb93e147a494365a33fa,2026-07-15T07:00:00Z,'hurricane climate change',www.prnewswire.com,en,0.2,Climate Whiplash Is the New Normal: Why Extreme Weather Is Becoming More Dangerous--and Less Predictable,"Texas State Climatologist John Nielsen-Gammon Joins Planet Classroom and VoiceAmerica to Map Real-World Solutions for Heat, Flooding, and Infrastructure Risk NEW YORK, July 15, 2026 /PRNewswire/ -- As communities across the United States face intensifying cyc…",https://www.prnewswire.com/news-releases/climate-whiplash-is-the-new-normal-why-extreme-weather-is-becoming-more-dangerousand-less-predictable-302816629.html,https://mma.prnewswire.com/media/2742413/planetclassroomlogo_Logo.jpg?p=facebook,http://web.archive.org/web/20260716045720/https://www.prnewswire.com/news-releases/climate-whiplash-is-the-new-normal-why-extreme-weather-is-becoming-more-dangerousand-less-predictable-302816629.html,"Texas State Climatologist John Nielsen-Gammon Joins Planet Classroom and VoiceAmerica to Map Real-World Solutions for Heat, Flooding, and Infrastructure Risk
NEW YORK, July 15, 2026 /PRNewswire/ -- … [+4714 chars]",,"Klima-Schleudertrauma ist die neue Normalität: Warum extremes Wetter gefährlicher und weniger vorhersehbar wird. Der Klimatologe des US-Bundesstaates Texas, John Nielsen-Gammon, schließt sich Planet Classroom und VoiceAmerica an, um reale Lösungen für Hitze-, Überschwemmungs- und Infrastrukturrisiken zu kartieren. NEW YORK, 15. Juli 2026 /PRNewswire/ – Da Gemeinden in den gesamten Vereinigten Staaten mit zunehmenden Zyklen konfrontiert sind …","Climate Whiplash Is the New Normal: Why Extreme Weather Is Becoming More Dangerous--and Less Predictable. Texas State Climatologist John Nielsen-Gammon Joins Planet Classroom and VoiceAmerica to Map Real-World Solutions for Heat, Flooding, and Infrastructure Risk NEW YORK, July 15, 2026 /PRNewswire/ -- As communities across the United States face intensifying cyc…","Clima Whiplash est Nova Normalis: Quare Tempestas Extrema magis periculosior fit - et Minus Predictable. Texas Civitatis Climatologist John Nielsen-Gammon Joins Planet Classroom et VoiceAmerica ad Mappa realis mundi Solutiones caloris, inundationis, et infrastructure Risk Novi Eboraci, die 15 iulii 2026 /PRNewswire/ -- Communitates trans Americae Foederatae Reipublicae faciem auget cyc…",2026-07-29 06:06:26+00:00
903a14ab19d3e7cbd09c3fefe346f7cd,2026-07-17T16:27:11Z,'hurricane climate change',news.climate.columbia.edu,en,0.2,Why Hawaii Is Falling Short on Climate Resilience,Hawaii’s March 2026 flooding exposed more than damaged roads and homes. True recovery must prioritize local needs and long-term preparedness.,https://news.climate.columbia.edu/2026/07/17/why-hawaii-is-falling-short-on-climate-resilience/,https://media.news.climate.columbia.edu/wp-content/uploads/2026/07/oahu_oli2_20260314.jpg,http://web.archive.org/web/20260718025045/https://news.climate.columbia.edu/2026/07/17/why-hawaii-is-falling-short-on-climate-resilience/,"In March 2026, Hawaii was battered by the most severe flooding it had seen since 2004. The intense storms were driven by a series of Kona lowswinter storm systems that draw warm, moisture-laden air a… [+8972 chars]",,Warum es Hawaii bei der Klimaresilienz mangelt. Bei den Überschwemmungen auf Hawaii im März 2026 wurden mehr als nur beschädigte Straßen und Häuser freigelegt. Bei einer echten Erholung müssen die lokalen Bedürfnisse und die langfristige Vorbereitung Vorrang haben.,Why Hawaii Is Falling Short on Climate Resilience. Hawaii’s March 2026 flooding exposed more than damaged roads and homes. True recovery must prioritize local needs and long-term preparedness.,Quare Hawaii deficit in Climate mollitiam. Martii 2026 inundationes Hawaii plus quam laesae viae et domos expositae sunt. Vera recuperatio debet prioritizare necessitates locales et diuturnum praeparationem.,2026-07-29 06:06:26+00:00
9c4f5872ba2db8a34afec4ad71759f41,2026-07-26T15:49:19Z,'hurricane evacuation',www.yahoo.com,en,0.7,Traveling to Hawaii this week? What Hurricane Fausto means for your trip,"Hurricane Fausto is expected to pass near Hawaii early this week. Here's what travelers should know about the forecast track, dangerous surf and flights.",https://www.yahoo.com/news/weather-news/article/traveling-to-hawaii-this-week-what-hurricane-fausto-means-for-your-trip-154919797.html,https://s.yimg.com/lo/mysterio/api/ed733b82d821e4b60451578d1425eddebfaedb1f547b6fbfe39329a547d2f2b5/lightyear_networkapi/resizefill_w1200;quality_80;format_webp/https:%2F%2Fd29szjachogqwa.cloudfront.net%2Fimages%2F2026-07%2Fdf82ef87-0d60-428f-8687-c19efc6c7603,,"Hurricane Fausto is on track to pass near Hawaii early this week. Forecasters expect it to weaken before it arrives, but the storm is worrying for anyone with a trip to the islands. Here is what trav… [+2299 chars]",,"Reisen Sie diese Woche nach Hawaii? Was Hurrikan Fausto für Ihre Reise bedeutet. Hurrikan Fausto wird voraussichtlich Anfang dieser Woche in der Nähe von Hawaii vorbeiziehen. Hier erfahren Sie, was Reisende über die vorhergesagte Strecke, gefährliche Brandung und Flüge wissen sollten.","Traveling to Hawaii this week? What Hurricane Fausto means for your trip. Hurricane Fausto is expected to pass near Hawaii early this week. Here's what travelers should know about the forecast track, dangerous surf and flights.","Iter ad Hawaii hac septimana? Quid sit Procellae Fausto iter tuum. Procellae Fausto proxima hac septimana Hawaii mane transire expectatur. Hic est quid viatores noverint de semita praesagio, periculosa salo et volatus.",2026-07-29 06:06:26+00:00
3edd8c54339175f8e9472b7d2abebbc7,2026-07-16T04:18:35Z,'hurricane warning',www.lifesciencesworld.com,en,0.9,Do animals leave before a hurricane?,"Do Animals Flee Before a Hurricane? Unveiling Nature’s Warning System Do animals leave before a hurricane? While anecdotal evidence suggests animals possess an uncanny ability to sense impending natural disasters, scientific evidence is mixed, making it diffi…",https://www.lifesciencesworld.com/do-animals-leave-before-a-hurricane/,,,"Do Animals Flee Before a Hurricane? Unveiling Nature’s Warning System
Do animals leave before a hurricane? While anecdotal evidence suggests animals possess an uncanny ability to sense impending nat… [+10458 chars]",,"Gehen Tiere vor einem Hurrikan weg? Fliehen Tiere vor einem Hurrikan? Enthüllung des Warnsystems der Natur Gehen Tiere vor einem Hurrikan weg? Während anekdotische Beweise darauf hindeuten, dass Tiere eine unheimliche Fähigkeit besitzen, drohende Naturkatastrophen zu spüren, sind die wissenschaftlichen Beweise gemischt, was es schwierig macht …","Do animals leave before a hurricane?. Do Animals Flee Before a Hurricane? Unveiling Nature’s Warning System Do animals leave before a hurricane? While anecdotal evidence suggests animals possess an uncanny ability to sense impending natural disasters, scientific evidence is mixed, making it diffi…","An animalia ante tempestatem relinquunt? Animalia ante fuge Procellae? Naturae Monitum Ratio detegens Utrum animalia antequam turbo discedant? Dum documenta anecdota suggerunt animalia insolitam facultatem habent sentiendi clades naturales imminentes, scientifica testimonia mixta sunt, quae diffi- ...",2026-07-29 06:06:26+00:00
658ce6536c32de8b7a40b81d79f807e9,2026-07-22T09:15:35Z,'hurricane season',www.npr.org,en,0.9,"What forecasters expect this hurricane season, as Tropical Storm Bertha edges along",The El Niño weather pattern could limit how many Atlantic storms form this year. But unusually warm waters temperatures<strong> </strong>mean the risk of destructive storms is still high.,https://www.npr.org/2026/07/22/nx-s1-5902142/tropical-storm-bertha-hurricane-season,https://npr.brightspotcdn.com/dims3/default/strip/false/crop/3000x1688+0+156/resize/1400/quality/85/format/jpeg/?url=http%3A%2F%2Fnpr-brightspot.s3.amazonaws.com%2F60%2F89%2Fcbd003014e2cbe66db073d8a3d4e%2Fap26202521152562.jpg,http://web.archive.org/web/20260723000924/https://www.npr.org/2026/07/22/nx-s1-5902142/tropical-storm-bertha-hurricane-season,"Tropical Storm Bertha is the second named storm of the Atlantic hurricane season, and it's expected to track along the northern Gulf Coast for several days, hitting Gulf communities with up to four f… [+2698 chars]",,"Was Meteorologen in dieser Hurrikansaison erwarten, wenn der Tropensturm Bertha voranschreitet. Das El Niño-Wettermuster könnte die Anzahl der Atlantikstürme in diesem Jahr begrenzen. Aber ungewöhnlich warme Wassertemperaturen bedeuten, dass das Risiko zerstörerischer Stürme immer noch hoch ist.","What forecasters expect this hurricane season, as Tropical Storm Bertha edges along. The El Niño weather pattern could limit how many Atlantic storms form this year. But unusually warm waters temperatures<strong> </strong>mean the risk of destructive storms is still high.","Quid exspectant vatem tempestatis hoc tempestatis, ut Tropical Bertha oras along. Exemplar tempestatum El Niño coarctare potuit quot procellae Atlanticae hoc anno formant. Sed solitus aquae calidae temperaturae <strong> </strong>intelliguntur periculo tempestatum perniciosorum adhuc altum.",2026-07-29 06:06:26+00:00
f4c399d57ee954c9a4ec47db7f7af111,2026-07-23T15:28:34Z,'hurricane evacuation',www.usatoday.com,en,0.9,Florida-based company promises guaranteed hurricane evacuation flights,A Florida-based company is offering the state's residents guaranteed evacuation flights to Atlanta in the event of a hurricane.,https://www.usatoday.com/story/news/state/florida/2026/07/23/guaranteed-florida-hurricane-evacuation-flights/91019578007/,https://s.yimg.com/lo/mysterio/api/2a44a18a1307d0af54f31dc61eb40af2c33004a2527ef5ff0f40d63aef825800/lightyear_networkapi/resizefill_w1000_h529;quality_80;format_webp/https:%2F%2Fmedia.zenfs.com%2Fen%2Fusa_today_news_641%2Fd972130d25878fb59e672b0a168e1003,http://web.archive.org/web/20260724041514/https://www.usatoday.com/story/news/state/florida/2026/07/23/guaranteed-florida-hurricane-evacuation-flights/91019578007/,"A Florida-based company is selling the state's residents guaranteed evacuation flights to Atlanta in the event of a hurricane for over a thousand dollars per interested household member.
PriorityEva… [+4764 chars]",,Das in Florida ansässige Unternehmen verspricht garantierte Hurrikan-Evakuierungsflüge. Ein in Florida ansässiges Unternehmen bietet den Einwohnern des Bundesstaates im Falle eines Hurrikans garantierte Evakuierungsflüge nach Atlanta an.,Florida-based company promises guaranteed hurricane evacuation flights. A Florida-based company is offering the state's residents guaranteed evacuation flights to Atlanta in the event of a hurricane.,Florida-substructio societas promittit praestita procellae fugae evacuationis. Societas Florida-fundata praebet statum incolarum praestitum fugae evacuationis Atlantae in eventu procellae.,2026-07-29 06:06:26+00:00
3d986be58b7a04801c362580c0c308d7,2026-07-23T16:57:00Z,'hurricane',www.prnewswire.com,en,0.9,Don't Let a Quiet Start Fool You: Peak Hurricane Season Is Weeks Away,"Deltec Homes and world-renowned hurricane chaser Josh Morgerman warn coastal homeowners: the season's most dangerous months are still ahead ASHEVILLE, N.C., July 23, 2026 /PRNewswire/ -- Tropical Storm Bertha is tracking along the Gulf Coast, bringing storm s…",https://www.prnewswire.com/news-releases/dont-let-a-quiet-start-fool-you-peak-hurricane-season-is-weeks-away-302833527.html,https://mmx.prnewswire.com/media/MS692890/25-05-13-Deltec-Homes-1300-Beach.jpg?id=OA2783709&p=facebook,http://web.archive.org/web/20260724043838/https://www.prnewswire.com/news-releases/dont-let-a-quiet-start-fool-you-peak-hurricane-season-is-weeks-away-302833527.html,"Deltec Homes and world-renowned hurricane chaser Josh Morgerman warn coastal homeowners: the season's most dangerous months are still ahead
ASHEVILLE, N.C., July 23, 2026 /PRNewswire/ -- Tropical St… [+4364 chars]",,"Lassen Sie sich von einem ruhigen Start nicht täuschen: Der Höhepunkt der Hurrikansaison ist nur noch Wochen entfernt. Deltec Homes und der weltbekannte Hurrikanjäger Josh Morgerman warnen Hausbesitzer an der Küste: Die gefährlichsten Monate der Saison stehen noch bevor ASHEVILLE, N.C., 23. Juli 2026 /PRNewswire/ -- Der Tropensturm Bertha zieht entlang der Golfküste und bringt Sturmstärken mit sich…","Don't Let a Quiet Start Fool You: Peak Hurricane Season Is Weeks Away. Deltec Homes and world-renowned hurricane chaser Josh Morgerman warn coastal homeowners: the season's most dangerous months are still ahead ASHEVILLE, N.C., July 23, 2026 /PRNewswire/ -- Tropical Storm Bertha is tracking along the Gulf Coast, bringing storm s…","Ne taceas Stulte Committitur: Peak Procellae Season Est hebdomades tolle. Deltec Domos et celebres procellae venator Josh Morgerman monent possessores maritimos: temporum periculosissimi menses adhuc praecedunt ASHEVILLE, N.C., die 23 Iulii 2026 /PRNewswire/ -- Tropical Procella Bertha in oram maris insequitur, tempestatem s… ferentem.",2026-07-29 06:06:26+00:00
3c5b553592d706416ff86f2a756c6533,2026-07-25T20:37:42Z,'hurricane',www.nhc.noaa.gov,en,0.7,Hurricane Fausto Graphics,"Wind Speed Probabilities last updated Sat, 25 Jul 2026 20:36:33 GMT",https://www.nhc.noaa.gov/refresh/graphics_ep1+shtml/203742.shtml?cone,,,"* If the storm is forecast to dissipate within 3 days, the ""Full Forecast"" and ""3 day"" graphic will be identical
Click Here for a 5-day Cone Printer Friendly GraphicHow to use the cone graphic (vide… [+2695 chars]",,"Hurrikan Fausto Grafiken. Windgeschwindigkeitswahrscheinlichkeiten wurden zuletzt am Samstag, 25. Juli 2026 um 20:36:33 Uhr GMT aktualisiert","Hurricane Fausto Graphics. Wind Speed Probabilities last updated Sat, 25 Jul 2026 20:36:33 GMT","Procellae Fausto Graphics. Ventus Speed ​​Probabilitates renovatio Sat, 25 Jul 2026 20:36:33 GMT",2026-07-29 15:56:59+00:00
0752037684863e4bb0b2139755302cf1,2026-07-26T20:38:01Z,'hurricane',www.nhc.noaa.gov,en,0.7,Hurricane Genevieve Graphics,"Wind Speed Probabilities last updated Sun, 26 Jul 2026 15:28:38 GMT",https://www.nhc.noaa.gov/refresh/graphics_ep2+shtml/203801.shtml?cone,,,"* If the storm is forecast to dissipate within 3 days, the ""Full Forecast"" and ""3 day"" graphic will be identical
Click Here for a 5-day Cone Printer Friendly GraphicHow to use the cone graphic (vide… [+2695 chars]",,"Hurrikan Genevieve-Grafiken. Die Windgeschwindigkeitswahrscheinlichkeiten wurden zuletzt am Sonntag, 26. Juli 2026 um 15:28:38 Uhr GMT aktualisiert","Hurricane Genevieve Graphics. Wind Speed Probabilities last updated Sun, 26 Jul 2026 15:28:38 GMT","Procellae Genovefae Graphics. Ventus Speed ​​Probabilia renovatio sol, 26 Jul 2026 15:28:38 GMT",2026-07-29 15:56:59+00:00
4b6c6abe16401e868a94c2a6970ada4f,2026-07-27T15:28:40Z,'tropical depression',www.nhc.noaa.gov,en,0.7,Hurricane Genevieve Graphics,"Wind Speed Probabilities last updated Mon, 27 Jul 2026 15:28:40 GMT",https://www.nhc.noaa.gov/refresh/graphics_ep2+shtml/152840.shtml?cone,,,"* If the storm is forecast to dissipate within 3 days, the ""Full Forecast"" and ""3 day"" graphic will be identical
Click Here for a 5-day Cone Printer Friendly GraphicHow to use the cone graphic (vide… [+2695 chars]",,"Hurrikan Genevieve-Grafiken. Die Windgeschwindigkeitswahrscheinlichkeiten wurden zuletzt am Montag, 27. Juli 2026 um 15:28:40 Uhr GMT aktualisiert","Hurricane Genevieve Graphics. Wind Speed Probabilities last updated Mon, 27 Jul 2026 15:28:40 GMT","Procellae Genovefae Graphics. Ventus Speed ​​Probabilitates renovatio Mon, 27 Jul 2026 15:28:40 GMT",2026-07-29 15:56:59+00:00
8f49123d4a1078f6e6644ced9829e6c9,2026-07-28T02:37:31Z,'hurricane',www.nhc.noaa.gov,en,0.7,Hurricane Genevieve Graphics,"Wind Speed Probabilities last updated Tue, 28 Jul 2026 02:37:31 GMT",https://www.nhc.noaa.gov/refresh/graphics_ep2+shtml/023731.shtml?cone,,,"* If the storm is forecast to dissipate within 3 days, the ""Full Forecast"" and ""3 day"" graphic will be identical
Click Here for a 5-day Cone Printer Friendly GraphicHow to use the cone graphic (vide… [+2695 chars]",,"Hurrikan Genevieve-Grafiken. Die Windgeschwindigkeitswahrscheinlichkeiten wurden zuletzt am Di, 28. Juli 2026 um 02:37:31 GMT aktualisiert","Hurricane Genevieve Graphics. Wind Speed Probabilities last updated Tue, 28 Jul 2026 02:37:31 GMT","Procellae Genovefae Graphics. Ventus Speed ​​Probabilitates renovatio Tue, 28 Jul 2026 02:37:31 GMT",2026-07-29 15:56:59+00:00
b1381f48a717b26a8177b618a4008bc3,2026-07-23T16:57:46Z,'hurricane',www.usatoday.com,en,0.7,"Hurricane Fausto roars in Pacific Ocean, could impact Hawaii next week","While Tropical Storm Bertha continues to spin in the Gulf, Hurricane Fausto is churning up rough seas in the Pacific, and could impact Hawaii next week, fore...",https://www.usatoday.com/story/news/weather/2026/07/23/hurricane-fausto-forecast-pacific-hawaii/91023199007/,https://s.yimg.com/lo/mysterio/api/9e3d07f50d3729fb4bc5c03362053f2a69e0dfdde634b08df7ec8a3991b0b53d/lightyear_networkapi/resizefill_w897_h736;quality_80;format_webp/https:%2F%2Fmedia.zenfs.com%2Fen%2Fusa_today_news_641%2Fce4962964a27f2991b4f4d527e7469e5,,"While Tropical Storm Bertha continues to spin in the Gulf, Hurricane Fausto is churning up rough seas in the Pacific, and could impact Hawaii next week, forecasters said.
Although the center of the … [+1919 chars]",,"Hurrikan Fausto wütet im Pazifischen Ozean und könnte nächste Woche Hawaii treffen. Während der Tropensturm Bertha im Golf weiter tobt, sorgt Hurrikan Fausto für raue See im Pazifik und könnte nächste Woche Hawaii treffen, vor allem ...","Hurricane Fausto roars in Pacific Ocean, could impact Hawaii next week. While Tropical Storm Bertha continues to spin in the Gulf, Hurricane Fausto is churning up rough seas in the Pacific, and could impact Hawaii next week, fore...","Procellae Fausto in Oceano Pacifico fremit, proximae hebdomadis Hawaii impulsum esse potuit. Dum Tropical Bertha Tempestas in Sinu nere pergit, Procellae Fausto aspera maria in Pacifico fluctuat, et proximae hebdomade Hawaii collidere potuit, ante...",2026-07-30 05:52:10+00:00
64f6c263cc6ca2c51a8600beb97367a4,2026-07-21T00:00:00Z,'tropical cyclone',www.nature.com,en,0.9,Widespread tropical cyclone activity during the Late Paleozoic Ice Age,A combination of high-resolution (~25-km) simulations and storm deposits point to widespread tropical cyclone activity during the Late Paleozoic Ice Age and a poleward shift in response to CO2-induced glacial-interglacial transitions.,https://www.nature.com/articles/s41467-026-75609-1.pdf,,,"<li>State Key Laboratory of Earth System Numerical Modeling and Application, Institute of Atmospheric Physics, Chinese Academy of Sciences, Beijing, China
Qing Yan, Dubin Huan &amp; Jinzhe Zhang
</… [+1127 chars]",,Weitverbreitete tropische Wirbelsturmaktivität während der Eiszeit des Spätpaläozoikums. Eine Kombination aus hochauflösenden (~25 km) Simulationen und Sturmablagerungen deutet auf eine weit verbreitete tropische Wirbelsturmaktivität während der Eiszeit des Spätpaläozoikums und eine Polverschiebung als Reaktion auf CO2-induzierte glaziale-interglaziale Übergänge hin.,Widespread tropical cyclone activity during the Late Paleozoic Ice Age. A combination of high-resolution (~25-km) simulations and storm deposits point to widespread tropical cyclone activity during the Late Paleozoic Ice Age and a poleward shift in response to CO2-induced glacial-interglacial transitions.,Actio cyclonis tropicae late dilatatae in Aetate Paleozoica Ice. Coniunctio altae resolutionis (~ 25-km) simulationum et tempestatum depositarum monstrat cycli tropicae late diffusa actio in Aetate Glacialis Paleozoica et ad mutationem perticarum responsionis transitus glacialis-interglacialis.,2026-07-30 05:52:10+00:00
fc4df520b00c71e57d20acaf4a556501,2026-07-27T10:28:37Z,'hurricane',finance.yahoo.com,en,0.9,Analysis-Why El Niño's promise of a quieter hurricane season may not guarantee good news for insurers,"By Niket Nishant, Ashitha Shivaprasad and Manya Saini July 27 (Reuters) - For insurers, the periodic El Niño climate phenomenon has traditionally lowered the...",https://finance.yahoo.com/healthcare/articles/analysis-why-el-ni-os-102837513.html,https://s.yimg.com/lo/mysterio/api/93C82CF81DF82B0F304A511673D80D0C0695DDEA4A3B108D4A890AB99B0CDE0B/subgraphmysterio/resizefill_w1200_h800;quality_80;format_webp/https:%2F%2Fmedia.zenfs.com%2Fen%2Freuters.com%2F9dea2e98523ae9a269d762a133820a99,http://web.archive.org/web/20260727115228/https://finance.yahoo.com/healthcare/articles/analysis-why-el-ni-os-102837513.html,"By Niket Nishant, Ashitha Shivaprasad and Manya Saini
July 27 (Reuters) - For insurers, the periodic El Niño climate phenomenon has traditionally lowered the risk of costly Atlantic hurricanes, but … [+5433 chars]",,"Analyse – Warum das Versprechen von El Niño auf eine ruhigere Hurrikansaison möglicherweise keine guten Nachrichten für Versicherer ist. Von Niket Nishant, Ashitha Shivaprasad und Manya Saini, 27. Juli (Reuters) – Für Versicherer hat das periodische Klimaphänomen El Niño traditionell die...","Analysis-Why El Niño's promise of a quieter hurricane season may not guarantee good news for insurers. By Niket Nishant, Ashitha Shivaprasad and Manya Saini July 27 (Reuters) - For insurers, the periodic El Niño climate phenomenon has traditionally lowered the...","Analysis-Quare El Niño promissio tempestatis quietioris tempestatis bonum nuntium pro insurers praestare non potest. By Niket Nishant, Ashitha Shivaprasad et Manya Saini 27 Iulii (Reuters) - Pro insurers, phaenomenon climatis periodicum El Niño tradito deposuit...",2026-07-30 05:52:10+00:00
35cc389995a97c0da7d1b03a3eaa9ba6,2026-07-26T16:19:07Z,'typhoon',www.aljazeera.com,en,0.7,Typhoon Noul batters Southeast China,Footage shows the aftermath of Typhoon Noul after it battered southern China's coastal regions.,https://www.aljazeera.com/video/newsfeed/2026/7/26/typhoon-noul-batters-southeast-china,https://www.aljazeera.com/wp-content/uploads/2026/07/Sequence-06.00_01_55_18.Still001-1785082683.jpg?resize=1920%2C1080&quality=80,http://web.archive.org/web/20260726191139/https://www.aljazeera.com/video/newsfeed/2026/7/26/typhoon-noul-batters-southeast-china,"NewsFeed
Footage shows the aftermath of Typhoon Noul after it battered southern China's coastal regions with flooding and powerful winds. It is the third typhoon to hit China this month and the 12th… [+93 chars]",,"Taifun Noul verwüstet Südostchina. Das Filmmaterial zeigt die Folgen des Taifuns Noul, nachdem er die Küstenregionen Südchinas verwüstet hatte.",Typhoon Noul batters Southeast China. Footage shows the aftermath of Typhoon Noul after it battered southern China's coastal regions.,Typhoon Noul arietat Sinis Southeast. Footage ostendit reparationem Typhonis Noul postquam regiones maritimas Sinarum meridionalis pulsata est.,2026-07-30 10:33:35+00:00
1fca027c850f3ef3a15f08ba9fc0457b,2026-07-27T01:54:30Z,'typhoon',www.bbc.co.uk,en,0.7,Watch: Scaffolding ripped from Hong Kong building as Typhoon Noul makes landfall,"Typhoon Noul is the strongest to make landfall in China so far this year, according to state media.",https://www.bbc.co.uk/news/videos/ckg9ewekpk1o,https://ichef.bbci.co.uk/news/1024/branded_news/1ccc/live/6a70fb80-8959-11f1-a7ab-8b30adf0800a.jpg,http://web.archive.org/web/20260728020234/https://www.bbc.co.uk/news/videos/ckg9ewekpk1o,"Police said they received numerous calls after multi-storey scaffolding along Cheung Sha Wan Road collapsed in powerful winds on Saturday. No injuries have been reported.
Typhoon Noul made landfall … [+256 chars]",,"Zu sehen: Gerüst von Gebäude in Hongkong gerissen, als Taifun Noul auf Land trifft. Staatlichen Medien zufolge ist der Taifun Noul in diesem Jahr der stärkste, der China bisher getroffen hat.","Watch: Scaffolding ripped from Hong Kong building as Typhoon Noul makes landfall. Typhoon Noul is the strongest to make landfall in China so far this year, according to state media.","Vide: Pegmata e Hong Kong aedificium quod Typhoon Noul scidit traham facit. Typhoon Noul fortissimum est ad landum in Sinis facere tantum hoc anno, secundum instrumenta publica.",2026-07-30 10:33:35+00:00
082c0444e481c7b475285df6deef879b,2026-07-27T16:54:34Z,'typhoon',newsonjapan.com,en,0.7,Typhoon No. 13 Forecast to Intensify,"Typhoon No. 13, which formed on the afternoon of July 27, is expected to intensify rapidly into a violent storm as it draws in clusters of highly developed clouds, though forecasts remain sharply divided over whether it will eventually approach Japan. (News O…",https://newsonjapan.com/article/150126.php,https://i2.ytimg.com/vi/QwZ99nnwGCU/maxresdefault.jpg,http://web.archive.org/web/20260728073731/https://newsonjapan.com/article/150126.php,"NAHA -
 Typhoon No. 13, which formed on the afternoon of July 27, is expected to intensify rapidly into a violent storm as it draws in clusters of highly developed clouds, though forecasts remain sh… [+3435 chars]",,"Es wird eine Intensivierung des Taifuns Nr. 13 prognostiziert. Taifun Nr. 13, der sich am Nachmittag des 27. Juli gebildet hat, wird sich voraussichtlich schnell zu einem heftigen Sturm entwickeln, da er Gruppen hochentwickelter Wolken anzieht. Allerdings sind die Prognosen weiterhin stark geteilter Meinung darüber, ob er sich letztendlich Japan nähern wird. (Neuigkeiten O…","Typhoon No. 13 Forecast to Intensify. Typhoon No. 13, which formed on the afternoon of July 27, is expected to intensify rapidly into a violent storm as it draws in clusters of highly developed clouds, though forecasts remain sharply divided over whether it will eventually approach Japan. (News O…","Typhoon No. 13 Data ad augendam. Typhoon N. XIII, qui post meridiem XXVII mensis Iulii formatus est, expectatur ut in vehementem procellam celeriter intendatur, cum in racemos nubium excultarum trahit, quamquam praenotiones acriter divisae manent an tandem Iaponiam appropinquabit. (News O…",2026-07-30 10:33:35+00:00
c4c62dfc31d95e435cdf1c796c013c7e,2026-07-28T07:00:01Z,'typhoon',1000mg.jp,en,0.7,【動画】台風12号に少女がベッドごと飛ばされてしまう事故。,"中国広東省の沿岸を直撃した台風12号（ノウル/紅霞）は、広州市の珠江河口東岸で過去10年で最強の台風となりました。動画は深センで撮影された危ない事故のビデオです。冒頭に店内が映りますが、どうこうする間も無く一瞬で吸い出された感じだね(@_@;) （x.com）（予備）（x.com）（予備）（予備）（予備） Terrifying Typhoon Noul moment caught on camera in Guangdong on July 25: the door was blown open, a baby …",https://1000mg.jp/251855/,https://1000mg.jp/wp-content/uploads/2026/07/videoframe_2103.jpg,,"Terrifying Typhoon Noul moment caught on camera in Guangdong on July 25: the door was blown open, a baby crib was swept awayuntil it flipped mid-roll, and the child managed to crawl back inside. pic.… [+70 chars]",,"【動画】台風12号に少女がベッドごと飛ばされてしまう事故. 中国広東省の沿岸を直撃した台風12号（ノウル/紅霞）は、広州市の珠江河口東岸で過去10年で最強の台風となりました.動画は深センで撮影された危ない事故のビデオです.冒頭にԻ内が映ります(@_@;) （x.com）（予備）（x.com）（予備）（予備）（予備） Schrecklicher Moment des Taifuns Noul am 25. Juli in Guangdong vor der Kamera festgehalten: Die Tür wurde aufgerissen, ein Baby …","【動画】台風12号に少女がベッドごと飛ばされてしまう事故。. 中国広東省の沿岸を直撃した台風12号（ノウル/紅霞）は、広州市の珠江河口東岸で過去10年で最強の台風となりました。動画は深センで撮影された危ない事故のビデオです。冒頭に店内が映りますが、どうこうする間も無く一瞬で吸い出された感じだね(@_@;) （x.com）（予備）（x.com）（予備）（予備）（予備） Terrifying Typhoon Noul moment caught on camera in Guangdong on July 25: the door was blown open, a baby …","12号に少女がベッドごと飛ばされてしまう事故。. 12号（ノウル/紅霞）は、広州市の珠江河口東岸で過去10年で最強の台風となりました。動画は深センで撮影された危ない事故のビデオです。冒頭に店内が映りますが、どうこうする間も無く一瞬で吸い出された感じだね(@_@;) （x.com）（予備）（x.com）（予備）（予備）（予備） Terribilis Typhoon Noul momento captus in camera Guangdong die 25 Iulii, ianua aperta est, infans …",2026-07-30 10:33:35+00:00
ada043075431f72822e5f7ac813f59f4,2026-07-28T07:46:48Z,'typhoon',newsonjapan.com,en,0.7,Japan Braces for Typhoon No. 13,"Typhoon No. 13 is forecast to move north at violent strength through the weekend, while torrential rain, sudden thunderstorms and dangerous heat threaten wide areas of Japan on July 28. (News On Japan)",https://newsonjapan.com/article/150140.php,https://i2.ytimg.com/vi/SWK00EITjcI/maxresdefault.jpg,http://web.archive.org/web/20260728141443/https://newsonjapan.com/article/150140.php,"TOKYO -
 Typhoon No. 13 is forecast to move north at violent strength through the weekend, while torrential rain, sudden thunderstorms and dangerous heat threaten wide areas of Japan on July 28.
He… [+1475 chars]",,"Japan bereitet sich auf Taifun Nr. 13 vor. Es wird erwartet, dass Taifun Nr. 13 am Wochenende mit gewaltiger Stärke nach Norden zieht, während am 28. Juli sintflutartige Regenfälle, plötzliche Gewitter und gefährliche Hitze weite Teile Japans bedrohen. (Nachrichten über Japan)","Japan Braces for Typhoon No. 13. Typhoon No. 13 is forecast to move north at violent strength through the weekend, while torrential rain, sudden thunderstorms and dangerous heat threaten wide areas of Japan on July 28. (News On Japan)","Iaponia Braces pro Typhoon No. 13. Typhoon N. 13 praenuntiat, ut vehementibus viribus per volutpat septentrionem moveatur, dum imbres torrentes, subitae tonitrua et periculosus calor in Iaponia regiones latas die 28 mensis Iulii minantur.",2026-07-30 10:33:35+00:00
e55e26f4ea71c42978285964a1f1337f,2026-07-28T22:20:08Z,'typhoon',bringatrailer.com,en,0.7,26-Years-Owned 1993 GMC Typhoon,"This 1993 GMC Typhoon is said to have initially been purchased by NBA player Lester Conner and later sold to Evan Meyer, the son of Peterson Automotive Museum founder Bruce Meyer. The seller acquired the truck from Meyer in April 2000 and recent work consiste…",https://bringatrailer.com/listing/1993-gmc-typhoon-41/,https://bringatrailer.com/wp-content/uploads/2026/07/0K7A7701_DxO-copy-2026-07-17-chz-19518.jpg,,"This 1993 GMC Typhoon is said to have initially been purchased by NBA player Lester Conner and later sold to Evan Meyer, the son of Peterson Automotive Museum founder Bruce Meyer. The seller acquired… [+3162 chars]",,"26 Jahre im Besitz eines 1993er GMC Typhoon. Dieser GMC Typhoon von 1993 soll ursprünglich vom NBA-Spieler Lester Conner gekauft und später an Evan Meyer, den Sohn des Peterson Automotive Museum-Gründers Bruce Meyer, verkauft worden sein. Der Verkäufer erwarb den Lkw im April 2000 von Meyer und die jüngsten Arbeiten bestanden aus …","26-Years-Owned 1993 GMC Typhoon. This 1993 GMC Typhoon is said to have initially been purchased by NBA player Lester Conner and later sold to Evan Meyer, the son of Peterson Automotive Museum founder Bruce Meyer. The seller acquired the truck from Meyer in April 2000 and recent work consiste…","26-ANNO-Owned 1993 GMC Typhoon. Hoc 1993 GMC Typhoon initio ab NBA lusore Lester Conner emptus esse dicitur et postea Evan Meyer, filio Peterson, musei autocineti fundatoris Bruce Meyer venditus est. Venditor salsuram a Meyer acquisivit mense Aprili 2000 et recentem laborem consistunt…",2026-07-30 10:33:35+00:00
f6f58a062218d18cb4e7b177bc432234,2026-07-28T14:25:26Z,'typhoon',biztoc.com,en,0.9,US Reveals Rare Coast Guard Drills With Taiwan,"The U.S.' de facto embassy in Taiwan has released new photos showing American and Taiwanese coast guard vessels sailing side by side during a rare joint exercise.
Noting it is currently typhoon season in the western Pacific, the two coast guards are ""busy coo…",https://biztoc.com/x/030b4f0d44a933d1,https://biztoc.com/cdn/030b4f0d44a933d1_s.webp,,The U.S.' de facto embassy in Taiwan has released new photos showing American and Taiwanese coast guard vessels sailing side by side during a rare joint exercise.Noting it is currently typhoon season… [+146 chars],,"USA enthüllen seltene Übungen der Küstenwache mit Taiwan. Die USA' Die De-facto-Botschaft in Taiwan hat neue Fotos veröffentlicht, die Schiffe der amerikanischen und taiwanesischen Küstenwache zeigen, die während einer seltenen gemeinsamen Übung nebeneinander fahren.
Angesichts der Tatsache, dass im Westpazifik derzeit Taifunsaison ist, sind die beiden Küstenwachen „beschäftigt mit dem Kühlen …“","US Reveals Rare Coast Guard Drills With Taiwan. The U.S.' de facto embassy in Taiwan has released new photos showing American and Taiwanese coast guard vessels sailing side by side during a rare joint exercise.
Noting it is currently typhoon season in the western Pacific, the two coast guards are ""busy coo…","US revelat Rare Coast Cohortis terebras Cum Taiwan. US' de facto legatio in Taiwan dimisit novas imagines ostendens vasorum oram Americanorum et Taiwanese navigantium iuxta per rara exercitatio iuncturam.
Animadvertens nunc tempus typhonium in Pacifico occidentali esse, duae custodes oram ""coo occupati sunt...",2026-07-30 10:33:35+00:00
ba619a85008d1d21712f1adcc84ac7fd,2026-07-24T13:57:57Z,'hurricane alert',theconversation.com,en,0.3,Force of Nature shows how extreme weather pushes wildlife to its limits,This new documentary series reveals how nature is fighting back against today’s extreme weather.,https://theconversation.com/force-of-nature-shows-how-extreme-weather-pushes-wildlife-to-its-limits-286781,https://images.theconversation.com/files/750008/original/file-20260724-57-3a7cng.jpg?ixlib=rb-4.1.1&rect=0%2C26%2C1920%2C960&q=45&auto=format&w=1356&h=668&fit=crop,,"A chimpanzee digging for water in a dried-up Senegalese riverbed. A colony of 40,000 flamingos scattered by a hurricane. A polar bear hunting on ice that is disappearing beneath its feet. These are n… [+6721 chars]",,"Force of Nature zeigt, wie extremes Wetter die Tierwelt an ihre Grenzen bringt. Diese neue Dokumentarserie zeigt, wie sich die Natur gegen das extreme Wetter von heute wehrt.",Force of Nature shows how extreme weather pushes wildlife to its limits. This new documentary series reveals how nature is fighting back against today’s extreme weather.,Vis naturae ostendit quam extrema tempestas truculenter ad suos fines impellat. Haec nova series documentalium ostendit quomodo natura contra extremam tempestatem hodiernae repugnat.,2026-07-31 21:18:50+00:00
b90ba204ba84a46c3e2cf5dfb0d9fa0c,2026-07-09T17:30:56Z,'typhoon climate change',gizmodo.com,en,0.3,Scientists Say a Critical Ocean Current System May Already Be Past the Point of No Return,"Scientists have long debated whether the AMOC is nearing collapse, but the latest findings are certainly alarming.",https://gizmodo.com/scientists-say-a-critical-ocean-current-system-may-already-be-past-the-point-of-no-return-2000783571,https://gizmodo.com/app/uploads/2026/07/AMOC-1200x675.jpg,http://web.archive.org/web/20260709174248/https://gizmodo.com/scientists-say-a-critical-ocean-current-system-may-already-be-past-the-point-of-no-return-2000783571,"As Earth rapidly warms, fears over the collapse of a critical ocean current system are mounting. This event would wreak havoc on the global climate, and the latest research suggests this catastrophe … [+4280 chars]",,"Wissenschaftler sagen, dass ein kritisches Meeresströmungssystem möglicherweise bereits den Punkt ohne Wiederkehr überschritten hat. Wissenschaftler haben lange darüber diskutiert, ob die AMOC kurz vor dem Zusammenbruch steht, aber die neuesten Erkenntnisse sind sicherlich alarmierend.","Scientists Say a Critical Ocean Current System May Already Be Past the Point of No Return. Scientists have long debated whether the AMOC is nearing collapse, but the latest findings are certainly alarming.","Scientistae Dicunt Oceanum Criticum Ratio Current Ratio Sit iam praeterire punctum Nullius reditus. Docti diu disceptatum est an ruina AMOC appropinquaret, sed recentissimae inventiones certe trepidae sunt.",2026-08-01 06:07:23+00:00
cae179f71428d9233d13497f5bf2e847,2026-07-15T11:11:32Z,'typhoon climate change',www.bbc.co.uk,en,0.3,Climate we had in 20th Century 'has now gone' - Met Office,The latest report on the UK's climate warns cold mountainous areas are also being lost.,https://www.bbc.co.uk/news/articles/c802041g4v8o,https://ichef.bbci.co.uk/ace/branded_news/1200/cpsprodpb/3c0a/live/6c1a2520-8039-11f1-86b6-ffbb9ce74513.jpg,,"In the southeast of England, ""we are seeing the emergence of new warmer climates"", explains Kendon. 
At the same time areas including Vale of York and Lancashire have similar temperatures now to tho… [+1572 chars]",,"Das Klima, das wir im 20. Jahrhundert hatten, ist „jetzt verschwunden“ – Met Office. Der jüngste Bericht zum britischen Klima warnt davor, dass auch kalte Berggebiete verloren gehen.",Climate we had in 20th Century 'has now gone' - Met Office. The latest report on the UK's climate warns cold mountainous areas are also being lost.,Clima in 20th Century habuimus 'iam abiit' - Met Office. Aliquam fama in UK climatis montuosis locis frigidis montuosis etiam amissis monet.,2026-08-01 06:07:23+00:00
bc96338aa9b761582bb7f8ef037af9e5,2026-07-23T00:00:00Z,'typhoon climate change',www.nature.com,en,0.3,This El Niño is set to be the largest on record by a ‘mind-blowing margin’,Forecasters predict that the monster climate pattern will combine with global warming to push global temperatures in 2027 to new heights.,https://www.nature.com/articles/d41586-026-02293-y,https://media.nature.com/lw1200/magazine-assets/d41586-026-02293-y/d41586-026-02293-y_53016758.jpg,,"The El Niño climate pattern that is strengthening in the Pacific Ocean is on track to be the largest one in at least 150 years, researchers said today during a press briefing. If the monster forecast… [+3897 chars]",,"Dieser El Niño wird mit Abstand der größte seit Beginn der Aufzeichnungen sein. Meteorologen gehen davon aus, dass das Monster-Klimamuster in Verbindung mit der globalen Erwärmung die globalen Temperaturen im Jahr 2027 auf neue Höhen treiben wird.",This El Niño is set to be the largest on record by a ‘mind-blowing margin’. Forecasters predict that the monster climate pattern will combine with global warming to push global temperatures in 2027 to new heights.,Hoc El Niño ponitur esse maxima in memoria per 'marginem flans mentem'. Vates praedixerunt exemplar climatis monstri miscere cum calefactione globali ut global temperaturae anno 2027 ad novas altitudines impellat.,2026-08-01 06:07:23+00:00
81f432763f5ee7daec1c244321a4ea88,2026-07-28T12:31:45Z,'typhoon climate change',www.sciencedaily.com,en,0.3,A slowing Atlantic current could unleash stronger California storms,"A weakening Atlantic current could supercharge California’s atmospheric rivers while leaving Greenland with fewer snow-producing storms. The changes could raise flood risks, strain infrastructure, and reshape water supplies far beyond the Atlantic.",https://www.sciencedaily.com/releases/2026/07/260727214626.htm,https://www.sciencedaily.com/images/1920/atmospheric-river-pacific-northwest.webp,,"A major Atlantic Ocean current is slowing, and the consequences could reach far beyond the Atlantic. New research from the University of California, Riverside suggests the change could strengthen pow… [+3719 chars]",,"Eine nachlassende Atlantikströmung könnte stärkere Stürme in Kalifornien auslösen. Eine schwächer werdende Atlantikströmung könnte die atmosphärischen Flüsse Kaliforniens überlasten und Grönland gleichzeitig mit weniger schneeerzeugenden Stürmen belasten. Die Veränderungen könnten das Hochwasserrisiko erhöhen, die Infrastruktur belasten und die Wasserversorgung weit über den Atlantik hinaus verändern.","A slowing Atlantic current could unleash stronger California storms. A weakening Atlantic current could supercharge California’s atmospheric rivers while leaving Greenland with fewer snow-producing storms. The changes could raise flood risks, strain infrastructure, and reshape water supplies far beyond the Atlantic.","Navis Atlanticus retardans vehementiores Californiae procellas erumpere potuit. Influentia Atlantici maris debilitare potuit flumina atmosphaerica Californiae supercharge dum Groenlandiam cum paucioribus tempestatibus nivalibus relinquens. Mutationes inundationis pericula, infrastructuras iactantiae, et aquae longe ultra Atlanticum reshingere potuerunt.",2026-08-01 06:07:23+00:00
3cc711eb2f2fe913e18368fd618a9b02,2026-07-22T10:09:31Z,'flooding tropical',abcnews.com,en,0.7,WATCH: Tornado damage from Kentucky to New Jersey,"From flash flooding in the East, to Tropical Storm Bertha churning in the Gulf, multiple weather threats are slamming millions across the country.",https://abcnews.com/video/134975379/,https://i.abcnewsfe.com/a/54d513d5-318b-4921-964a-fe86f016c32b/260722_gmafl_tornado_hpMain_16x9.jpg?w=992,http://web.archive.org/web/20260723000248/https://abcnews.com/video/134975379/,"<ul><li>Tornado warnings, torrential rain and strong winds overnight
</li><li>Tracking and timing Tropical Storm Bertha
</li><li>Trump: Iran 'desperately wants to meet' as war cost tops $37 billion… [+4416 chars]",,ANSEHEN: Tornadoschäden von Kentucky nach New Jersey. Von Sturzfluten im Osten bis zum Tropensturm Bertha im Golf – zahlreiche Wetterbedrohungen bedrohen Millionen von Menschen im ganzen Land.,"WATCH: Tornado damage from Kentucky to New Jersey. From flash flooding in the East, to Tropical Storm Bertha churning in the Gulf, multiple weather threats are slamming millions across the country.","VIG: Turbo damnum de Kentucky ad Novam Caesaream. Ex mico inundatione in Oriente, ad Tropical Bertha in Sinu conturba, multae minae tempestates decies centena milia per regionem comprehendunt.",2026-08-01 06:07:23+00:00
3d990a5ba9a192ef7610a392cb7427c1,2026-07-27T15:55:08Z,'flooding tropical',www.usatoday.com,en,0.7,"Hurricane Genevieve grows to Category 4, could bring impacts to California",Hurricane Genevieve rapidly intensified in the Pacific while Fausto further weakened.,https://www.usatoday.com/story/news/weather/2026/07/27/hurricane-genevieve-category-5-fausto-forecast/91061346007/,https://s.yimg.com/lo/mysterio/api/bf343358a34f254105760be151061fbda226cd0ae6e319d6586a92370be9e14e/lightyear_networkapi/resizefill_w1000_h1000;quality_80;format_webp/https:%2F%2Fmedia.zenfs.com%2Fen%2Fusa_today_news_641%2F1cb02b5d1e484843053447db9713bd95,,"Hurricane Genevieve became a powerful Category 5 in the eastern Pacific Ocean, with sustained winds at its center reaching 160 mph over the weekend, the National Hurricane Center reported.
The first… [+4359 chars]",,"Hurrikan Genevieve erreicht Kategorie 4 und könnte Auswirkungen auf Kalifornien haben. Hurrikan Genevieve verstärkte sich im Pazifik rasch, während Fausto weiter schwächelte.","Hurricane Genevieve grows to Category 4, could bring impacts to California. Hurricane Genevieve rapidly intensified in the Pacific while Fausto further weakened.","Procellae Genovefa ad Categoriam 4 crescit, impulsus in Californiam efficere potuit. Procellae Genovefa in Pacifico celeriter intenditur dum Fausto adhuc debilitatur.",2026-08-01 06:07:23+00:00
0cca3d11488c2366e4ed82a8dbba3a38,2026-07-22T12:40:13Z,'flooding tropical',biztoc.com,en,0.7,Tropical Storm Bertha: Live Tracker Maps Show Impacts on Southern US,"Tracking maps show the position of Tropical Storm Bertha as forecasters warn the system could bring coastal flooding, flash flooding and dangerous surf conditions to parts of the northern Gulf Coast this week.
The system intensified Monday night after data co…",https://biztoc.com/x/e45ec5c02ffa9954,https://biztoc.com/cdn/e45ec5c02ffa9954_s.webp,,"Tracking maps show the position of Tropical Storm Bertha as forecasters warn the system could bring coastal flooding, flash flooding and dangerous surf conditions to parts of the northern Gulf Coast … [+144 chars]",,"Tropensturm Bertha: Live-Tracker-Karten zeigen Auswirkungen auf den Süden der USA. Trackingkarten zeigen die Position des Tropensturms Bertha, da Prognostiker warnen, dass das System diese Woche Küstenüberschwemmungen, Sturzfluten und gefährliche Brandungsbedingungen in Teilen der nördlichen Golfküste verursachen könnte.
Das System verschärfte sich am Montagabend, nachdem Daten ...","Tropical Storm Bertha: Live Tracker Maps Show Impacts on Southern US. Tracking maps show the position of Tropical Storm Bertha as forecasters warn the system could bring coastal flooding, flash flooding and dangerous surf conditions to parts of the northern Gulf Coast this week.
The system intensified Monday night after data co…","Tropical Bertha: Live Tracker Maps Show Impacts on Southern US. Tabulae semitae ostendunt positionem Tropical Bertha tamquam forecasters monent systema inundationem maritimam efficere, condiciones salo inundationes et periculosas emicare ad partes septentrionales sinus Coast hac septimana.
Systema intenditur Lunae nocte post data co…",2026-08-01 10:08:28+00:00
659a9bd83e0021dd640d13436c26f81f,2026-07-24T11:12:00Z,'flooding tropical',www.vanguardngr.com,en,0.7,"Flooding, Climate Crisis: C’River lost 14,000 hectares of rainforest in 2025 — Conservator","The Conservator of the Cross River National Park, Mr. Joseph Ntui, has raised alarm over the rapid depletion of Cross River's rainforest, disclosing that about 14,000 hectares of tropical rainforest were lost in 2025 alone, resulting in the emission of an est…",https://www.vanguardngr.com/2026/07/flooding-climate-crisis-criver-lost-14000-hectares-of-rainforest-in-2025-conservator/,https://cdn.vanguardngr.com/wp-content/uploads/2026/07/climate.jpeg,,"By Ike Uchechukwu, CALABAR
The Conservator of the Cross River National Park, Mr. Joseph Ntui, has raised alarm over the rapid depletion of Cross River’s rainforest, disclosing that about 14,000 hect… [+3461 chars]",,"Überschwemmungen, Klimakrise: C’River hat im Jahr 2025 14.000 Hektar Regenwald verloren – Conservator. Der Konservator des Cross-River-Nationalparks, Joseph Ntui, hat wegen der raschen Verarmung des Regenwaldes von Cross River Alarm geschlagen und bekannt gegeben, dass allein im Jahr 2025 etwa 14.000 Hektar tropischer Regenwald verloren gegangen sind, was zur Emission einer geschätzten Menge an …","Flooding, Climate Crisis: C’River lost 14,000 hectares of rainforest in 2025 — Conservator. The Conservator of the Cross River National Park, Mr. Joseph Ntui, has raised alarm over the rapid depletion of Cross River's rainforest, disclosing that about 14,000 hectares of tropical rainforest were lost in 2025 alone, resulting in the emission of an est…","Diluvium, Clima Crisis: C'River XIV 000 hectares pluviae saltus in 2025 — Conservator amisit. Conservator Crucis River National Park, Dominus Josephus Ntui, terrorem excitavit per celeris deperditionem pluviae Crucis Fluminis, detegens circiter 14000 hectares pluviae tropicae anno 2025 solo amissae, unde in emissione est…",2026-08-01 10:08:28+00:00
a253b5353706c2dde4f2220e9c4063f0,2026-07-24T14:22:25Z,'flooding tropical',www.foxweather.com,en,0.7,More than 25 million Americans under threat as dangerous flash flooding targets Carolina coast,"The FOX Forecast Center continues to monitor a slow-moving, deep moisture surge coming from Tropical Storm Bertha, which will only worsen flood impacts as rain hits the Southeast and Carolinas.…",https://www.foxweather.com/weather-news/mid-atlantic-carolinas-region-severe-storms-heavy-flooding#google_vignette,https://nypost.com/wp-content/uploads/sites/2/2026/07/135366784.jpg?quality=75&strip=all&w=1200,http://web.archive.org/web/20260725232819/https://www.foxweather.com/weather-news/mid-atlantic-carolinas-region-severe-storms-heavy-flooding,"The FOX Forecast Center continues to monitor a slow-moving, deep moisture surge coming from Tropical Storm Bertha, which will only worsen flood impacts as rain hits the Southeast and Carolinas.
The … [+1676 chars]",,"Mehr als 25 Millionen Amerikaner sind durch gefährliche Sturzfluten an der Küste von Carolina bedroht. Das FOX Forecast Center überwacht weiterhin einen langsamen, tiefen Feuchtigkeitsschub, der vom Tropensturm Bertha ausgeht und die Auswirkungen der Überschwemmungen nur verschlimmern wird, wenn Regen den Südosten und Carolinas trifft.…","More than 25 million Americans under threat as dangerous flash flooding targets Carolina coast. The FOX Forecast Center continues to monitor a slow-moving, deep moisture surge coming from Tropical Storm Bertha, which will only worsen flood impacts as rain hits the Southeast and Carolinas.…","Plus quam 25 decies centena milia Americani minari periculosa mico inundantia scutorum Carolinae orae. FOX VECTIGAL Praedictio Centrum pergit monere motum tardum, altum umorem fluctuum ex  Tropical Bertha oriundum, quae tantum impulsus diluvium proauxilium et Carolinam proo peioresbit.…",2026-08-01 10:08:28+00:00
c62ebeb2deda854775b2411555b03566,2026-07-26T09:48:35Z,'typhoon',abcnews.com,en,0.7,"Typhoon Noul weakens after making landfall, brings heavy rain to southern China",Typhoon Noul has weakened to a tropical storm as it moves inland after making landfall in southern China,https://abcnews.com/International/wireStory/typhoon-noul-weakens-after-making-landfall-brings-heavy-135094999,https://i.abcnewsfe.com/a/d8133918-94f5-452a-afa3-ca7ea22f803a/wirestory_05f860066a9a75595c5bcc4df8356337_16x9.jpg?w=1600,http://web.archive.org/web/20260727004650/https://abcnews.com/International/wireStory/typhoon-noul-weakens-after-making-landfall-brings-heavy-135094999,"HONG KONG -- HONG KONG (AP) Typhoon Noul weakened to a tropical storm on Sunday as it moved inland after making landfall and bringing winds and heavy rain along the coast of southern China.
Chinese … [+1371 chars]",,"Taifun Noul schwächt sich nach der Landung ab und bringt starken Regen nach Südchina. Der Taifun Noul hat sich zu einem tropischen Sturm abgeschwächt, als er landeinwärts wanderte, nachdem er im Süden Chinas gelandet war","Typhoon Noul weakens after making landfall, brings heavy rain to southern China. Typhoon Noul has weakened to a tropical storm as it moves inland after making landfall in southern China","Typhoon Noul postquam terram factam debilitat, pluviam gravem in Sinis australi affert. Typhoon Noul ad tropicam tempestatem debilitavit dum mediterranea movet cum traham in Sinis australibus",2026-08-01 10:08:28+00:00
752ffd1a7b03655abc77ba08a226868b,2026-07-26T14:46:57Z,'flooding tropical',www.rt.com,en,0.7,Typhoon rips roofs off buildings and floods southern China (VIDEOS),"Typhoon Hongxia, also known as Noul, made landfall in Guangdong with winds of up to 162 kph, forcing evacuations, grounding flights, and triggering flash flood warnings across southern China",https://www.rt.com/news/643488-typhoon-slams-southern-china/,https://mf.b37mrtl.ru/files/2026.07/article/6a66194e85f54003414ccca1.png,http://web.archive.org/web/20260726180329/https://www.rt.com/news/643488-typhoon-slams-southern-china/,"Typhoon Hongxia, internationally known as Noul, made landfall in southern China’s Guangdong Province early Sunday, triggering mass evacuations, widespread transportation disruptions, and torrential r… [+4107 chars]",,"Taifun reißt Dächer von Gebäuden ab und überschwemmt Südchina (VIDEOS). Taifun Hongxia, auch bekannt als Noul, traf in Guangdong mit Windgeschwindigkeiten von bis zu 162 km/h auf Land, was zu Evakuierungen, Flugverboten und Sturzflutwarnungen in ganz Südchina führte","Typhoon rips roofs off buildings and floods southern China (VIDEOS). Typhoon Hongxia, also known as Noul, made landfall in Guangdong with winds of up to 162 kph, forcing evacuations, grounding flights, and triggering flash flood warnings across southern China","Typhoon tecta scindit tecta et inundationes Sinarum australium (VIDEOS). Typhoon Hongxia, etiam Noul notus, lapsus in Guangdong cum ventis usque ad 162 kph fecit, evacuationes cogens, volatus fundans et monita diluvii mico excitato per Sinas australes.",2026-08-01 10:08:28+00:00
817559868fe214d10dcd29230b399f17,2026-07-20T18:18:50Z,'hurricane season',biztoc.com,en,0.9,Will the Gulf Coast tropical depression turn into storm Bertha? Here’s the forecast from NOAA’s hurricane tracker,"Summer 2026 has been filled with one extreme weather event after the other, from massive heatwaves and Canadian wildfires to flooding. Now, brace yourself for hurricane season.
Tropical depression in the Gulf
Tropical Depression Two has formed along the Gulf …",https://biztoc.com/x/28570f6ed15cbe99,https://biztoc.com/cdn/28570f6ed15cbe99_s.webp,,"Summer 2026 has been filled with one extreme weather event after the other, from massive heatwaves and Canadian wildfires to flooding. Now, brace yourself for hurricane season.Tropical depression in … [+147 chars]",,"Wird sich das tropische Tiefdruckgebiet an der Golfküste in den Sturm Bertha verwandeln? Hier ist die Vorhersage des Hurrikan-Trackers der NOAA. Der Sommer 2026 war von einem extremen Wetterereignis nach dem anderen geprägt, von massiven Hitzewellen und kanadischen Waldbränden bis hin zu Überschwemmungen. Machen Sie sich jetzt auf die Hurrikansaison gefasst.
Tropisches Tiefdruckgebiet im Golf
Entlang des Golfs hat sich das tropische Tiefdruckgebiet Nr. 2 gebildet …","Will the Gulf Coast tropical depression turn into storm Bertha? Here’s the forecast from NOAA’s hurricane tracker. Summer 2026 has been filled with one extreme weather event after the other, from massive heatwaves and Canadian wildfires to flooding. Now, brace yourself for hurricane season.
Tropical depression in the Gulf
Tropical Depression Two has formed along the Gulf …","Sinu Coast demissione tropica in Bertham procellam vertet? Praesagium de ventorum venato NOAA hic est. Aestate 2026 uno extremae tempestatis eventu post alterum, ab aestus maximorum et in Canadian incendiis ad inundationem repleta est. Nunc tempestatis accinge te.
Tropical cavum in Sinu
Tropical Depressione Duo per sinus ...",2026-08-01 10:08:28+00:00
8b301f8aa476a6636f874e4068c64494,2026-07-21T03:49:19Z,'flooding tropical',nypost.com,en,0.9,Tropical Storm Bertha drifts toward land as Hurricane Fausto forms in the eastern Pacific,"Tropical Storm Bertha formed Monday evening in the Gulf of Mexico south of the Florida Panhandle as it drifts erratically toward populated coastal areas bearing a threat of heavy rain, storm surge and damaging wind gusts, forecasters say.",https://nypost.com/2026/07/20/us-news/tropical-storm-bertha-drifts-toward-land-as-hurricane-fausto-forms-in-the-eastern-pacific/,https://nypost.com/wp-content/uploads/sites/2/2026/07/crop-40043408_f8719e.jpg?quality=75&strip=all&w=1200,http://web.archive.org/web/20260722090559/https://nypost.com/2026/07/20/us-news/tropical-storm-bertha-drifts-toward-land-as-hurricane-fausto-forms-in-the-eastern-pacific/,"Tropical Storm Bertha formed Monday evening in the Gulf of Mexico south of the Florida Panhandle as it drifts erratically toward populated coastal areas bearing a threat of heavy rain, storm surge an… [+2875 chars]",,"Der Tropensturm Bertha driftet in Richtung Land, während sich im Ostpazifik Hurrikan Fausto bildet. Der Tropensturm Bertha bildete sich am Montagabend im Golf von Mexiko südlich des Florida Panhandle, als er unregelmäßig auf besiedelte Küstengebiete zusteuerte und starke Regenfälle, Sturmfluten und schädliche Windböen mit sich brachte, sagen Prognostiker.","Tropical Storm Bertha drifts toward land as Hurricane Fausto forms in the eastern Pacific. Tropical Storm Bertha formed Monday evening in the Gulf of Mexico south of the Florida Panhandle as it drifts erratically toward populated coastal areas bearing a threat of heavy rain, storm surge and damaging wind gusts, forecasters say.","Tropical Procella Bertha ad terram defluit sicut Hurricane Fausto in Pacifico Orientali. Bertha tempestas tropica vespere Lunae in Sinu Mexici meridiano Floridae Panhandle formavit, quod erratice ad areas maritimas populosas ferens minas pluviae, procellae aestus et venti flamina damnosa, forecasters dicunt.",2026-08-01 10:08:28+00:00
142137f398b817c054d0e22fac8afd7f,2026-07-21T09:33:53Z,'storm surge',biztoc.com,en,0.9,Tropical Storm Bertha Tracker Map Shows Where Landfall Expected This Week,"Tropical Storm Bertha is forecast to track near the northern Gulf Coast over the coming days, bringing heavy rainfall, coastal flooding and a potentially “life-threatening” storm surge to parts of Florida, Alabama, Mississippi and Louisiana, according to the …",https://biztoc.com/x/ed77be52ebc18270,https://biztoc.com/cdn/ed77be52ebc18270_s.webp,,"Tropical Storm Bertha is forecast to track near the northern Gulf Coast over the coming days, bringing heavy rainfall, coastal flooding and a potentially life-threatening storm surge to parts of Flor… [+141 chars]",,"Die Karte des Tropensturms Bertha zeigt, wo die Landung diese Woche erwartet wird. Der Tropensturm Bertha wird sich voraussichtlich in den kommenden Tagen in der Nähe der nördlichen Golfküste bewegen und starke Regenfälle, Überschwemmungen an der Küste und eine potenziell „lebensbedrohliche“ Sturmflut in Teilen von Florida, Alabama, Mississippi und Louisiana mit sich bringen, so die …","Tropical Storm Bertha Tracker Map Shows Where Landfall Expected This Week. Tropical Storm Bertha is forecast to track near the northern Gulf Coast over the coming days, bringing heavy rainfall, coastal flooding and a potentially “life-threatening” storm surge to parts of Florida, Alabama, Mississippi and Louisiana, according to the …","Tropical Bertha Tracker Map Show Ubi Landfall Expected This Week. Tempestas Tropical Bertha praenuntiat indagare prope oram sinum septentrionalem super adventus dies, pluviam gravem, inundationem maritimam et potentiam ""minacem vitae"" aestus tempestatis ad partes Floridae, Alabamae, Mississippi et Ludoviciana, secundum ...",2026-08-01 10:08:28+00:00
c8f4849619a7ab469ecb6c37a1792e41,2026-07-22T00:32:07Z,'hurricane',biztoc.com,en,0.9,"Tropical Storm Bertha forecast to bring heavy rain, flooding along the Gulf Coast",Bertha is the second tropical storm of the Atlantic hurricane season. Tropical Storm Arthur last month brought heavy rainfall to the southeastern U.S.,https://biztoc.com/x/6ea583a88f892461,https://biztoc.com/cdn/6ea583a88f892461_s.webp,,"Bertha is the second tropical storm of the Atlantic hurricane season. Tropical Storm Arthur last month brought heavy rainfall to the southeastern U.S.
This story appeared on pbs.org, 2026-07-22 00:1… [+4 chars]",,Der Tropensturm Bertha wird voraussichtlich starken Regen und Überschwemmungen an der Golfküste mit sich bringen. Bertha ist der zweite Tropensturm der atlantischen Hurrikansaison. Der Tropensturm Arthur brachte letzten Monat heftige Regenfälle in den Südosten der USA.,"Tropical Storm Bertha forecast to bring heavy rain, flooding along the Gulf Coast. Bertha is the second tropical storm of the Atlantic hurricane season. Tropical Storm Arthur last month brought heavy rainfall to the southeastern U.S.","Tropical Storm Bertha forecast to bring pluvias, inundation by the Gulf Coast. Bertha secunda tempestas tropica tempestatis Atlantici est. Tropical Arthur ultimo mense intulit pluvias ad orientalem US.",2026-08-01 10:08:28+00:00
ff69dfd0147c0c35953bd7a32c325a5c,2026-07-22T04:05:57Z,'hurricane season',biztoc.com,en,0.9,Weather Optics: Unpacking Tropical Storm Bertha’s Impact on Freight,"SummaryView Transcript
Tropical Storm Bertha is crawling along the Gulf Coast, raising concerns about significant coastal flooding and heavy rainfall. While this hurricane season is predicted to be quiet due to El Niño, Weather Optics' Joshua Feldman explains…",https://biztoc.com/x/fbc28819fcf1487a,https://biztoc.com/cdn/fbc28819fcf1487a_s.webp,,"SummaryView TranscriptTropical Storm Bertha is crawling along the Gulf Coast, raising concerns about significant coastal flooding and heavy rainfall. While this hurricane season is predicted to be qu… [+150 chars]",,"Wetteroptik: Die Auswirkungen des Tropensturms Bertha auf den Güterverkehr enthüllen. ZusammenfassungTranskript anzeigen
Der Tropensturm Bertha kriecht an der Golfküste entlang und gibt Anlass zur Sorge vor erheblichen Überschwemmungen an der Küste und starken Regenfällen. Während diese Hurrikansaison aufgrund von El Niño voraussichtlich ruhig verläuft, erklärt Joshua Feldman von Weather Optics…","Weather Optics: Unpacking Tropical Storm Bertha’s Impact on Freight. SummaryView Transcript
Tropical Storm Bertha is crawling along the Gulf Coast, raising concerns about significant coastal flooding and heavy rainfall. While this hurricane season is predicted to be quiet due to El Niño, Weather Optics' Joshua Feldman explains…","Tempestas Optica: Unpacking Tropical Storm Bertha's Impact on Freight. SummaryView Transumptum
Tempestas tropica Bertha per Coast sinus reptat, curas suscitans circa inundationem maritimam significantes et pluvias graves. Dum hoc tempus tempestatis denuntiatur quieti esse propter El Niño, Tempestas Optica Josue Feldman explicat…",2026-08-01 10:08:28+00:00
21306026798b54af5de6cecba3739389,2026-07-22T21:50:46Z,'storm surge',biztoc.com,en,0.9,Tropical Storm Bertha Makes Landfall In Southern Louisiana,"Tropical Storm Bertha made landfall in southern Louisiana, bringing the threat of flooding, damaging winds, and coastal storm surge across parts of the U.S. Gulf Coast. 
According to the National Weather Service, the storm was expected to strike a sparsely po…",https://biztoc.com/x/f2a083e2d6aaac49,https://biztoc.com/cdn/f2a083e2d6aaac49_s.webp,,"Tropical Storm Bertha made landfall in southern Louisiana, bringing the threat of flooding, damaging winds, and coastal storm surge across parts of the U.S. Gulf Coast. According to the National Weat… [+150 chars]",,"Tropischer Sturm Bertha trifft im Süden von Louisiana auf Land. Der Tropensturm Bertha traf im Süden von Louisiana auf Land und brachte in Teilen der US-Golfküste die Gefahr von Überschwemmungen, schädlichen Winden und Küstensturmfluten mit sich. 
Nach Angaben des Nationalen Wetterdienstes wurde erwartet, dass der Sturm eine spärliche Po…","Tropical Storm Bertha Makes Landfall In Southern Louisiana. Tropical Storm Bertha made landfall in southern Louisiana, bringing the threat of flooding, damaging winds, and coastal storm surge across parts of the U.S. Gulf Coast. 
According to the National Weather Service, the storm was expected to strike a sparsely po…","Tropical Bertha Makes Landfall In Southern Louisiana. Tempestas Tropical Bertha lapsus in Louisiana meridionali fecit, minas inundationis, ventorum damnosorum, et fluctuum maritimorum per partes Sinus Coast Sinu. 
Secundum National Tempestatem Service expectabatur tempestas sparsim po…",2026-08-01 10:08:28+00:00
a900ef0c5fd9b11cda7cb5c9cd0e6caf,2026-07-28T17:24:16Z,'flooding tropical',www.dailymail.com,en,0.9,America's most expensive weather threat isn't hurricanes… it's the tornadoes tearing homes apart in minutes,Forget hurricanes and wildfires - the weather threat quietly driving up home insurance costs across America is hitting millions of homeowners where they least expect it.,https://www.dailymail.com/real-estate/article-16010887/severe-storms-homeowner-insurance-costs.html,https://i.dailymail.com/1s/2026/07/28/18/110302351-0-Tornadoes_hailstorms_and_powerful_thunderstorms_are_driving_a_gr-a-31_1785259185042.jpg,http://web.archive.org/web/20260728223645/https://www.dailymail.com/real-estate/article-16010887/severe-storms-homeowner-insurance-costs.html,"Homeowners have long worried about hurricanes and wildfires as the biggest potential threats to their property, but now there's a new weather threat that's become an even bigger risk.
Tornadoes, hai… [+5864 chars]",,"Amerikas teuerste Wettergefahr sind nicht Hurrikane, sondern Tornados, die Häuser innerhalb von Minuten auseinanderreißen. Vergessen Sie Hurrikane und Waldbrände – die Wettergefahr treibt heimlich die Kosten für Hausversicherungen in ganz Amerika in die Höhe und trifft Millionen von Hausbesitzern dort, wo sie es am wenigsten erwarten.",America's most expensive weather threat isn't hurricanes… it's the tornadoes tearing homes apart in minutes. Forget hurricanes and wildfires - the weather threat quietly driving up home insurance costs across America is hitting millions of homeowners where they least expect it.,"Americae comminatio tempestatis pretiosissima non est turbinum…, est tornadoes domos minutatim discerpens. Obliviscentes turbinum et incendia incendia - minas tempestatis quiete impellens domum assecurationis gratuita trans Americam decies centena milia homeowners ubi minime exspectes.",2026-08-01 10:08:28+00:00
dab9fe4d1af4be46b31d1f7b0350a46d,2026-07-19T18:16:10Z,'tropical depression',biztoc.com,en,0.7,"Tropical Depression 2 forms off Florida coast, forecast to become Tropical Storm Bertha","Tropical Depression Two formed off Florida's west coast Sunday, forecast to become Tropical Storm Bertha as it heads up to the Gulf Coast, according to the National Hurricane Center.
As of the NHC's 11 a.m. advisory, the center of TD 2 was located about 155 m…",https://biztoc.com/x/e7de8544655c477b,https://biztoc.com/cdn/e7de8544655c477b_s.webp,,"Tropical Depression Two formed off Florida's west coast Sunday, forecast to become Tropical Storm Bertha as it heads up to the Gulf Coast, according to the National Hurricane Center.As of the NHC's 1… [+139 chars]",,"Vor der Küste Floridas bildet sich das tropische Tiefdruckgebiet 2, das voraussichtlich zum Tropensturm Bertha werden wird. Nach Angaben des National Hurricane Center bildete sich am Sonntag vor der Westküste Floridas das Zweite tropische Tiefdruckgebiet, das sich auf seinem Weg zur Golfküste voraussichtlich zum Tropensturm Bertha entwickeln wird.
Zum Zeitpunkt der Meldung des NHC um 11 Uhr befand sich das Zentrum von TD 2 etwa 155 m entfernt.","Tropical Depression 2 forms off Florida coast, forecast to become Tropical Storm Bertha. Tropical Depression Two formed off Florida's west coast Sunday, forecast to become Tropical Storm Bertha as it heads up to the Gulf Coast, according to the National Hurricane Center.
As of the NHC's 11 a.m. advisory, the center of TD 2 was located about 155 m…","Tropical Depressione 2 formas oram Floridae longe praenuntiant fieri Tropical Bertha. Tropical Depressione Duae ad oram occidentalem Solis inter Floridam formatae, praenuntiant fieri Tropical Bertha procellam usque ad Coast Sinum, secundum Centrum Nationalis Procellae.
Quemadmodum consiliorum NHC 11 a.m., centrum ipsius TD 2 situm est circiter 155 m...",2026-08-01 21:06:30+00:00
9be1a5582660f7ffd1b4ff980ec4e963,2026-07-19T18:45:53Z,'tropical depression',biztoc.com,en,0.7,Tropical storm watch in effect for Florida Panhandle as Tropical Depression Two forms,"Tropical Depression Two formed Sunday morning from a low-pressure system near Florida's Gulf coast, and it is forecast to become Tropical Storm Bertha within roughly 24 hours, forecasters said.
A tropical storm watch has been issued for Florida from Ochlockon…",https://biztoc.com/x/96f4e8f37180c77f,https://biztoc.com/cdn/96f4e8f37180c77f_s.webp,,"Tropical Depression Two formed Sunday morning from a low-pressure system near Florida's Gulf coast, and it is forecast to become Tropical Storm Bertha within roughly 24 hours, forecasters said.A trop… [+137 chars]",,"Für Florida Panhandle gilt eine Tropensturmwarnung, da sich zwei tropische Depressionen bilden. Tropisches Tiefdruckgebiet Zwei bildete sich am Sonntagmorgen aus einem Tiefdruckgebiet nahe der Golfküste Floridas und wird Prognosen zufolge innerhalb von etwa 24 Stunden zum Tropensturm Bertha werden, sagten Meteorologen.
Für Florida wurde von Ochlockon eine Tropensturmwarnung ausgegeben …","Tropical storm watch in effect for Florida Panhandle as Tropical Depression Two forms. Tropical Depression Two formed Sunday morning from a low-pressure system near Florida's Gulf coast, and it is forecast to become Tropical Storm Bertha within roughly 24 hours, forecasters said.
A tropical storm watch has been issued for Florida from Ochlockon…","Tropical storm watch in effect for Florida Panhandle as Tropical Depression Duae formae. Tropical Depressione Solis duae mane ex humili pressuris systematis prope oram sinus Floridae formatae sunt, et praenuntiatur ut Bertha Tropical Tempestas intra quattuor horas circiter 24 horas factas forecasters fieri dixerit.
tropica tempestas vigilia edita est ad Floridam ab Ochlockon...",2026-08-01 21:06:30+00:00
0594002fab3b739ac1a95b02e7f0afdd,2026-07-14T21:31:56Z,'tropical depression',abcnews.com,en,0.9,Tropical depression forms far offshore of Mexico and is forecast to strengthen,Forecasters say a tropical depression has formed far offshore of Mexico and could strengthen into a hurricane this week,https://abcnews.com/US/wireStory/tropical-depression-forms-offshore-mexico-forecast-strengthen-134763857,https://s.abcnews.com/images/US/abc_news_default_2000x2000_update_16x9_992.jpg,http://web.archive.org/web/20260715010720/https://abcnews.com/US/wireStory/tropical-depression-forms-offshore-mexico-forecast-strengthen-134763857,"MIAMI -- A tropical depression has formed far offshore of Mexico and could strengthen into a hurricane this week, the National Hurricane Center said Tuesday. 
The tropical depression is about 560 mi… [+299 chars]",,"Weit vor der Küste Mexikos bildet sich ein tropisches Tiefdruckgebiet, das sich voraussichtlich verstärken wird. Meteorologen sagen, dass sich weit vor der Küste Mexikos ein tropisches Tiefdruckgebiet gebildet hat, das sich diese Woche zu einem Hurrikan verstärken könnte",Tropical depression forms far offshore of Mexico and is forecast to strengthen. Forecasters say a tropical depression has formed far offshore of Mexico and could strengthen into a hurricane this week,Depressione tropica formas longe ab litore Mexici et praecognoscet ad confirmandum. Depressione tropica dicunt vates procul litus Mexici formasse et in procella tempestatis hac septimana confirmari potuerunt,2026-08-01 21:06:30+00:00
edd8d946bd07ece046818e0387ab7dba,2026-07-19T17:13:50Z,'hurricane',biztoc.com,en,0.9,"Tropical depression forms in Gulf, National Hurricane Center says","A tropical depression has formed along the Gulf Coast off Florida, according to the National Hurricane Center, as an area of low pressure becomes more defined and thunderstorm and rain increase.
The hurricane center said July 19 on its website that a tropical…",https://biztoc.com/x/99badcf93f68afe9,https://biztoc.com/cdn/99badcf93f68afe9_s.webp,,"A tropical depression has formed along the Gulf Coast off Florida, according to the National Hurricane Center, as an area of low pressure becomes more defined and thunderstorm and rain increase.The h… [+142 chars]",,"Laut National Hurricane Center bildet sich im Golf ein tropisches Tiefdruckgebiet. Nach Angaben des National Hurricane Center hat sich entlang der Golfküste vor Florida ein tropisches Tiefdruckgebiet gebildet, da ein Tiefdruckgebiet klarer definiert wird und Gewitter und Regen zunehmen.
Das Hurrikanzentrum teilte am 19. Juli auf seiner Website mit, dass ein tropischer…","Tropical depression forms in Gulf, National Hurricane Center says. A tropical depression has formed along the Gulf Coast off Florida, according to the National Hurricane Center, as an area of low pressure becomes more defined and thunderstorm and rain increase.
The hurricane center said July 19 on its website that a tropical…","Depressione tropicae formae in Sinus, Centro National Hurricane dicit. Depressione tropica per sinus Coast off Florida formavit, iuxta Centrum Nationale Hurricane, cum area pressionis gravis magis definita fit et tonitrui et pluviae augentur.
Procellae centrum dixit 19 Iulii in eius situ quod tropicum…",2026-08-01 21:06:30+00:00
bf704d9ba7145f8121ba1a761cec8d37,2026-07-20T10:12:08Z,'tropical depression',biztoc.com,en,0.9,Tropical Depression Two Tracker Map Shows Southern States In Impact Zone,"The second tropical depression to form in the Atlantic hurricane basin during the 2026 hurricane season—Tropical Depression Two—has formed in the Gulf of Mexico and is predicted to strengthen in the coming days, placing several Southern states in the potentia…",https://biztoc.com/x/ed2d65d39c9828db,https://biztoc.com/cdn/ed2d65d39c9828db_s.webp,,The second tropical depression to form in the Atlantic hurricane basin during the 2026 hurricane seasonTropical Depression Twohas formed in the Gulf of Mexico and is predicted to strengthen in the co… [+144 chars],,"Tropical Depression Two Tracker-Karte zeigt Südstaaten in der Einschlagszone. Das zweite tropische Tiefdruckgebiet, das sich während der Hurrikansaison 2026 im atlantischen Hurrikanbecken bildet – das tropische Tiefdruckgebiet Zwei – hat sich im Golf von Mexiko gebildet und wird sich voraussichtlich in den kommenden Tagen verstärken, wodurch mehrere Südstaaten in Gefahr geraten …","Tropical Depression Two Tracker Map Shows Southern States In Impact Zone. The second tropical depression to form in the Atlantic hurricane basin during the 2026 hurricane season—Tropical Depression Two—has formed in the Gulf of Mexico and is predicted to strengthen in the coming days, placing several Southern states in the potentia…","Tropical Depressione Duo Tracker Map Southern States In Impact Zonam. Secunda depressio tropica formare in pelvem Atlantici turbinis tempore anni 2026 depressionis tropicae Duo — in Sinu Mexici formavit et praedixit firmare in diebus futuris, plures civitates australes in potentia collocans.",2026-08-01 21:06:30+00:00
060f433e557c0751da5dfbae79364121,2026-07-20T13:16:56Z,'tropical depression',biztoc.com,en,0.9,Tropical Storm Bertha could soon form in the Gulf. See tracker,"A tropical depression that formed in the Gulf on Sunday, July 19 is expected to quickly strengthen into a tropical storm, according to the National Hurricane Center. If the depression does become a tropical storm, it would be named Bertha.
According an NHC ad…",https://biztoc.com/x/d78e273eafea92d3,https://biztoc.com/cdn/d78e273eafea92d3_s.webp,,"A tropical depression that formed in the Gulf on Sunday, July 19 is expected to quickly strengthen into a tropical storm, according to the National Hurricane Center. If the depression does become a t… [+139 chars]",,"Im Golf könnte sich bald der Tropensturm Bertha bilden. Siehe Tracker. Nach Angaben des National Hurricane Center wird erwartet, dass sich ein tropisches Tiefdruckgebiet, das sich am Sonntag, dem 19. Juli, im Golf gebildet hat, schnell zu einem tropischen Sturm verstärken wird. Sollte sich das Tiefdruckgebiet tatsächlich zu einem tropischen Sturm entwickeln, würde es Bertha heißen.
Laut einer NHC-Anzeige…","Tropical Storm Bertha could soon form in the Gulf. See tracker. A tropical depression that formed in the Gulf on Sunday, July 19 is expected to quickly strengthen into a tropical storm, according to the National Hurricane Center. If the depression does become a tropical storm, it would be named Bertha.
According an NHC ad…","Tropical Storm Bertha cito formare in sinu potuit. Vide Venator. Tristitia tropica quae in Sinu die Dominico die 19 mensis Iulii formata est, expectatur ut cito in tropica tempestatem confirmet, iuxta Centrum Nationale Hurricane. Si tempestas tropica fit tristitia, Bertha nominabitur.
Secundum NHC ad…",2026-08-01 21:06:30+00:00
9bc58e06d5d87a1571ffe51278ba51e7,2026-07-20T19:21:05Z,'tropical depression',biztoc.com,en,0.9,Nat-Gas Prices Weaken on Tropical Storm Risk,"August Nymex natural gas (NGQ26) on Monday closed down -0.051 (-1.75%).
Nat-gas prices retreated on Monday and are just above last Thursday’s 2-month low. Prices are under pressure amid concern that a tropical depression will become Tropical Storm Bertha and …",https://biztoc.com/x/a4e64141777bed45,https://biztoc.com/cdn/a4e64141777bed45_s.webp,,August Nymex natural gas (NGQ26) on Monday closed down -0.051 (-1.75%).Nat-gas prices retreated on Monday and are just above last Thursdays 2-month low. Prices are under pressure amid concern that a … [+145 chars],,"Preise für Erdgas sinken aufgrund der Gefahr eines Tropensturms. August Nymex Erdgas (NGQ26) schloss am Montag mit einem Minus von -0,051 (-1,75 %).
Die Erdgaspreise sind am Montag zurückgegangen und liegen knapp über dem Zweimonatstief vom letzten Donnerstag. Die Preise stehen unter Druck, weil man befürchtet, dass ein tropisches Tiefdruckgebiet zum Tropensturm Bertha werden könnte und …","Nat-Gas Prices Weaken on Tropical Storm Risk. August Nymex natural gas (NGQ26) on Monday closed down -0.051 (-1.75%).
Nat-gas prices retreated on Monday and are just above last Thursday’s 2-month low. Prices are under pressure amid concern that a tropical depression will become Tropical Storm Bertha and …","Nat-Gas Prices Infirmare in Tropical Risk. Augusti Nymex gas naturale (NGQ26) die Lunae occlusum est -0.051 (1.75%).
Pretia Nat-gas de die Lunae recesserunt et proxime supra Iovis mensem ultimum Iovis sunt. Pretia cogente inter curas tropicae tristitia fiet Tropical Bertha et …",2026-08-01 21:06:30+00:00
d94bb15a6611318cca599ec007d6d07e,2026-07-20T19:34:40Z,'tropical depression',biztoc.com,en,0.9,"Tropical depression nearing U.S. Gulf Coast set to become a tropical storm, forecasters say",A tropical depression is drifting erratically in the Gulf of Mexico and is expected to gradually strengthen into a tropical storm that could threaten several states later this week.,https://biztoc.com/x/7f635c31f38de7c2,https://biztoc.com/cdn/7f635c31f38de7c2_s.webp,,"A tropical depression is drifting erratically in the Gulf of Mexico and is expected to gradually strengthen into a tropical storm that could threaten several states later this week.
This story appea… [+35 chars]",,"Tropisches Tiefdruckgebiet nahe der US-Golfküste könnte sich laut Prognostikern zu einem tropischen Sturm entwickeln. Im Golf von Mexiko treibt ein tropisches Tiefdruckgebiet unregelmäßig voran und es wird erwartet, dass es sich allmählich zu einem tropischen Sturm entwickelt, der im Laufe dieser Woche mehrere Staaten bedrohen könnte.","Tropical depression nearing U.S. Gulf Coast set to become a tropical storm, forecasters say. A tropical depression is drifting erratically in the Gulf of Mexico and is expected to gradually strengthen into a tropical storm that could threaten several states later this week.","Tropical depression nearing US.S. Sinus Coast profectus est ut tempestas tropica fiet, forecasters dicunt. Depressione tropica erratice in Sinum Mexicum vagatur et expectatur paulatim firmare in tempestatem tropicam quae pluribus civitatibus hac septimana postea imminere potuit.",2026-08-01 21:06:30+00:00
e50dda1d86d59beafb601d16a1bf23f2,2026-07-21T11:17:30Z,'tropical depression',biztoc.com,en,0.9,What will Bertha bring?,"Welcome to the Daily Briefing. Felecia Wellington Radel here, bringing you the news to know on Tuesday. Start with these reads:
Tropical Storm Bertha forms in Gulf
Bertha, the second named storm of the Atlantic hurricane season, intensified from a tropical de…",https://biztoc.com/x/961e618cb59cca4a,https://biztoc.com/cdn/961e618cb59cca4a_s.webp,,"Welcome to the Daily Briefing. Felecia Wellington Radel here, bringing you the news to know on Tuesday. Start with these reads:Tropical Storm Bertha forms in GulfBertha, the second named storm of the… [+141 chars]",,"Was wird Bertha mitbringen? Willkommen zum täglichen Briefing. Felecia Wellington Radel ist hier und bringt Ihnen die Neuigkeiten vom Dienstag. Beginnen Sie mit diesen Lektüren:
Im Golf bildet sich der Tropensturm Bertha
Bertha, der zweitgenannte Sturm der atlantischen Hurrikansaison, verstärkte sich von einer tropischen Küste aus …","What will Bertha bring?. Welcome to the Daily Briefing. Felecia Wellington Radel here, bringing you the news to know on Tuesday. Start with these reads:
Tropical Storm Bertha forms in Gulf
Bertha, the second named storm of the Atlantic hurricane season, intensified from a tropical de…","Quid Bertha ferat? Welcome to the Daily Briefing. Felecia Wellington Radel hic nuntians te scire die Martis. Incipe cum his legit:
Tropical Bertha forms in Gulf
Bertha, secunda tempestate tempestatis Atlantici nuncupata, aucta a tropico de…",2026-08-01 21:06:30+00:00
66cf8927671bbdaacde78b0c1a0b73b5,2026-07-15T03:22:24Z,'tropical depression',www.nhc.noaa.gov,en,0.7,Tropical Depression Five-E Graphics,"Wind Speed Probabilities last updated Wed, 15 Jul 2026 03:22:24 GMT",https://www.nhc.noaa.gov/refresh/graphics_ep5+shtml/032224.shtml?cone,,,"* If the storm is forecast to dissipate within 3 days, the ""Full Forecast"" and ""3 day"" graphic will be identical
Click Here for a 5-day Cone Printer Friendly GraphicHow to use the cone graphic (vide… [+2695 chars]",,"Tropische Depression Five-E-Grafiken. Die Windgeschwindigkeitswahrscheinlichkeiten wurden zuletzt am Mittwoch, 15. Juli 2026 um 03:22:24 Uhr GMT aktualisiert","Tropical Depression Five-E Graphics. Wind Speed Probabilities last updated Wed, 15 Jul 2026 03:22:24 GMT","Tropical Depressione Quinque-E Graphics. Ventus Speed ​​Probabilitates renovatio Sat, 15 Jul 2026 03:22:24 GMT",2026-08-02 06:10:44+00:00
04f76c9cd7fba0110fd8ffd44c3841ae,2026-07-19T02:36:31Z,'tropical depression',www.nhc.noaa.gov,en,0.7,Tropical Depression Six-E Graphics,"Wind Speed Probabilities last updated Sun, 19 Jul 2026 02:36:31 GMT",https://www.nhc.noaa.gov/refresh/graphics_ep1+shtml/023631.shtml?cone,,,"* If the storm is forecast to dissipate within 3 days, the ""Full Forecast"" and ""3 day"" graphic will be identical
Click Here for a 5-day Cone Printer Friendly GraphicHow to use the cone graphic (vide… [+2695 chars]",,"Tropische Depression Six-E-Grafiken. Die Windgeschwindigkeitswahrscheinlichkeiten wurden zuletzt am Sonntag, 19. Juli 2026 um 02:36:31 Uhr GMT aktualisiert","Tropical Depression Six-E Graphics. Wind Speed Probabilities last updated Sun, 19 Jul 2026 02:36:31 GMT","Tropical Depressione Sex-E Graphics. Ventus Speed ​​Probabilia renovatio sol, 19 Jul 2026 02:36:31 GMT",2026-08-02 06:10:44+00:00
8f421574366fb8612ab078fb40bfbf20,2026-07-19T15:56:24Z,'tropical depression',freerepublic.com,en,0.7,Tropical Depression Two in the Gulf of America,Northern Gulf of America and near Florida (AL91): An area of low pressure located over the northeastern Gulf of America continues to become better defined and the associated shower and thunderstorm activity is gradually increasing. Continued gradual developme…,https://freerepublic.com/focus/f-news/4388564/posts,,http://web.archive.org/web/20260720025546/https://freerepublic.com/focus/f-news/4388564/posts,"Skip to comments.
Tropical Depression Two in the Gulf of AmericaNHC/NOAA ^
 | 19 July 2026
 | NHC/NOAA
Posted on 07/19/2026 8:56:24 AM PDT by NautiNurse
Northern Gulf of America and near Florida… [+3129 chars]",,Tropische Depression Zwei im Golf von Amerika. Nördlicher Golf von Amerika und in der Nähe von Florida (AL91): Ein Tiefdruckgebiet über dem nordöstlichen Golf von Amerika wird immer besser abgegrenzt und die damit verbundene Schauer- und Gewitteraktivität nimmt allmählich zu. Fortsetzung der schrittweisen Entwicklung…,Tropical Depression Two in the Gulf of America. Northern Gulf of America and near Florida (AL91): An area of low pressure located over the northeastern Gulf of America continues to become better defined and the associated shower and thunderstorm activity is gradually increasing. Continued gradual developme…,Tropical Depressione duae in sinu Americae. Sinus septentrionalis Americae et prope Floridam (AL91): area pressurae humilis super Sinum septentrionalem Americae septentrionalis sitae pergit in melius definitum fieri et actio pluviae et tonitrui consociata paulatim augetur. Progressus progressionis...,2026-08-02 06:10:44+00:00
b30e04715d0ca7592c6499bf23d48bb3,2026-07-30T10:50:54Z,'tropical depression',biztoc.com,en,0.7,Hurricane Genevieve Spaghetti Models Show Today's Path After Cat 5 Peak,"Hurricane Genevieve, which previously strengthened into the eastern Pacific's first Category 5 storm since 2024, is expected to weaken over the coming days as it tracks west-northwest, according to forecasters.
According to AccuWeather, Genevieve developed fr…",https://biztoc.com/x/70ba47bc30f9ab9d,https://biztoc.com/cdn/70ba47bc30f9ab9d_s.webp,,"Hurricane Genevieve, which previously strengthened into the eastern Pacific's first Category 5 storm since 2024, is expected to weaken over the coming days as it tracks west-northwest, according to f… [+144 chars]",,"Hurrikan-Genevieve-Spaghetti-Modelle zeigen den heutigen Weg nach Cat 5 Peak. Laut Prognostikern wird Hurrikan Genevieve, der sich zuvor zum ersten Sturm der Kategorie 5 im Ostpazifik seit 2024 entwickelt hatte, in den kommenden Tagen auf seinem Weg von West nach Nordwesten abschwächen.
Laut AccuWeather hat Genevieve von…","Hurricane Genevieve Spaghetti Models Show Today's Path After Cat 5 Peak. Hurricane Genevieve, which previously strengthened into the eastern Pacific's first Category 5 storm since 2024, is expected to weaken over the coming days as it tracks west-northwest, according to forecasters.
According to AccuWeather, Genevieve developed fr…","Procellae Genovefae Spaghetti exemplum monstrant Hodiernae Path Post Cat 5 Pecco. Procellae Genovefae, quae ante primum Categoriae Pacifici orientis in 5 tempestate ab 2024 roborata est, expectatur per dies venientes debilitare cum secundum forecasters in aquilonem occidentalem incedit.
Secundum AccuWeather, Genovefa elaboraverunt fr…",2026-08-02 06:10:44+00:00
0f20baf755acf8681e73d4e461f5e9e3,2026-07-16T01:00:00Z,'hurricane',wattsupwiththat.com,en,0.9,LOL! The Guardian Is Upset That Nobody Wants Climate in Their Weather Anymore,"After years of lectures that every hurricane, flood, drought, wildfire, and a hot summer day is caused by climate change, people have grown weary of the message. 
The post LOL! The Guardian Is Upset That Nobody Wants Climate in Their Weather Anymore appeared …",https://wattsupwiththat.com/2026/07/15/lol-the-guardian-is-upset-that-nobody-wants-climate-in-their-weather-anymore/,https://i0.wp.com/wattsupwiththat.com/wp-content/uploads/2026/07/guardian-ohnoes.webp?fit=1024%2C512&quality=75&ssl=1,http://web.archive.org/web/20260717063610/https://wattsupwiththat.com/2026/07/15/lol-the-guardian-is-upset-that-nobody-wants-climate-in-their-weather-anymore/,"The British rag, er, Newspaper, The Guardian has spent years proving that no subject is too absurd to connect to climate change. Here’s some of their greatest hits.
If someone burns toast in London,… [+4338 chars]",,"LOL! Der Guardian ist verärgert darüber, dass niemand mehr Klima in seinem Wetter haben möchte. Nachdem jahrelang gelehrt wurde, dass jeder Hurrikan, jede Überschwemmung, jede Dürre, jedes Waldfeuer und jeder heiße Sommertag durch den Klimawandel verursacht wird, sind die Menschen dieser Botschaft überdrüssig geworden. 
Der Beitrag LOL! Der Guardian ist verärgert darüber, dass niemand mehr Klima in seinem Wetter haben möchte …","LOL! The Guardian Is Upset That Nobody Wants Climate in Their Weather Anymore. After years of lectures that every hurricane, flood, drought, wildfire, and a hot summer day is caused by climate change, people have grown weary of the message. 
The post LOL! The Guardian Is Upset That Nobody Wants Climate in Their Weather Anymore appeared …","LOL! Custos commovetur quod nemo vult Clima in tempestate volutpat. Post annos a lectionibus, quae omnis procellae, diluvii, siccitas, ignis incendii et dies aestatis calidae ex mutatione climatis causantur, homines nuntium pertaesum est. 
Post LOL! Custos commovetur quod nemo vult Clima in tempestate iam apparuit ...",2026-08-02 10:06:36+00:00
7310428c7aacd4112db2092deda165c2,2026-07-31T22:00:00Z,'hurricane alert',variety.com,en,0.2,‘Cape Fear’ Creator Nick Antosca on That Shocking Final Sequence and Making Big Changes From Scorsese’s Version,"SPOILER ALERT: This story contains spoilers for “The Executioners,” the finale of “Cape Fear,” now streaming on Apple TV. In the final moments of “Cape Fear,” Anna Bowden realizes that she’ll never truly be free of the man who’s been stalking her family.  The…",https://variety.com/2026/tv/features/cape-fear-finale-max-cady-1236812603/,https://variety.com/wp-content/uploads/2026/07/Cape_Fear_Photo_011001.jpg?w=1000&h=563&crop=1,,"SPOILER ALERT: This story contains spoilers for “The Executioners,” the finale of “Cape Fear,” now streaming on Apple TV.
In the final moments of “Cape Fear,” Anna Bowden realizes that she’ll never … [+8734 chars]",,"„Cape Fear“-Schöpfer Nick Antosca über diese schockierende Schlusssequenz und die großen Änderungen gegenüber Scorseses Version. SPOILER-ALARM: Diese Geschichte enthält Spoiler für „The Executioners“, das Finale von „Cape Fear“, das jetzt auf Apple TV gestreamt wird. In den letzten Augenblicken von „Cape Fear“ wird Anna Bowden klar, dass sie den Mann, der ihre Familie verfolgt, nie wirklich loswerden wird.  Der…","‘Cape Fear’ Creator Nick Antosca on That Shocking Final Sequence and Making Big Changes From Scorsese’s Version. SPOILER ALERT: This story contains spoilers for “The Executioners,” the finale of “Cape Fear,” now streaming on Apple TV. In the final moments of “Cape Fear,” Anna Bowden realizes that she’ll never truly be free of the man who’s been stalking her family.  The…","'Cape Fear' Creator Nick Antosca de Consecutione ultima illa Shocking et Magna Mutationes Faciens Ex Scorsese's Version. SPOILER ALERT: Haec fabula praedones continet pro ""executoribus"" ultimum ""Cape Metum"", nunc in Apple TV effusi. In ultimis momentis ""Cape Fear"" Anna Bowden animadvertit se numquam vere liberam esse ab homine qui in familia sua grassabatur.  The…",2026-08-02 15:13:45+00:00
8998fc7fc9f68b4338ee6fd61d13422a,2026-07-15T04:22:35Z,'hurricane alert',www.insurancejournal.com,en,0.3,Texas Braces for Heavy Storms One Year After Deadly Floods,"Slow-moving storms are drenching much of central Texas this week as a disturbance in the upper atmosphere collides with summer humidity to produce heavy rains. Flood alerts cover much of central Texas, including San Antonio, Austin and the Houston suburbs. …",https://www.insurancejournal.com/news/southcentral/2026/07/15/877629.htm,https://www.insurancejournal.com/app/uploads/2026/07/Texas-Storms-scaled.jpg,http://web.archive.org/web/20260716124148/https://www.insurancejournal.com/news/southcentral/2026/07/15/877629.htm,"Slow-moving storms are drenching much of central Texas this week as a disturbance in the upper atmosphere collides with summer humidity to produce heavy rains.
Flood alerts cover much of central Tex… [+2521 chars]",,"Texas bereitet sich ein Jahr nach tödlichen Überschwemmungen auf schwere Stürme vor. Langsame Stürme überschwemmen diese Woche weite Teile von Zentral-Texas, da eine Störung in der oberen Atmosphäre mit der Sommerfeuchtigkeit kollidiert und heftige Regenfälle verursacht. Überschwemmungswarnungen decken weite Teile von Zentral-Texas ab, darunter San Antonio, Austin und die Vororte von Houston. …","Texas Braces for Heavy Storms One Year After Deadly Floods. Slow-moving storms are drenching much of central Texas this week as a disturbance in the upper atmosphere collides with summer humidity to produce heavy rains. Flood alerts cover much of central Texas, including San Antonio, Austin and the Houston suburbs. …","Texas Braces pro graves procellas unus annus post mortiferum flumina. Tempestates tardae moventes multum in Texas centrali hac septimana perfundunt, sicut commotio in atmosphaerae superiore impacta est cum humiditate aestiva ad graves pluvias producendas. Diluvium erectus multum in Texas centrali tegunt, inter San Antonio, Austin suburbia Houston. ...",2026-08-02 15:13:45+00:00
c5a0b8c6c5262142466909fe6b266989,2026-07-22T19:30:00Z,'hurricane alert',www.theadvocate.com,en,0.3,Gov. Jeff Landry tells Louisianans to stay alert as Tropical Storm Bertha makes landfall,"Tropical Storm Bertha came ashore Wednesday in St. Bernard Parish after weakening substantially, but Gov. Jeff Landry warned residents in the southeastern part of the state to stay alert as the system and its remnants passed through.",https://www.theadvocate.com/baton_rouge/news/jeff-landry-press-conference-tropical-storm-bertha/article_147903b9-89ce-5d8e-a4de-fbd972872658.html,https://bloximages.newyork1.vip.townnews.com/theadvocate.com/content/tncms/assets/v3/editorial/5/03/503b191a-78bc-588c-85cc-5a3dd0220730/6a5ff7b096984.image.jpg?crop=1822%2C958%2C0%2C88&resize=1200%2C631&order=crop%2Cresize,http://web.archive.org/web/20260729014846/https://www.theadvocate.com/baton_rouge/news/jeff-landry-press-conference-tropical-storm-bertha/article_147903b9-89ce-5d8e-a4de-fbd972872658.html,"Bertha made landfall around 2 p.m., according to state meteorologist Jay Grymes, who echoed Landrys advice during the news conference. The storm came ashore with sustained winds of 45 mph, according … [+597 chars]",,"Gouverneur Jeff Landry fordert die Einwohner von Louisiana auf, wachsam zu bleiben, während der Tropensturm Bertha auf Land trifft. Der Tropensturm Bertha kam am Mittwoch im St. Bernard Parish an Land, nachdem er sich erheblich abgeschwächt hatte, aber Gouverneur Jeff Landry warnte die Bewohner im südöstlichen Teil des Bundesstaates, wachsam zu bleiben, während das System und seine Überreste durchquerten.","Gov. Jeff Landry tells Louisianans to stay alert as Tropical Storm Bertha makes landfall. Tropical Storm Bertha came ashore Wednesday in St. Bernard Parish after weakening substantially, but Gov. Jeff Landry warned residents in the southeastern part of the state to stay alert as the system and its remnants passed through.","Gov. Jeff Landry narrat Louisianas ut vigilet sicut Tropical Bertha lapsus facit. Tempestas Tropical Bertha in litus Mercurii in paroecia S. Bernardi venit postquam substantialiter debilitavit, sed Gov. Jeff Landry monuit incolas in parte civitatis australi manere intenti ut systema eiusque reliquiae peragrarent.",2026-08-02 15:13:45+00:00
d4ef5f7bad9818be831867d4a97498f5,2026-07-25T12:22:10Z,'hurricane alert',www.cnn.com,en,0.3,"Bertha’s gone, but its moisture isn’t. Southeast remains on alert for flash floods","Bertha has fizzled out, but moisture linked to the former tropical storm is still fueling a flood threat in the Southeast on Friday, and it could linger into...",https://www.cnn.com/2026/07/23/weather/bertha-flood-threat-east-climate-hnk,https://s.yimg.com/lo/mysterio/api/6c4a0d3cb86e6daa1847f5ba14f211f27bd9c1f7ccb87a157dc25e7131dd6af2/lightyear_networkapi/resizefill_w960_h540;quality_80;format_webp/https:%2F%2Fmedia.zenfs.com%2Fen%2Fcnn_articles_875%2F268d955a2c45cb3a9173c20e68389b9d,http://web.archive.org/web/20260725211330/https://www.cnn.com/2026/07/23/weather/bertha-flood-threat-east-climate-hnk,"Bertha has fizzled out, but moisture linked to the former tropical storm is still fueling a flood threat that could linger into the weekend for some.
Bertha dissipated over Texas on Thursday evening… [+3229 chars]",,"Bertha ist weg, die Feuchtigkeit jedoch nicht. Der Südosten bleibt wegen Sturzfluten in Alarmbereitschaft. Bertha ist verpufft, aber die mit dem früheren Tropensturm in Zusammenhang stehende Feuchtigkeit schürt am Freitag immer noch eine Überschwemmungsgefahr im Südosten, die bis in ... andauern könnte.","Bertha’s gone, but its moisture isn’t. Southeast remains on alert for flash floods. Bertha has fizzled out, but moisture linked to the former tropical storm is still fueling a flood threat in the Southeast on Friday, and it could linger into...","Bertha abiit, sed umor eius non est. Inferus manet intenti ad diluvia. Bertha increpuit, sed umor cum priori tempestate tropico coniunctus adhuc diluvii minas in Southeast die Veneris fovet et in morari potuit.",2026-08-02 15:13:45+00:00
382280de5c5592227fdd9898da2fe516,2026-07-20T15:00:16Z,'hurricane',www.foxnews.com,en,0.9,FIRST ON FOX: Trump admin freezes out Minnesota of the Caribbean over alleged hurricane-aid abuses,HUD suspended the Virgin Islands Housing Finance Authority from federal funding over alleged fraud and mismanagement of hurricane relief funds.,https://www.foxnews.com/politics/first-fox-trump-admin-freezes-out-minnesota-caribbean-over-alleged-hurricane-aid-abuses,https://static.foxnews.com/foxnews.com/content/uploads/2026/07/St-John-Virgin-Islands-beach.jpg,http://web.archive.org/web/20260720221251/https://www.foxnews.com/politics/first-fox-trump-admin-freezes-out-minnesota-caribbean-over-alleged-hurricane-aid-abuses,FIRST ON FOX: The Trump administration suspended a U.S. territory's housing-finance authority from receiving further federal funding after the Department of Housing and Urban Development cited years … [+6647 chars],,ZUERST AUF FOX: Der Trump-Administrator friert Minnesota aus der Karibik wegen mutmaßlicher Missbräuche bei der Hurrikan-Hilfe ein. HUD hat der Virgin Islands Housing Finance Authority wegen angeblichen Betrugs und Missmanagements von Hurrikan-Hilfsgeldern die Bundesfinanzierung entzogen.,FIRST ON FOX: Trump admin freezes out Minnesota of the Caribbean over alleged hurricane-aid abuses. HUD suspended the Virgin Islands Housing Finance Authority from federal funding over alleged fraud and mismanagement of hurricane relief funds.,PRIMO DE FOX: Trump admin e Minnesota Caribbeae in asserto abusus procellarum subsidia congelat. TESTA suspendit Virgines Insulas Auctoritas a Pecuniae oeconomiae Habitationi foederatae sumptu super assertae fraudis et maleficii subsidio pecuniarum typhonicae.,2026-08-02 15:13:45+00:00
59aa1a5d696059f7a0ecd30c003c3294,2026-07-22T03:50:29Z,'hurricane alert',biztoc.com,en,0.9,Supply Chain Alert: Bertha Could Disrupt Gulf Coast Logistics,"SummaryView Transcript
Tropical Storm Bertha is brewing in the Gulf, marking the second named storm of the season. While not yet a hurricane, Bertha's path across the Gulf Coast poses significant risks to freight markets and the vital energy sector. Learn how…",https://biztoc.com/x/ec599a56e5acb9f9,https://biztoc.com/cdn/ec599a56e5acb9f9_s.webp,,"SummaryView TranscriptTropical Storm Bertha is brewing in the Gulf, marking the second named storm of the season. While not yet a hurricane, Bertha's path across the Gulf Coast poses significant risk… [+143 chars]",,"Lieferkettenwarnung: Bertha könnte die Logistik an der Golfküste stören. ZusammenfassungTranskript anzeigen
Der Tropensturm Bertha braut sich im Golf zusammen und markiert den zweiten benannten Sturm der Saison. Obwohl es sich noch nicht um einen Hurrikan handelt, birgt Berthas Weg über die Golfküste erhebliche Risiken für die Frachtmärkte und den lebenswichtigen Energiesektor. Erfahren Sie, wie…","Supply Chain Alert: Bertha Could Disrupt Gulf Coast Logistics. SummaryView Transcript
Tropical Storm Bertha is brewing in the Gulf, marking the second named storm of the season. While not yet a hurricane, Bertha's path across the Gulf Coast poses significant risks to freight markets and the vital energy sector. Learn how…","Supple Chain erecti: Bertha sinus Coast Logistics dissolvere potuit. SummaryView Transumptum
Tropical Storm Bertha miscet in Sinu, signans secundam nominatam tempestatem temporis. Dum nondum turbo, via Berthae per Coast sinus significantes pericula praebet ad mercatus onerarias et in regione navitatis vitalis. Disce quomodo…",2026-08-02 15:13:45+00:00
27eac63d96b733678e0250fb7cbd0785,2026-07-29T19:18:49Z,'hurricane',www.forbes.com,en,0.9,How Old Extreme Weather Playbooks Can Save Us From Future Heat,"In the U.S., heat claims more lives than floods, tornadoes & hurricanes combined. Lessons from managing extreme cold, floods & hurricanes offer a blueprint for survival.",https://www.forbes.com/sites/nicoleroberts/2026/07/29/how-old-extreme-weather-playbooks-can-save-us-from-future-heat/,https://imageio.forbes.com/specials-images/imageserve/6a68d21db4e09049e7a50830/0x0.jpg?format=jpg&height=900&width=1600&fit=bounds,http://web.archive.org/web/20260730003215/https://www.forbes.com/sites/nicoleroberts/2026/07/29/how-old-extreme-weather-playbooks-can-save-us-from-future-heat/,"BATANGAS PROVINCE, PHILIPPINES - 2020 JANUARY 12: The evening sky with volcanic lightning, the eruption of Taal Volcano as seen from the nearby province of Quezon. The eruption has sent a kilometer p… [+6699 chars]",,"Wie alte Extremwetter-Lehrbücher uns vor zukünftiger Hitze bewahren können. In den USA fordert Hitze mehr Todesopfer als Überschwemmungen, Tornados und Hurrikane zusammen. Lehren aus dem Umgang mit extremer Kälte, Überschwemmungen und Hurrikanen bieten eine Blaupause für das Überleben.","How Old Extreme Weather Playbooks Can Save Us From Future Heat. In the U.S., heat claims more lives than floods, tornadoes & hurricanes combined. Lessons from managing extreme cold, floods & hurricanes offer a blueprint for survival.","Quam Vetus Extrema Tempestas Playbooks Ex Future Calore nos salvare potest. In US, calor plus vitae vindicat quam inundationes, turbines & turbinum mixtas. Lectiones de summa frigoris administratione, inundationibus & turbinibus quodammodo ad salutem praebent.",2026-08-02 15:13:45+00:00
66a8f30654af64329f64d9de6f201a06,2026-07-30T00:41:00Z,'hurricane alert',www.kpbs.org,en,0.9,How Hurricane Genevieve is affecting swells in San Diego,"It may be hot outside, but a storm is in session.Hurricane Genevieve is sending powerful ocean swells to San Diego.The Category 4 hurricane is hundreds of miles southwest of Baja California. But it's making waves up in San Diego, which means safety concerns a…",https://www.kpbs.org/podcasts/kpbs-midday-edition/how-hurricane-genevieve-is-affecting-swells-in-san-diego,https://cdn.kpbs.org/dims4/default/b2aa0d4/2147483647/strip/true/crop/3648x1915+0+258/resize/1200x630!/quality/90/?url=http%3A%2F%2Fkpbs-brightspot.s3.us-west-2.amazonaws.com%2F5d%2F79%2Fd318389147bca240e5ff867030f4%2Fsurfer-at-ob.jpg,http://web.archive.org/web/20260731074646/https://www.kpbs.org/podcasts/kpbs-midday-edition/how-hurricane-genevieve-is-affecting-swells-in-san-diego,S1: Welcome in San Diego. It's Jade Hindman on today's show. Turbulence at sea as Hurricane Genevieve sends powerful waves to our shore. We'll talk about the potential for flooding and your safety at… [+16299 chars],,"Wie sich Hurrikan Genevieve auf die Wellen in San Diego auswirkt. Draußen mag es heiß sein, aber ein Sturm ist im Gange. Hurrikan Genevieve schickt starke Meereswellen nach San Diego. Der Hurrikan der Kategorie 4 wütet Hunderte von Meilen südwestlich von Baja California. Aber es sorgt in San Diego für Aufsehen, was bedeutet, dass Sicherheitsbedenken ein…","How Hurricane Genevieve is affecting swells in San Diego. It may be hot outside, but a storm is in session.Hurricane Genevieve is sending powerful ocean swells to San Diego.The Category 4 hurricane is hundreds of miles southwest of Baja California. But it's making waves up in San Diego, which means safety concerns a…","Quomodo Procellae Genovefa afficiens tumet in San Diego. Foris aestus potest esse, sed tempestas in sessione est. Hurricane Genovefa mittit validum oceanum in San Diego intumescere. Categoria 4 turbo est centena milia passuum inter meridiem ad Baja Californiae. Sed fluctus facit in San Diego, quod salutem significat de ...",2026-08-02 15:13:45+00:00
19e7a35e51a601ef031d672d9209109a,2026-07-20T14:37:19Z,'tropical cyclone',www.nhc.noaa.gov,en,0.7,Post-Tropical Cyclone Elida Graphics,"Wind Speed Probabilities last updated Mon, 20 Jul 2026 14:37:19 GMT",https://www.nhc.noaa.gov/refresh/graphics_ep5+shtml/143719.shtml?cone,,,"* If the storm is forecast to dissipate within 3 days, the ""Full Forecast"" and ""3 day"" graphic will be identical
Click Here for a 5-day Cone Printer Friendly GraphicHow to use the cone graphic (vide… [+2695 chars]",,"Grafiken des posttropischen Zyklons Elida. Die Windgeschwindigkeitswahrscheinlichkeiten wurden zuletzt am Montag, 20. Juli 2026 um 14:37:19 Uhr GMT aktualisiert","Post-Tropical Cyclone Elida Graphics. Wind Speed Probabilities last updated Mon, 20 Jul 2026 14:37:19 GMT","Post-Tropical Cyclone Elida Graphica. Ventus Speed ​​Probabilitates renovatio Mon, 20 Jul 2026 14:37:19 GMT",2026-08-02 21:07:37+00:00
5c271d9f59fa12218022c8509a8abf5b,2026-07-27T10:32:48Z,'tropical cyclone',www.insurancejournal.com,en,0.9,Why El Niño’s Promise of Quieter Hurricane Season May Not Be Good News for Insurers,"For insurers, the periodic El Niño climate phenomenon has traditionally lowered the risk of costly Atlantic hurricanes, but decades of population growth along coastal areas and rising property values are forcing them to rethink that assumption. Marked by warm…",https://www.insurancejournal.com/news/international/2026/07/27/879132.htm,https://www.insurancejournal.com/app/uploads/2026/07/hurricane-season-sign-with-stormy-background-112881572-Depositphotos-scaled.jpg,http://web.archive.org/web/20260727210041/https://www.insurancejournal.com/news/international/2026/07/27/879132.htm,"For insurers, the periodic El Niño climate phenomenon has traditionally lowered the risk of costly Atlantic hurricanes, but decades of population growth along coastal areas and rising property values… [+5352 chars]",,"Warum El Niños Versprechen einer ruhigeren Hurrikansaison für Versicherer möglicherweise keine gute Nachricht sind. Für Versicherer hat das periodische Klimaphänomen El Niño traditionell das Risiko kostspieliger Hurrikane im Atlantik verringert, doch das jahrzehntelange Bevölkerungswachstum entlang der Küstengebiete und steigende Immobilienwerte zwingen sie, diese Annahme zu überdenken. Gekennzeichnet durch warme…","Why El Niño’s Promise of Quieter Hurricane Season May Not Be Good News for Insurers. For insurers, the periodic El Niño climate phenomenon has traditionally lowered the risk of costly Atlantic hurricanes, but decades of population growth along coastal areas and rising property values are forcing them to rethink that assumption. Marked by warm…","Cur El Niño Promissio de Quieter Hurricane Season May Not Be Good News for Insurers. Pro insurers, phaenomenon climatis periodicum El Niño periculo pretiosi Atlantici turbinum more deposuit, sed incrementa incolarum decades per areas maritimas et bona ortu bona cogunt ad cogitandum illam assumptionem. Notatum a fermentum…",2026-08-02 21:07:37+00:00
0af6f3a371e1869adc915ce2b2205fc0,2026-07-24T12:43:35Z,'hurricane victims',theconversation.com,en,0.3,"How do scientists know if climate change made a heat wave, extreme storm or wildfire worse?","A National Academy of Sciences report examined the latest advances in extreme event attribution science. As four of the authors explain, the type of disaster makes a difference.",https://theconversation.com/how-do-scientists-know-if-climate-change-made-a-heat-wave-extreme-storm-or-wildfire-worse-288232,https://images.theconversation.com/files/749921/original/file-20260724-57-qp9i6u.jpg?ixlib=rb-4.1.1&rect=0%2C275%2C4829%2C2414&q=45&auto=format&w=1356&h=668&fit=crop,http://web.archive.org/web/20260725014922/https://theconversation.com/how-do-scientists-know-if-climate-change-made-a-heat-wave-extreme-storm-or-wildfire-worse-288232,"People try to stay cool on the sweltering streets of Manhattan during a heat wave in July 2025. Spencer Platt/Getty Images
When a devastating heat wave, hurricane, flood or wildfire strikes, people … [+8667 chars]",,"Woher wissen Wissenschaftler, ob der Klimawandel eine Hitzewelle, einen extremen Sturm oder einen Waldbrand verschlimmert hat? Ein Bericht der National Academy of Sciences untersuchte die neuesten Fortschritte in der Wissenschaft der Zuschreibung extremer Ereignisse. Wie vier der Autoren erklären, macht die Art der Katastrophe einen Unterschied.","How do scientists know if climate change made a heat wave, extreme storm or wildfire worse?. A National Academy of Sciences report examined the latest advances in extreme event attribution science. As four of the authors explain, the type of disaster makes a difference.","Quomodo docti sciunt, si mutatio climatis aestum in undam, extremam tempestatem vel ignem ferum peius fecerit? A National Academia Scientiarum relatio recentissimos progressus in extremo eventu scientiam attributionis examinavit. Quattuor auctores explicant, genus calamitatis refert.",2026-08-05 10:45:27+00:00
21cf6e0436f55cfc7d7412f971df0a57,2026-07-23T20:25:00Z,'flooding tropical',www.newser.com,en,0.7,Bertha Makes Second Landfall,Tropical Storm Bertha made a second landfall Thursday near the Texas-Louisiana state line after grazing southern Louisiana in a slow crawl that triggered heavy surf and some flooding along the Gulf Coast. Forecasters said more flooding was possible as heavy r…,https://www.newser.com/story/393402/bertha-makes-second-landfall.html,https://cdn.newser.com/image/1700634-12-20260723152502.jpeg,http://web.archive.org/web/20260723233652/https://www.newser.com/story/393402/bertha-makes-second-landfall.html,No deaths or significant damage have been reported since Bertha formed Monday in the Gulf of Mexico south of the Florida Panhandle. The storm caused some coastal flooding as its center first struck l… [+1433 chars],,"Bertha landet zum zweiten Mal. Der Tropensturm Bertha traf am Donnerstag zum zweiten Mal nahe der Staatsgrenze zwischen Texas und Louisiana auf Land, nachdem er in einem langsamen Kriechen Süd-Louisiana gestreift hatte, was starke Brandung und einige Überschwemmungen entlang der Golfküste auslöste. Meteorologen sagten, dass weitere Überschwemmungen aufgrund schwerer Regenfälle möglich seien.",Bertha Makes Second Landfall. Tropical Storm Bertha made a second landfall Thursday near the Texas-Louisiana state line after grazing southern Louisiana in a slow crawl that triggered heavy surf and some flooding along the Gulf Coast. Forecasters said more flooding was possible as heavy r…,"Bertha secundo Landfall facit. Bertha Tropical Storm secundam ruinam Iovis circa lineam civitatis Texas-Louisiana fecit, postquam meridionalem Ludovicianam pascebat in lento repto qui salo gravis utitur et nonnulla inundatione per Coast sinus. Dixerunt plus inundationem Forecasters quam grave r ...",2026-08-05 10:45:27+00:00
ff87215ae63624a5b171f1eacdaa8971,2026-07-24T11:51:39Z,'flooding tropical',abcnews.com,en,0.7,Hurricane Fausto strengthens into Category 2 storm,Forecasters say Hurricane Fausto has strengthened into a Category 2 storm in the Pacific Ocean and is expected to approach the Hawaiian Islands next week,https://abcnews.com/US/wireStory/hurricane-fausto-strengthens-category-2-storm-expected-approach-135045685,https://i.abcnewsfe.com/a/5c5c07a6-9975-4f4f-b104-ff564603caf0/wirestory_670a242585d9e45166b3e86b96b553e7_16x9.jpg?w=1600,http://web.archive.org/web/20260725010452/https://abcnews.com/US/wireStory/hurricane-fausto-strengthens-category-2-storm-expected-approach-135045685,"MIAMI -- Hurricane Fausto has strengthened into a Category 2 storm in the Pacific Ocean and is expected to approach the Hawaiian Islands next week, forecasters said.
The risk of some impacts from wi… [+846 chars]",,"Hurrikan Fausto verstärkt sich zu einem Sturm der Kategorie 2. Prognostiker sagen, dass sich Hurrikan Fausto im Pazifischen Ozean zu einem Sturm der Kategorie 2 entwickelt hat und sich voraussichtlich nächste Woche den Hawaii-Inseln nähert",Hurricane Fausto strengthens into Category 2 storm. Forecasters say Hurricane Fausto has strengthened into a Category 2 storm in the Pacific Ocean and is expected to approach the Hawaiian Islands next week,Procellae Fausto in Categoria II expugnationem confirmat. Praedictores dicunt Procellae Fausto in Categoriam 2 tempestatem in Oceano Pacifico roboratam esse et expectatur accedere ad insulas Hawaii proximas hebdomades,2026-08-05 10:45:27+00:00
b226589927b9d85f8ac5d462be3971e0,2026-07-23T14:00:14Z,'storm surge',www.accuweather.com,en,0.9,Trop Storm Bertha flood threat shifts toward Texas after Louisiana landfall...,"Follow the latest on Tropical Storm Bertha’s path, strength and warnings as heavy rain, damaging winds, storm surge and isolated tornadoes threaten the Gulf Coast.",https://www.accuweather.com/en/hurricane/live-news/tropical-storm-bertha-live-updates-flood-threat-shifts-toward-texas-after-louisiana-landfall/1913848,https://cms.accuweather.com/wp-content/uploads/2026/07/ALGulfFlooding.gif?w=768,http://web.archive.org/web/20260723170150/https://www.accuweather.com/en/hurricane/live-news/tropical-storm-bertha-live-updates-flood-threat-shifts-toward-texas-after-louisiana-landfall/1913848,"Tropical Storm Bertha caused coastal flooding across Louisiana and Alabama, but overall, people say it was a useful practice round to prepare for any potentially worse storms later this hurricane sea… [+1125 chars]",,"Die Überschwemmungsgefahr durch Tropensturm Bertha verlagert sich nach der Landung in Louisiana in Richtung Texas. Verfolgen Sie die neuesten Informationen zu Verlauf, Stärke und Warnungen des Tropensturms Bertha, während starker Regen, schädliche Winde, Sturmfluten und vereinzelte Tornados die Golfküste bedrohen.","Trop Storm Bertha flood threat shifts toward Texas after Louisiana landfall.... Follow the latest on Tropical Storm Bertha’s path, strength and warnings as heavy rain, damaging winds, storm surge and isolated tornadoes threaten the Gulf Coast.","Trop Storm Bertha inundatio minae mutationes in Texas post landem Ludoviciana.... Sequere novissimam in Tropical Bertha viam, vires et admonitiones sicut pluviae, venti debilitantes, impetus tempestatis et turbines solitarii Coast sinus minantur.",2026-08-05 10:45:27+00:00
ef8a283f5b7c37f91c10e7468cdd19ae,2026-07-24T15:40:30Z,'flooding tropical',nypost.com,en,0.9,"Hurricane Fausto strengthens into Category 2 storm, expected to approach Hawaiian Islands soon",The hurricane center said swells generated by Fausto could cause life-threatening surf and rip tides in parts of southern California.,https://nypost.com/2026/07/24/us-news/hurricane-fausto-strengthens-into-category-2-storm-expected-to-approach-hawaiian-islands-next-week/,https://nypost.com/wp-content/uploads/sites/2/2026/07/135373068.jpg?quality=75&strip=all&w=1200,http://web.archive.org/web/20260724155732/https://nypost.com/2026/07/24/us-news/hurricane-fausto-strengthens-into-category-2-storm-expected-to-approach-hawaiian-islands-next-week/,"MIAMI Hurricane Fausto has strengthened into a Category 2 storm in the Pacific Ocean and is expected to approach the Hawaiian Islands next week, forecasters said.
The risk of some impacts from wind … [+1038 chars]",,"Hurrikan Fausto verstärkt sich zu einem Sturm der Kategorie 2 und wird sich voraussichtlich bald den Hawaii-Inseln nähern. Das Hurrikanzentrum sagte, dass die von Fausto verursachten Wellen in Teilen Südkaliforniens lebensgefährliche Brandungs- und Flutwellen auslösen könnten.","Hurricane Fausto strengthens into Category 2 storm, expected to approach Hawaiian Islands soon. The hurricane center said swells generated by Fausto could cause life-threatening surf and rip tides in parts of southern California.","Procellae Fausto in Categoria 2 expugnationem confirmat, expectatur mox insulas Hawaii accedere. Media turbo, quae dicitur, tumescere a Fausto generari potuit, salo minaces et aestus vitales in partibus California meridionalibus.",2026-08-05 10:45:27+00:00
483c8e00608e9ffdc0c479e859669583,2026-07-27T10:17:38Z,'hurricane',economictimes.indiatimes.com,en,0.9,Why El Niño's promise of a quieter hurricane season may not guarantee good news for insurers,"El Nino traditionally lowers hurricane risk for insurers.  However, coastal growth and rising property values change this assumption.  Even quiet seasons can cause severe losses due to increased exposure.  Insurers now focus on landfall location and property …",https://economictimes.indiatimes.com/news/international/business/why-el-nios-promise-of-a-quieter-hurricane-season-may-not-guarantee-good-news-for-insurers/articleshow/132658215.cms,"https://img.etimg.com/thumb/msid-132658471,width-1200,height-630,imgsize-119142,overlay-economictimes/articleshow.jpg",,"For insurers, the periodic El Nino climate phenomenon has traditionally lowered the risk of costly Atlantic hurricanes, but decades of population growth along coastal areas and rising property values… [+5405 chars]",,Warum El Niños Versprechen einer ruhigeren Hurrikansaison möglicherweise keine guten Nachrichten für Versicherer sind. El Niño verringert traditionell das Hurrikanrisiko für Versicherer.  Das Küstenwachstum und steigende Immobilienwerte ändern diese Annahme jedoch.  Selbst ruhige Jahreszeiten können aufgrund erhöhter Belastung zu erheblichen Verlusten führen.  Versicherer konzentrieren sich jetzt auf den Anlandungsstandort und das Eigentum …,"Why El Niño's promise of a quieter hurricane season may not guarantee good news for insurers. El Nino traditionally lowers hurricane risk for insurers.  However, coastal growth and rising property values change this assumption.  Even quiet seasons can cause severe losses due to increased exposure.  Insurers now focus on landfall location and property …",Cur El Niño promissio temporis quietioris tempestatis bonum nuntium pro insurersoribus praestare non potest. El Nino periculum procellae demittit traditionaliter pro insurers.  Attamen incrementa maritima et res ortu bona haec assumptionem variant.  Etiam tempora quieta gravia damna ob expositio augeri possunt.  Insurers nunc focus in landfall location et proprietas ...,2026-08-05 10:45:27+00:00
7e14069fe68d652d6a11f012c3d57d22,2026-07-19T14:38:59Z,'hurricane climate change',www.complex.com,en,0.2,O.J. Simpson Buffalo Bills Wall of Fame Omission Sparks Protest,"From Change.org signatures to a rally in Buffalo, supporters say the Bills are rewriting history by sidelining one of their greatest players.",https://www.complex.com/sports/a/bernadette-giacomazzo/oj-simpson-wall-of-fame-protests,https://s.yimg.com/ny/api/res/1.2/.VKHvlK3f9fGJoeE2oKfdw--/YXBwaWQ9aGlnaGxhbmRlcjt3PTEyMDA7aD02NzU7Y2Y9d2VicA--/https://media.zenfs.com/en/complex_131/3b2652d0fffa9ea0d0a3f97124752612,,"The O.J. Simpson debate isn't ending with the Buffalo Bills' decision to leave the Hall of Fame running back out of the team's new stadium tribute. Instead, that choice has sparked public pushback, w… [+3465 chars]",,"O.J. Simpson Buffalo Bills Wall of Fame-Unterlassung löst Protest aus. Von Unterschriften auf Change.org bis hin zu einer Kundgebung in Buffalo sagen Unterstützer, dass die Bills die Geschichte neu schreiben, indem sie einen ihrer größten Spieler aus dem Verkehr ziehen.","O.J. Simpson Buffalo Bills Wall of Fame Omission Sparks Protest. From Change.org signatures to a rally in Buffalo, supporters say the Bills are rewriting history by sidelining one of their greatest players.",O.J. Simpson Buffalo rogationes Muri Famae Omissionis Scintillae Protest. Ex Change.org subscriptionibus ad concursum in Buffalo fautores dicunt rogationes rescribere historiam ab uno e maximis scaenicis obliquando.,2026-08-07 20:53:44+00:00
7489683a6bef9214c35c6a01cd59233e,2026-07-31T10:30:00Z,'hurricane climate change',www.forbes.com,en,0.3,The Best Places To Retire Abroad In 2026,"Forbes has picked 96 top retirement spots in 24 countries around the world based on costs, quality of life, healthcare, climate change and how welcome U.S. retirees are.",https://www.forbes.com/sites/williampbarrett/2026/07/31/the-best-places-to-retire-abroad-in-2026/,"https://imageio.forbes.com/specials-images/imageserve/6a6a151d205b801113609cc1/0x0.jpg?format=jpg&crop=1920,1080,x0,y0,safe&height=900&width=1600&fit=bounds",,"Married for 37 years and approaching retirement, Dorsie and Dan Schmitz found themselves worried about U.S. politics and their own finances. They owned a large house on a 31-acre spread, in the rural… [+41587 chars]",,"Die besten Ruhestandsorte im Ausland im Jahr 2026. Forbes hat 96 Top-Ruhestandsorte in 24 Ländern auf der ganzen Welt ausgewählt, basierend auf Kosten, Lebensqualität, Gesundheitsversorgung, Klimawandel und wie willkommen US-Rentner sind.","The Best Places To Retire Abroad In 2026. Forbes has picked 96 top retirement spots in 24 countries around the world based on costs, quality of life, healthcare, climate change and how welcome U.S. retirees are.","Optima loca Recedere Abroad Anno 2026. Forbes XCVI tecta secessus maculas in 24 regionibus circum orbem terrarum subnixis sumptibus, qualitate vitae, sanitatis, mutationis climatis, et quam gratae sunt US.",2026-08-07 20:53:44+00:00
