topic,sentiment_mean,sentiment_std,subjectivity_mean,subjectivity_std,counting
Causes,0.11274822745216141,0.8861914769399286,0.11443387095950533,0.9363842655592947,180.0
Hazard,0.01125983135951658,0.9364268660539777,0.024176887079165144,0.9454517109245908,2489.0
Impacts,-0.08279889987825942,0.9738563494215495,-0.06738566972717179,0.9068919450828745,243.0
Mitigation,-0.043395257031485,0.9722081956877909,0.12319240872984187,0.914571864574134,234.0
