topic,sentiment_mean,sentiment_std,subjectivity_mean,subjectivity_std,counting
Causes,0.1625473616347169,0.9019419960006427,0.10672019753277644,0.9022033869395187,132.0
Hazard,0.004874560175971374,0.9298205055630647,0.022543147375534766,0.9481020674749593,1905.0
Impacts,-0.07414149250475395,0.9732607965190411,-0.07224252362505416,0.938274137913829,173.0
Mitigation,-0.05775425184420466,0.9624205206030002,0.14240150611469335,0.9136843233570988,169.0
