week,sentiment_mean,sentiment_std,subjectivity_mean,subjectivity_std,counting
2025-38,0.11030637179470089,0.49517992941425665,0.14249467893886358,0.7259848772302241,12.0
2025-39,0.1139643945157312,0.7129660637335524,0.14702892907176415,0.6250822826506128,13.0
2025-40,-0.2861109695943046,0.49286963093884045,0.06201593256766845,0.7350606552248059,4.0
2025-41,-0.043965052464024844,0.7585151638813725,0.21155575878791577,0.7412094480305155,15.0
2025-42,0.01669108731082406,0.5183859083339455,0.4235339110514152,0.6463216572814018,14.0
