topic,sentiment_mean,sentiment_std,subjectivity_mean,subjectivity_std,counting
Causes,0.14199385278073942,0.9037166977416892,0.08773264285661318,0.9061715754708906,179.0
Hazard,0.0028326523955087704,0.9299930903194906,0.021775724887481314,0.9454876797400107,1819.0
Impacts,-0.06988754474797917,0.9668687161926283,-0.07877770497446965,0.9371742896636557,158.0
Mitigation,-0.0554183827104159,0.9399721406011688,0.1447079650553303,0.9281938916582956,162.0
