topic,sentiment_mean,sentiment_std,subjectivity_mean,subjectivity_std,counting
Causes,0.0929287306244318,0.8890019402990742,0.11405386820188577,0.9255444805578831,192.0
Hazard,0.011715331309832471,0.9381200450120752,0.02526605341881181,0.9511364487215184,2554.0
Impacts,-0.07722866119825318,0.9703761548960965,-0.07383712569375615,0.8972704948809772,261.0
Mitigation,-0.050337381830378225,0.9636119325270637,0.09863115164566368,0.8994815373630396,246.0
