topic,sentiment_mean,sentiment_std,subjectivity_mean,subjectivity_std,counting
Causes,0.08214668367855414,0.9010294439482788,0.3336635421723667,0.889746229280884,91.0
Hazard,0.043873846317627564,0.8261843362650982,,1.0,378.0
Impacts,-0.05819352613945543,0.9616806477454669,-0.07048834181476185,0.9279931988877332,46.0
Mitigation,-0.11792689594351892,0.7773247856610667,,1.0,78.0
