topic,sentiment_mean,sentiment_std,subjectivity_mean,subjectivity_std,counting
Causes,0.0793737204136161,0.8930472817669691,0.1181655765385382,0.9194011075863466,197.0
Hazard,0.013838078762795303,0.9400484502007705,0.02621910951170844,0.9510285848571137,2617.0
Impacts,-0.06603811081780825,0.9743741805772148,-0.06731415135642263,0.8988383137917592,284.0
Mitigation,-0.04754557432685069,0.9527161239903629,0.09446888048884419,0.9264755693405763,257.0
