topic,sentiment_mean,sentiment_std,subjectivity_mean,subjectivity_std,counting
Causes,0.1280556666421042,0.8944288567787159,0.11836006893504768,0.9335033861295365,170.0
Hazard,0.008200847025576507,0.9377397698907394,0.025322803523063313,0.9444973209790525,2340.0
Impacts,-0.06685366880421746,0.9703661869625391,-0.06130458741416472,0.9222683455599833,225.0
Mitigation,-0.04659890561986476,0.9395725319420598,0.13231583953157586,0.9126523714889825,208.0
