topic,sentiment_mean,sentiment_std,subjectivity_mean,subjectivity_std,counting
Causes,0.04164645376805205,0.8200143719608877,0.3223750926409821,0.9000803014577489,62.0
Hazard,0.05085370181737817,0.7694396450583719,0.08709844966483757,0.8068297659098193,246.0
Impacts,0.08058773031064598,0.9718710786217226,-0.06861239084781427,0.9099958679689226,36.0
Mitigation,-0.214157788398199,0.9011459423067415,0.15688964447619147,0.7470686082037139,30.0
