week,sentiment_mean,sentiment_std,subjectivity_mean,subjectivity_std,counting
2025-38,-0.06532330284407055,0.753754467267644,0.24068275645846296,0.8547708746709121,23.0
2025-39,-0.07124514205046127,0.8373478671678464,-0.059200509481374265,0.7265567876435078,29.0
2025-40,0.060851517537962044,0.8556412715425915,,1.0,23.0
2025-41,0.1794211739041263,0.8626196488909829,0.1326060803352765,0.7802398426555285,43.0
2025-42,-0.000979891569680784,0.7408218705083167,,1.0,84.0
2025-43,0.03889861639423875,0.9067418770627499,,1.0,239.0
2025-44,0.006048263174290384,0.8475391367263901,0.029057797214277904,0.7550175788680759,75.0
2025-45,-0.15502632069049946,0.6821876868739055,-0.1621380189492445,0.9196669559503425,56.0
