topic,sentiment_mean,sentiment_std,subjectivity_mean,subjectivity_std,counting
Causes,0.05628317386453838,0.9208829462004262,0.32316073234102777,0.8964364793674251,91.0
Hazard,0.05008904693837325,0.8295597817556013,,1.0,431.0
Impacts,-0.04245698895349282,0.9839406755995664,-0.021164664758933645,0.8670056209164151,52.0
Mitigation,-0.15111555406912427,0.7756762075273075,,1.0,86.0
