topic,sentiment_mean,sentiment_std,subjectivity_mean,subjectivity_std,counting
Causes,0.09337767764401639,0.908064690072369,0.3296141668387527,0.8989703712672142,89.0
Hazard,0.042375826098303565,0.826277733333305,,1.0,367.0
Impacts,-0.058353552896722956,0.9604850205955094,-0.06343060092755,0.9043671382334376,45.0
Mitigation,-0.1129979636712762,0.7671949142398101,,1.0,78.0
