week,sentiment_mean,sentiment_std,subjectivity_mean,subjectivity_std,counting
2025-38,0.6666666666666666,1.0,0.0,1.0,1.0
2025-39,0.008578643762690508,0.4505918425681839,0.0,0.0,5.0
2025-40,0.39167472590032015,0.5539117094069973,0.0,1.0,2.0
2025-41,0.009108189912272484,0.8067819741106526,0.0,1.0,7.0
2025-42,0.0,0.0,0.0,0.0,4.0
