topic,sentiment_mean,sentiment_std,subjectivity_mean,subjectivity_std,counting
Causes,0.06621688310987855,0.8886959519519844,0.1239037465607982,0.9202279586512441,201.0
Hazard,0.015741995007548193,0.9392017586771899,0.02787699997774143,0.9507284199743906,2651.0
Impacts,-0.0618619516481949,0.9812610740351395,-0.0690826503460257,0.9104927352440169,287.0
Mitigation,-0.05258875135076604,0.9510880145452114,0.09296164563568181,0.9184212006887067,258.0
