topic,sentiment_mean,sentiment_std,subjectivity_mean,subjectivity_std,counting
Causes,0.06486595163229472,0.9124204076304289,0.332064204734262,0.8789816175191066,91.0
Hazard,0.04110021801099516,0.8258821520620727,,1.0,407.0
Impacts,-0.026902239911604252,0.977329518057611,-0.018661020782909862,0.8895154426985854,51.0
Mitigation,-0.11761234266683492,0.7699734154272858,,1.0,79.0
