topic,sentiment_mean,sentiment_std,subjectivity_mean,subjectivity_std,counting
Causes,0.17496705122055053,0.908171070867787,0.10478369551652474,0.9055460177022232,134.0
Hazard,0.003486984219527465,0.9269850079133043,0.02282194030658896,0.9462760731226458,1955.0
Impacts,-0.0851359434683897,0.9719791469169816,-0.050410096321833915,0.940229693932847,178.0
Mitigation,-0.055873433679522556,0.9601189462394197,0.13694626933509554,0.9074649715743408,174.0
