topic,sentiment_mean,sentiment_std,subjectivity_mean,subjectivity_std,counting
Causes,0.09289207138283054,0.8934098600092486,0.34072682908353685,0.888646504695162,89.0
Hazard,0.04242058183508977,0.8276725054190145,,1.0,354.0
Impacts,-0.010930006288124228,0.9345930862898547,-0.0652374556994947,0.9144927210875949,42.0
Mitigation,-0.12477448002327057,0.7707625724771889,,1.0,78.0
