topic,sentiment_mean,sentiment_std,subjectivity_mean,subjectivity_std,counting
Causes,0.11654991795020238,0.8861921994754047,0.10561115564610676,0.9395252231371424,180.0
Hazard,0.011089685431430185,0.9363773936055904,0.025457744206522,0.9457568919411693,2453.0
Impacts,-0.08515970354628324,0.9794411163338166,-0.06832374657044735,0.9047997387607386,240.0
Mitigation,-0.05076830097812052,0.9581591597635123,0.1281593597588857,0.9073788928174297,226.0
