keyword,sentiment_mean,sentiment_std,subjectivity_mean,subjectivity_std,counting
'flooding',0.06302523733610922,0.5941290430352267,0.0,0.0,5.0
'hurricane alert',0.125,0.1767766952966369,0.0,0.0,2.0
'hurricane death',0.7160574202101004,0.04874386090928217,0.0,1.0,4.0
'hurricane',0.0,1.0,0.0,1.0,1.0
'typhoon climate change',0.0,0.0,0.0,0.0,3.0
'typhoon',-0.46817230021357026,0.6701751621271345,0.0,0.0,4.0
