topic,sentiment_mean,sentiment_std,subjectivity_mean,subjectivity_std,counting
Causes,-0.07191939580613581,0.7150930764758896,0.5613008722675884,0.7551085289090422,12.0
Hazard,0.14289173495918364,0.692399565647125,0.09507397708575906,0.7735201335864809,54.0
Impacts,-0.20561297214934451,0.7514120831599451,-0.062137466559897575,0.6380801289436686,22.0
Mitigation,-0.10022128490151537,0.7368304858741133,0.28883588018141987,0.563771028711214,11.0
