topic,sentiment_mean,sentiment_std,subjectivity_mean,subjectivity_std,counting
Causes,0.07547100304228015,0.9014082196730993,0.33499523290017846,0.8886622967205854,91.0
Hazard,0.040882968414113145,0.8250398143700213,,1.0,390.0
Impacts,-0.028990129489823952,0.9724010435252354,-0.06216448625320477,0.9313110859699392,47.0
Mitigation,-0.11749621323101546,0.7774068952889487,,1.0,79.0
