topic,sentiment_mean,sentiment_std,subjectivity_mean,subjectivity_std,counting
Causes,0.13755564737996528,0.9163981999294514,0.08970778955042065,0.9475053985528656,152.0
Hazard,0.008462418096425242,0.9293399967734984,0.022886623644278403,0.9438204699813877,2066.0
Impacts,-0.0956713686953639,0.9841069856760779,-0.03029053253934659,0.9324868921186903,192.0
Mitigation,-0.06677733865550343,0.9571957850452871,0.14424692417185714,0.918996131107041,183.0
