week,sentiment_mean,sentiment_std,subjectivity_mean,subjectivity_std,counting
2025-38,-0.048558122551671586,0.7348622332890907,0.23930511065281368,0.8377382694839935,23.0
2025-39,-0.08414697178090268,0.8210662846850031,-0.060504213601369726,0.7264417153312298,29.0
2025-40,0.0626041692240864,0.8525903259977711,,1.0,23.0
2025-41,0.15321803586452334,0.8650356905801735,0.12282463793515654,0.7942339548451063,43.0
2025-42,-0.03049177311187039,0.7417181841878187,,1.0,83.0
2025-43,0.03528167237497825,0.9018030546700441,,1.0,237.0
2025-44,0.0012768621827372443,0.8478577319013015,0.030508992827908952,0.7591383750642222,73.0
2025-45,-0.0800939286918897,0.6720832885351014,-0.1781187388768681,0.9477316486887666,45.0
