topic,sentiment_mean,sentiment_std,subjectivity_mean,subjectivity_std,counting
Causes,0.13945960992508138,0.9201541158118067,0.09096652332223859,0.9455038246515063,152.0
Hazard,0.00856320550524088,0.9293712278494038,0.022635575182389536,0.9440532721909597,2043.0
Impacts,-0.09216073243738608,0.9819126134288754,-0.0316339680562884,0.93657969446626,190.0
Mitigation,-0.07011885744438713,0.9604826724849148,0.15114659620600004,0.9174418597730227,183.0
