week,sentiment_mean,sentiment_std,subjectivity_mean,subjectivity_std,counting
2025-38,-0.07254026396341043,0.7040258773043313,0.11251744901990789,0.8857234223093974,23.0
2025-39,-0.15973182655199789,0.7812329518572421,-0.09169181090162148,0.6834100538893971,29.0
2025-40,0.07566882026161484,0.8181104670258423,-0.024208980272227697,0.7032166515419456,19.0
2025-41,0.22478449511984894,0.8838814386461915,0.19266208422712944,0.8185824630486579,33.0
2025-42,-0.16095561212569418,0.7002718195277949,0.16442959132767676,0.8959845067672877,65.0
2025-43,0.07104748145008356,0.8646212502077475,0.11550973951884574,0.8693161964901964,174.0
2025-44,-0.023959519449257175,0.717843896871574,-0.07133412127115318,0.6680844648299585,26.0
