topic,sentiment_mean,sentiment_std,subjectivity_mean,subjectivity_std,counting
Causes,0.13154768017178173,0.9056058246702494,0.10024241385484213,0.9437063403792003,156.0
Hazard,0.008903209283721228,0.930855277143829,0.021468316856518507,0.9443921506552494,2161.0
Impacts,-0.10133549924218678,0.9753925445468756,-0.028474350611156034,0.9261670587445292,206.0
Mitigation,-0.053648903822371724,0.9337112554613213,0.16024901265726935,0.9126210707067314,194.0
