topic,sentiment_mean,sentiment_std,subjectivity_mean,subjectivity_std,counting
Causes,0.11013020759709191,0.8981937695166832,0.09594964278050873,0.9392945937119231,161.0
Hazard,0.008098972889562574,0.9382583629006161,0.024293366189570505,0.9460072766993065,2257.0
Impacts,-0.06222343770853221,0.971966900661107,-0.04538284784740423,0.9112094424685752,223.0
Mitigation,-0.046842675859051885,0.9278506232525436,0.15409246566529586,0.9041240924227557,203.0
