topic,sentiment_mean,sentiment_std,subjectivity_mean,subjectivity_std,counting
Causes,0.06234281748176293,0.9042421102259551,0.2746635670450576,0.9108228001118988,93.0
Hazard,0.03944616356310031,0.8465450863611196,,1.0,478.0
Impacts,-0.08380030805787879,0.9988598554948535,0.03010138889584238,0.8541937727357671,54.0
Mitigation,-0.13452020842888182,0.7994586905822212,,1.0,87.0
