topic,sentiment_mean,sentiment_std,subjectivity_mean,subjectivity_std,counting
Causes,0.1441084643169061,0.927752003617033,0.09368990344526176,0.9472017933689066,151.0
Hazard,0.0062532538766373845,0.9288419663445149,0.022282545343523523,0.9438895567214179,1987.0
Impacts,-0.08647658808136381,0.9679740853612282,-0.04000364152104911,0.9372212162984289,181.0
Mitigation,-0.060318723854441675,0.9553810647022491,0.14098270377130315,0.9156190654458997,177.0
