topic,sentiment_mean,sentiment_std,subjectivity_mean,subjectivity_std,counting
Causes,0.0,0.0,0.0,0.0,3.0
Hazard,-0.37453784017085623,0.6169992880762111,0.0,0.0,5.0
Impacts,0.3532617630578831,0.5439156794428381,0.0,0.0,9.0
Mitigation,0.125,0.1767766952966369,0.0,0.0,2.0
