topic,sentiment_mean,sentiment_std,subjectivity_mean,subjectivity_std,counting
Causes,-0.18857270652685437,0.5958862056735011,0.4367175216317443,0.6205902998694093,11.0
Hazard,0.2067704604905856,0.6319100866566382,0.23688758732708443,0.7069396696818762,33.0
Impacts,-0.3624049640646241,0.5578092227897602,-0.06911283317057434,0.6628721088232584,13.0
Mitigation,0.05373015873015874,0.14645339779645772,0.40089947089947087,0.2116345826384363,5.0
