topic,sentiment_mean,sentiment_std,subjectivity_mean,subjectivity_std,counting
Causes,0.07579869261283939,0.9019396958041759,0.27067767660839176,0.9186529720353178,94.0
Hazard,0.03721363531958406,0.8479138640237737,,1.0,499.0
Impacts,-0.058051812970710145,0.9883075975659351,0.040513958369486514,0.8381006812231085,56.0
Mitigation,-0.15844041789994165,0.790865398072575,,1.0,87.0
