topic,sentiment_mean,sentiment_std,subjectivity_mean,subjectivity_std,counting
Causes,0.09636850017083932,0.8869412665531625,0.11536256860125405,0.9297269178367208,188.0
Hazard,0.011403780586593555,0.936015158408378,0.024018580107400697,0.9446511458377059,2524.0
Impacts,-0.0865960471236804,0.9728908725161739,-0.0735417382060682,0.8980757682936586,252.0
Mitigation,-0.056904980750078424,0.9766748118554368,0.11159934009406428,0.924781572040609,239.0
