week,sentiment_mean,sentiment_std,subjectivity_mean,subjectivity_std,counting
2025-38,0.19393694454294802,0.6188524157888939,0.04775007061000276,0.8203537196737892,22.0
2025-39,-0.037394685973269004,0.7848394710402073,0.04339636163244794,0.6121969285052897,24.0
2025-40,0.21100458426276128,0.8585413596591712,0.21222812311984515,0.9294246434849295,7.0
2025-41,0.045866422515960244,0.6854282300392014,0.20133320550245992,0.679325932021835,19.0
2025-42,-0.17660615746741068,0.6969201188310414,0.24175678730152478,0.8343783429630172,23.0
