topic,sentiment_mean,sentiment_std,subjectivity_mean,subjectivity_std,counting
Causes,0.11768962743611845,0.8967956860349727,0.11255283209982092,0.9382732666073861,171.0
Hazard,0.008647426498015942,0.9374385094059463,0.025194326787724923,0.9452677695753061,2378.0
Impacts,-0.05879423836750534,0.9657504454880679,-0.06527329547748296,0.9136862699825791,229.0
Mitigation,-0.04293769499577435,0.9418942213174528,0.13805548486311786,0.9003453466937729,216.0
