topic,sentiment_mean,sentiment_std,subjectivity_mean,subjectivity_std,counting
Causes,0.1410502496371517,0.9264812339265227,0.09335991378498557,0.949378004859253,151.0
Hazard,0.007417853629052907,0.9285204433923095,0.021917726761765222,0.9427093063855716,2002.0
Impacts,-0.09730880044587328,0.9805541014861491,-0.03984895013981192,0.9489610739693616,186.0
Mitigation,-0.06442445116903289,0.9601539831128764,0.15005295105268332,0.9152747206912548,182.0
