week,sentiment_mean,sentiment_std,subjectivity_mean,subjectivity_std,counting
2025-38,-0.05954904727174491,0.769004155104912,0.2203836413128827,0.8680029284803998,23.0
2025-39,-0.05919142843700382,0.8635382788040875,-0.05634555346815764,0.6605059880335076,29.0
2025-40,-0.028235706672050078,0.7740567033112741,,1.0,23.0
2025-41,0.1553409725539917,0.8888265765498091,0.11257567108025102,0.7939687027544724,44.0
2025-42,0.017046236259917847,0.7433463862763424,,1.0,90.0
2025-43,0.022020881787169384,0.9346153322469535,,1.0,242.0
2025-44,0.006451761479186992,0.8143025505111318,-0.0519051919290483,0.7922746946489284,90.0
2025-45,-0.13978376156318784,0.6602453722696005,-0.12346527147456983,0.8872470395706508,69.0
2025-46,0.4376960885641064,0.941467121104178,0.49528601872942757,0.6379944275563411,10.0
