topic,sentiment_mean,sentiment_std,subjectivity_mean,subjectivity_std,counting
Causes,0.12196883139586985,0.8980184760848138,0.07992409265671535,0.913455030374031,173.0
Hazard,0.00459507879532809,0.9306591380549148,0.021570954756836205,0.9461415142652733,1790.0
Impacts,-0.08244626712887015,0.9749407287914034,-0.05995110284346643,0.9356963608587445,152.0
Mitigation,-0.07213015852578314,0.9303487785931934,0.1458806610856342,0.9244698837952865,155.0
