topic,sentiment_mean,sentiment_std,subjectivity_mean,subjectivity_std,counting
Causes,0.1344188231087407,0.9167442444047651,0.09408601665745574,0.9476373179085535,153.0
Hazard,0.008211905266453703,0.9285590895073482,0.023127249956309884,0.9438581040442636,2098.0
Impacts,-0.10120335050653895,0.9835194908245423,-0.026475856587310775,0.9307510709340078,195.0
Mitigation,-0.0626703621561901,0.9487150514169298,0.14731629496657653,0.9112075537363202,188.0
