topic,sentiment_mean,sentiment_std,subjectivity_mean,subjectivity_std,counting
Causes,0.15007364536043372,0.9000865142539326,0.08933367280044495,0.8937846110650275,188.0
Hazard,0.0032909294399558154,0.9274191649166699,0.02260221174851774,0.9468427512912682,1855.0
Impacts,-0.08222872152311912,0.9734211648680547,-0.07964373112324805,0.9518014759657939,165.0
Mitigation,-0.041718167455505266,0.9744384055863179,0.14483547327165736,0.922681997165075,164.0
