topic,sentiment_mean,sentiment_std,subjectivity_mean,subjectivity_std,counting
Causes,0.04553714802809988,0.9070909332261166,0.15280029561799155,0.9017183070591028,122.0
Hazard,0.013564695932068284,0.8997829090373928,,1.0,937.0
Impacts,-0.05909588405664444,1.0351443387845705,-0.02463105469797991,0.8177267828401789,61.0
Mitigation,-0.1392846202765918,0.8220566635723114,,1.0,98.0
