topic,sentiment_mean,sentiment_std,subjectivity_mean,subjectivity_std,counting
Causes,0.1262958241315297,0.8961791217523672,0.1090536521301463,0.9321437567420678,168.0
Hazard,0.00829052519143871,0.9378285675347858,0.02566458909160036,0.9452005341500369,2301.0
Impacts,-0.06347877499759362,0.9706923613258235,-0.055086099352742855,0.9185224103260301,224.0
Mitigation,-0.05382610637432955,0.936228293403235,0.1434316257998931,0.9102015052855552,206.0
