topic,sentiment_mean,sentiment_std,subjectivity_mean,subjectivity_std,counting
Causes,0.1486444207385634,0.8990840355533816,0.08716460561772098,0.8932206958607661,188.0
Hazard,0.0042817106855434234,0.9284688668428938,0.023081341143790103,0.9469151292398544,1888.0
Impacts,-0.08067032285363773,0.969377282516259,-0.07793117743137505,0.9429052099281486,168.0
Mitigation,-0.05383893792090434,0.9737409996022837,0.1499181965585997,0.9179311155587317,166.0
