topic,sentiment_mean,sentiment_std,subjectivity_mean,subjectivity_std,counting
Causes,0.11762294771299102,0.8994227575906502,0.09921441421159315,0.9356122763287038,159.0
Hazard,0.008442684728951638,0.9356689185729613,0.023561201588761203,0.9450181076296199,2222.0
Impacts,-0.06349153004765296,0.9783023686714452,-0.0429210501670863,0.9185821607068522,220.0
Mitigation,-0.058715471993600506,0.939860499400531,0.158312995216562,0.9112991108781451,198.0
