topic,sentiment_mean,sentiment_std,subjectivity_mean,subjectivity_std,counting
Causes,0.11706601831605178,0.8924606011241135,0.11249673809751715,0.9417670001573841,173.0
Hazard,0.010729175252132557,0.9371959068178233,0.02505894587897141,0.9442539233005739,2420.0
Impacts,-0.07055881384247399,0.964020784202758,-0.07171100630383775,0.9100137790448318,233.0
Mitigation,-0.04990602358746213,0.9449175318881947,0.13917292802354048,0.9021338413871574,220.0
