topic,sentiment_mean,sentiment_std,subjectivity_mean,subjectivity_std,counting
Causes,0.07099113859616753,0.885221928306188,0.12773630524699317,0.8912151973885963,149.0
Hazard,0.016636119512343478,0.9286618111116012,0.03288419108601591,0.9314124283397189,1389.0
Impacts,-0.10360817405157584,0.9772889389128027,-0.05887536135692588,0.9250772136171003,120.0
Mitigation,-0.048648755610912586,0.9435031345711274,0.15994136760773936,1.0023956819017408,119.0
