week,sentiment_mean,sentiment_std,subjectivity_mean,subjectivity_std,counting
2025-38,-0.06474394002885288,0.7556858874336867,0.23695030960904767,0.8645052355085999,23.0
2025-39,-0.07058705564518912,0.8411299061277693,-0.05125612551366738,0.7300757291699473,29.0
2025-40,0.0640211844520929,0.8633042198622568,,1.0,23.0
2025-41,0.1738460332108969,0.8729384707814342,0.1247190647314655,0.7786251114734614,44.0
2025-42,8.755855430113864e-05,0.7424412191347767,,1.0,84.0
2025-43,0.042280278233271844,0.9151586289176556,,1.0,239.0
2025-44,-0.012678851328989256,0.8439698474831026,-0.023906098580012483,0.7632107245662895,82.0
2025-45,-0.13852364623130992,0.6651748650560231,-0.11080445014549965,0.8973809179980767,61.0
