topic,sentiment_mean,sentiment_std,subjectivity_mean,subjectivity_std,counting
Causes,0.06284383536393782,0.8903442980201198,0.12661023192621154,0.9189638786867889,202.0
Hazard,0.016471644499497045,0.939530299334273,0.027361222674497667,0.9510340926340473,2690.0
Impacts,-0.06981910799497909,0.9814101420717034,-0.06738052723267109,0.915208782632587,290.0
Mitigation,-0.04755492421883976,0.9514105123614169,0.08494281478074266,0.9145341776934871,261.0
