topic,sentiment_mean,sentiment_std,subjectivity_mean,subjectivity_std,counting
Causes,0.1343179029803043,0.9145081224806568,0.10384491836340541,0.9453393991055901,156.0
Hazard,0.00914502451176879,0.9294167360034158,0.021173247103837108,0.9438212397828238,2153.0
Impacts,-0.09975101375704766,0.9767243807237638,-0.035314760334755696,0.9261052505989372,205.0
Mitigation,-0.055118620377424835,0.9385993786757327,0.16083632642476875,0.9151277746660246,191.0
