topic,sentiment_mean,sentiment_std,subjectivity_mean,subjectivity_std,counting
Causes,0.0875106605673505,0.8851590460631795,0.11307326627894522,0.9254341536841005,193.0
Hazard,0.011688880888746101,0.9389445249177276,0.024375233018266974,0.950818001099843,2572.0
Impacts,-0.06403921595743924,0.9784818349931806,-0.06344811359138047,0.8958789608960065,273.0
Mitigation,-0.04845817811295716,0.9567422649240231,0.10334712920962362,0.9162832049367867,249.0
